# WaveFront *.obj file (generated by Autodesk ATF)

mtllib Tafel.mtl

g Body1

v 16.500000 97.018738 77.915476
v 16.500000 97.186667 78.199555
v 27.722222 97.186667 78.199555
v 38.944444 97.186667 78.199555
v 50.166667 97.186667 78.199555
v 61.388889 97.186667 78.199555
v 72.611111 97.186667 78.199555
v 83.833333 97.186667 78.199555
v 95.055556 97.186667 78.199555
v 106.277778 97.186667 78.199555
v 117.500000 97.186667 78.199555
v 128.722222 97.186667 78.199555
v 139.944444 97.186667 78.199555
v 151.166667 97.186667 78.199555
v 162.388889 97.186667 78.199555
v 173.611111 97.186667 78.199555
v 184.833333 97.186667 78.199555
v 196.055556 97.186667 78.199555
v 207.277778 97.186667 78.199555
v 218.500000 97.186667 78.199555
v 218.500000 97.018738 77.915476
v 207.277778 97.018738 77.915476
v 196.055556 97.018738 77.915476
v 184.833333 97.018738 77.915476
v 173.611111 97.018738 77.915476
v 162.388889 97.018738 77.915476
v 151.166667 97.018738 77.915476
v 139.944444 97.018738 77.915476
v 128.722222 97.018738 77.915476
v 117.500000 97.018738 77.915476
v 106.277778 97.018738 77.915476
v 95.055556 97.018738 77.915476
v 83.833333 97.018738 77.915476
v 72.611111 97.018738 77.915476
v 61.388889 97.018738 77.915476
v 50.166667 97.018738 77.915476
v 38.944444 97.018738 77.915476
v 27.722222 97.018738 77.915476
v 16.500000 91.200000 75.202154
v 16.500000 91.200000 79.500000
v 16.500000 95.700000 79.500000
v 16.500000 96.055914 79.457163
v 16.500000 96.391499 79.331100
v 16.500000 96.687590 79.129011
v 16.500000 96.927274 78.862438
v 16.500000 97.096861 78.546606
v 218.500000 91.200000 75.202154
v 225.000000 91.200000 75.202154
v 225.000000 97.018738 77.915476
v 234.818738 97.018738 77.915476
v 228.566479 90.766479 75.000000
v 217.459831 90.766479 75.000000
v 206.353183 90.766479 75.000000
v 195.246535 90.766479 75.000000
v 184.139888 90.766479 75.000000
v 173.033240 90.766479 75.000000
v 161.926592 90.766479 75.000000
v 150.819944 90.766479 75.000000
v 139.713296 90.766479 75.000000
v 128.606648 90.766479 75.000000
v 117.500000 90.766479 75.000000
v 106.393352 90.766479 75.000000
v 95.286704 90.766479 75.000000
v 84.180056 90.766479 75.000000
v 73.073408 90.766479 75.000000
v 61.966760 90.766479 75.000000
v 50.860112 90.766479 75.000000
v 39.753465 90.766479 75.000000
v 28.646817 90.766479 75.000000
v 17.540169 90.766479 75.000000
v 6.433521 90.766479 75.000000
v 0.181262 97.018738 77.915476
v 10.000000 97.018738 77.915476
v 10.000000 91.200000 75.202154
v 10.000000 0.181262 77.915476
v 10.000000 0.013333 78.199555
v 0.013333 0.013333 78.199555
v 0.181262 0.181262 77.915476
v 0.181262 86.259019 77.915476
v 0.181262 75.499299 77.915476
v 0.181262 64.739579 77.915476
v 0.181262 53.979860 77.915476
v 0.181262 43.220140 77.915476
v 0.181262 32.460421 77.915476
v 0.181262 21.700701 77.915476
v 0.181262 10.940981 77.915476
v 0.013333 10.810370 78.199555
v 0.013333 21.607407 78.199555
v 0.013333 32.404444 78.199555
v 0.013333 43.201481 78.199555
v 0.013333 53.998519 78.199555
v 0.013333 64.795556 78.199555
v 0.013333 75.592593 78.199555
v 0.013333 86.389630 78.199555
v 0.013333 97.186667 78.199555
v 10.000000 97.186667 78.199555
v 0.072926 0.072926 78.462018
v 0.178464 0.178464 78.709607
v 0.326547 0.326547 78.934349
v 0.512410 0.512410 79.129011
v 0.730068 0.730068 79.287325
v 0.972514 0.972514 79.404193
v 1.500000 1.500000 79.500000
v 1.500000 11.966667 79.500000
v 1.500000 22.433333 79.500000
v 1.500000 32.900000 79.500000
v 1.500000 43.366667 79.500000
v 1.500000 53.833333 79.500000
v 1.500000 64.300000 79.500000
v 1.500000 74.766667 79.500000
v 1.500000 85.233333 79.500000
v 1.500000 95.700000 79.500000
v 0.972514 96.227486 79.404193
v 0.730068 96.469932 79.287325
v 0.512410 96.687590 79.129011
v 0.326547 96.873453 78.934349
v 0.178464 97.021536 78.709607
v 0.072926 97.127074 78.462018
v 0.103139 7.488205 78.546606
v 0.103139 14.963077 78.546606
v 0.103139 22.437949 78.546606
v 0.103139 29.912821 78.546606
v 0.103139 37.387692 78.546606
v 0.103139 44.862564 78.546606
v 0.103139 52.337436 78.546606
v 0.103139 59.812308 78.546606
v 0.103139 67.287179 78.546606
v 0.103139 74.762051 78.546606
v 0.103139 82.236923 78.546606
v 0.103139 89.711795 78.546606
v 0.272726 7.488205 78.862438
v 0.272726 14.963077 78.862438
v 0.272726 22.437949 78.862438
v 0.272726 29.912821 78.862438
v 0.272726 37.387692 78.862438
v 0.272726 44.862564 78.862438
v 0.272726 52.337436 78.862438
v 0.272726 59.812308 78.862438
v 0.272726 67.287179 78.862438
v 0.272726 74.762051 78.862438
v 0.272726 82.236923 78.862438
v 0.272726 89.711795 78.862438
v 0.512410 7.488205 79.129011
v 0.512410 14.963077 79.129011
v 0.512410 22.437949 79.129011
v 0.512410 29.912821 79.129011
v 0.512410 37.387692 79.129011
v 0.512410 44.862564 79.129011
v 0.512410 52.337436 79.129011
v 0.512410 59.812308 79.129011
v 0.512410 67.287179 79.129011
v 0.512410 74.762051 79.129011
v 0.512410 82.236923 79.129011
v 0.512410 89.711795 79.129011
v 0.808501 7.488205 79.331100
v 0.808501 14.963077 79.331100
v 0.808501 22.437949 79.331100
v 0.808501 29.912821 79.331100
v 0.808501 37.387692 79.331100
v 0.808501 44.862564 79.331100
v 0.808501 52.337436 79.331100
v 0.808501 59.812308 79.331100
v 0.808501 67.287179 79.331100
v 0.808501 74.762051 79.331100
v 0.808501 82.236923 79.331100
v 0.808501 89.711795 79.331100
v 1.144086 7.488205 79.457163
v 1.144086 14.963077 79.457163
v 1.144086 22.437949 79.457163
v 1.144086 29.912821 79.457163
v 1.144086 37.387692 79.457163
v 1.144086 44.862564 79.457163
v 1.144086 52.337436 79.457163
v 1.144086 59.812308 79.457163
v 1.144086 67.287179 79.457163
v 1.144086 74.762051 79.457163
v 1.144086 82.236923 79.457163
v 1.144086 89.711795 79.457163
v 10.000000 0.103139 78.546606
v 10.000000 0.272726 78.862438
v 10.000000 0.512410 79.129011
v 10.000000 0.808501 79.331100
v 10.000000 1.144086 79.457163
v 10.000000 1.500000 79.500000
v 5.006667 0.103139 78.546606
v 5.006667 0.272726 78.862438
v 5.006667 0.512410 79.129011
v 5.006667 0.808501 79.331100
v 5.006667 1.144086 79.457163
v 10.000000 6.000000 75.202154
v 10.000000 6.000000 79.500000
v 6.433521 6.433521 75.000000
v 17.540169 6.433521 75.000000
v 28.646817 6.433521 75.000000
v 39.753465 6.433521 75.000000
v 50.860112 6.433521 75.000000
v 61.966760 6.433521 75.000000
v 73.073408 6.433521 75.000000
v 84.180056 6.433521 75.000000
v 95.286704 6.433521 75.000000
v 106.393352 6.433521 75.000000
v 117.500000 6.433521 75.000000
v 128.606648 6.433521 75.000000
v 139.713296 6.433521 75.000000
v 150.819944 6.433521 75.000000
v 161.926592 6.433521 75.000000
v 173.033240 6.433521 75.000000
v 184.139888 6.433521 75.000000
v 195.246535 6.433521 75.000000
v 206.353183 6.433521 75.000000
v 217.459831 6.433521 75.000000
v 228.566479 6.433521 75.000000
v 234.818738 0.181262 77.915476
v 225.000000 0.181262 77.915476
v 225.000000 6.000000 75.202154
v 218.500000 6.000000 75.202154
v 218.500000 0.181262 77.915476
v 207.277778 0.181262 77.915476
v 196.055556 0.181262 77.915476
v 184.833333 0.181262 77.915476
v 173.611111 0.181262 77.915476
v 162.388889 0.181262 77.915476
v 151.166667 0.181262 77.915476
v 139.944444 0.181262 77.915476
v 128.722222 0.181262 77.915476
v 117.500000 0.181262 77.915476
v 106.277778 0.181262 77.915476
v 95.055556 0.181262 77.915476
v 83.833333 0.181262 77.915476
v 72.611111 0.181262 77.915476
v 61.388889 0.181262 77.915476
v 50.166667 0.181262 77.915476
v 38.944444 0.181262 77.915476
v 27.722222 0.181262 77.915476
v 16.500000 0.181262 77.915476
v 16.500000 6.000000 75.202154
v 218.500000 0.013333 78.199555
v 207.277778 0.013333 78.199555
v 196.055556 0.013333 78.199555
v 184.833333 0.013333 78.199555
v 173.611111 0.013333 78.199555
v 162.388889 0.013333 78.199555
v 151.166667 0.013333 78.199555
v 139.944444 0.013333 78.199555
v 128.722222 0.013333 78.199555
v 117.500000 0.013333 78.199555
v 106.277778 0.013333 78.199555
v 95.055556 0.013333 78.199555
v 83.833333 0.013333 78.199555
v 72.611111 0.013333 78.199555
v 61.388889 0.013333 78.199555
v 50.166667 0.013333 78.199555
v 38.944444 0.013333 78.199555
v 27.722222 0.013333 78.199555
v 16.500000 0.013333 78.199555
v 218.500000 6.000000 79.500000
v 218.500000 1.500000 79.500000
v 218.500000 1.144086 79.457163
v 218.500000 0.808501 79.331100
v 218.500000 0.512410 79.129011
v 218.500000 0.272726 78.862438
v 218.500000 0.103139 78.546606
v 225.000000 97.186667 78.199555
v 234.986667 97.186667 78.199555
v 234.818738 10.940981 77.915476
v 234.818738 21.700701 77.915476
v 234.818738 32.460421 77.915476
v 234.818738 43.220140 77.915476
v 234.818738 53.979860 77.915476
v 234.818738 64.739579 77.915476
v 234.818738 75.499299 77.915476
v 234.818738 86.259019 77.915476
v 234.986667 86.389630 78.199555
v 234.986667 75.592593 78.199555
v 234.986667 64.795556 78.199555
v 234.986667 53.998519 78.199555
v 234.986667 43.201481 78.199555
v 234.986667 32.404444 78.199555
v 234.986667 21.607407 78.199555
v 234.986667 10.810370 78.199555
v 234.986667 0.013333 78.199555
v 225.000000 0.013333 78.199555
v 225.000000 0.103139 78.546606
v 225.000000 0.272726 78.862438
v 225.000000 0.512410 79.129011
v 225.000000 0.808501 79.331100
v 225.000000 1.144086 79.457163
v 225.000000 1.500000 79.500000
v 225.000000 6.000000 79.500000
v 234.927074 0.072926 78.462018
v 234.821536 0.178464 78.709607
v 234.673453 0.326547 78.934349
v 234.487590 0.512410 79.129011
v 234.269932 0.730068 79.287325
v 234.027486 0.972514 79.404193
v 233.500000 1.500000 79.500000
v 229.993333 0.103139 78.546606
v 229.993333 0.272726 78.862438
v 229.993333 0.512410 79.129011
v 229.993333 0.808501 79.331100
v 229.993333 1.144086 79.457163
v 234.927074 97.127074 78.462018
v 234.821536 97.021536 78.709607
v 234.673453 96.873453 78.934349
v 234.487590 96.687590 79.129011
v 234.269932 96.469932 79.287325
v 234.027486 96.227486 79.404193
v 233.500000 95.700000 79.500000
v 233.500000 85.233333 79.500000
v 233.500000 74.766667 79.500000
v 233.500000 64.300000 79.500000
v 233.500000 53.833333 79.500000
v 233.500000 43.366667 79.500000
v 233.500000 32.900000 79.500000
v 233.500000 22.433333 79.500000
v 233.500000 11.966667 79.500000
v 234.896861 89.711795 78.546606
v 234.896861 82.236923 78.546606
v 234.896861 74.762051 78.546606
v 234.896861 67.287179 78.546606
v 234.896861 59.812308 78.546606
v 234.896861 52.337436 78.546606
v 234.896861 44.862564 78.546606
v 234.896861 37.387692 78.546606
v 234.896861 29.912821 78.546606
v 234.896861 22.437949 78.546606
v 234.896861 14.963077 78.546606
v 234.896861 7.488205 78.546606
v 234.727274 89.711795 78.862438
v 234.727274 82.236923 78.862438
v 234.727274 74.762051 78.862438
v 234.727274 67.287179 78.862438
v 234.727274 59.812308 78.862438
v 234.727274 52.337436 78.862438
v 234.727274 44.862564 78.862438
v 234.727274 37.387692 78.862438
v 234.727274 29.912821 78.862438
v 234.727274 22.437949 78.862438
v 234.727274 14.963077 78.862438
v 234.727274 7.488205 78.862438
v 234.487590 89.711795 79.129011
v 234.487590 82.236923 79.129011
v 234.487590 74.762051 79.129011
v 234.487590 67.287179 79.129011
v 234.487590 59.812308 79.129011
v 234.487590 52.337436 79.129011
v 234.487590 44.862564 79.129011
v 234.487590 37.387692 79.129011
v 234.487590 29.912821 79.129011
v 234.487590 22.437949 79.129011
v 234.487590 14.963077 79.129011
v 234.487590 7.488205 79.129011
v 234.191499 89.711795 79.331100
v 234.191499 82.236923 79.331100
v 234.191499 74.762051 79.331100
v 234.191499 67.287179 79.331100
v 234.191499 59.812308 79.331100
v 234.191499 52.337436 79.331100
v 234.191499 44.862564 79.331100
v 234.191499 37.387692 79.331100
v 234.191499 29.912821 79.331100
v 234.191499 22.437949 79.331100
v 234.191499 14.963077 79.331100
v 234.191499 7.488205 79.331100
v 233.855914 89.711795 79.457163
v 233.855914 82.236923 79.457163
v 233.855914 74.762051 79.457163
v 233.855914 67.287179 79.457163
v 233.855914 59.812308 79.457163
v 233.855914 52.337436 79.457163
v 233.855914 44.862564 79.457163
v 233.855914 37.387692 79.457163
v 233.855914 29.912821 79.457163
v 233.855914 22.437949 79.457163
v 233.855914 14.963077 79.457163
v 233.855914 7.488205 79.457163
v 225.000000 97.096861 78.546606
v 225.000000 96.927274 78.862438
v 225.000000 96.687590 79.129011
v 225.000000 96.391499 79.331100
v 225.000000 96.055914 79.457163
v 225.000000 95.700000 79.500000
v 229.993333 97.096861 78.546606
v 229.993333 96.927274 78.862438
v 229.993333 96.687590 79.129011
v 229.993333 96.391499 79.331100
v 229.993333 96.055914 79.457163
v 228.566479 16.975141 75.000000
v 228.566479 27.516760 75.000000
v 228.566479 38.058380 75.000000
v 228.566479 48.600000 75.000000
v 228.566479 59.141620 75.000000
v 228.566479 69.683240 75.000000
v 228.566479 80.224859 75.000000
v 6.433521 16.975141 75.000000
v 6.433521 27.516760 75.000000
v 6.433521 38.058380 75.000000
v 6.433521 48.600000 75.000000
v 6.433521 59.141620 75.000000
v 6.433521 69.683240 75.000000
v 6.433521 80.224859 75.000000
v 217.459831 80.224859 75.000000
v 206.353183 80.224859 75.000000
v 195.246535 80.224859 75.000000
v 184.139888 80.224859 75.000000
v 173.033240 80.224859 75.000000
v 161.926592 80.224859 75.000000
v 150.819944 80.224859 75.000000
v 139.713296 80.224859 75.000000
v 128.606648 80.224859 75.000000
v 117.500000 80.224859 75.000000
v 106.393352 80.224859 75.000000
v 95.286704 80.224859 75.000000
v 84.180056 80.224859 75.000000
v 73.073408 80.224859 75.000000
v 61.966760 80.224859 75.000000
v 50.860112 80.224859 75.000000
v 39.753465 80.224859 75.000000
v 28.646817 80.224859 75.000000
v 17.540169 80.224859 75.000000
v 217.459831 69.683240 75.000000
v 206.353183 69.683240 75.000000
v 195.246535 69.683240 75.000000
v 184.139888 69.683240 75.000000
v 173.033240 69.683240 75.000000
v 161.926592 69.683240 75.000000
v 150.819944 69.683240 75.000000
v 139.713296 69.683240 75.000000
v 128.606648 69.683240 75.000000
v 117.500000 69.683240 75.000000
v 106.393352 69.683240 75.000000
v 95.286704 69.683240 75.000000
v 84.180056 69.683240 75.000000
v 73.073408 69.683240 75.000000
v 61.966760 69.683240 75.000000
v 50.860112 69.683240 75.000000
v 39.753465 69.683240 75.000000
v 28.646817 69.683240 75.000000
v 17.540169 69.683240 75.000000
v 217.459831 59.141620 75.000000
v 206.353183 59.141620 75.000000
v 195.246535 59.141620 75.000000
v 184.139888 59.141620 75.000000
v 173.033240 59.141620 75.000000
v 161.926592 59.141620 75.000000
v 150.819944 59.141620 75.000000
v 139.713296 59.141620 75.000000
v 128.606648 59.141620 75.000000
v 117.500000 59.141620 75.000000
v 106.393352 59.141620 75.000000
v 95.286704 59.141620 75.000000
v 84.180056 59.141620 75.000000
v 73.073408 59.141620 75.000000
v 61.966760 59.141620 75.000000
v 50.860112 59.141620 75.000000
v 39.753465 59.141620 75.000000
v 28.646817 59.141620 75.000000
v 17.540169 59.141620 75.000000
v 217.459831 48.600000 75.000000
v 206.353183 48.600000 75.000000
v 195.246535 48.600000 75.000000
v 184.139888 48.600000 75.000000
v 173.033240 48.600000 75.000000
v 161.926592 48.600000 75.000000
v 150.819944 48.600000 75.000000
v 139.713296 48.600000 75.000000
v 128.606648 48.600000 75.000000
v 117.500000 48.600000 75.000000
v 106.393352 48.600000 75.000000
v 95.286704 48.600000 75.000000
v 84.180056 48.600000 75.000000
v 73.073408 48.600000 75.000000
v 61.966760 48.600000 75.000000
v 50.860112 48.600000 75.000000
v 39.753465 48.600000 75.000000
v 28.646817 48.600000 75.000000
v 17.540169 48.600000 75.000000
v 217.459831 38.058380 75.000000
v 206.353183 38.058380 75.000000
v 195.246535 38.058380 75.000000
v 184.139888 38.058380 75.000000
v 173.033240 38.058380 75.000000
v 161.926592 38.058380 75.000000
v 150.819944 38.058380 75.000000
v 139.713296 38.058380 75.000000
v 128.606648 38.058380 75.000000
v 117.500000 38.058380 75.000000
v 106.393352 38.058380 75.000000
v 95.286704 38.058380 75.000000
v 84.180056 38.058380 75.000000
v 73.073408 38.058380 75.000000
v 61.966760 38.058380 75.000000
v 50.860112 38.058380 75.000000
v 39.753465 38.058380 75.000000
v 28.646817 38.058380 75.000000
v 17.540169 38.058380 75.000000
v 217.459831 27.516760 75.000000
v 206.353183 27.516760 75.000000
v 195.246535 27.516760 75.000000
v 184.139888 27.516760 75.000000
v 173.033240 27.516760 75.000000
v 161.926592 27.516760 75.000000
v 150.819944 27.516760 75.000000
v 139.713296 27.516760 75.000000
v 128.606648 27.516760 75.000000
v 117.500000 27.516760 75.000000
v 106.393352 27.516760 75.000000
v 95.286704 27.516760 75.000000
v 84.180056 27.516760 75.000000
v 73.073408 27.516760 75.000000
v 61.966760 27.516760 75.000000
v 50.860112 27.516760 75.000000
v 39.753465 27.516760 75.000000
v 28.646817 27.516760 75.000000
v 17.540169 27.516760 75.000000
v 217.459831 16.975141 75.000000
v 206.353183 16.975141 75.000000
v 195.246535 16.975141 75.000000
v 184.139888 16.975141 75.000000
v 173.033240 16.975141 75.000000
v 161.926592 16.975141 75.000000
v 150.819944 16.975141 75.000000
v 139.713296 16.975141 75.000000
v 128.606648 16.975141 75.000000
v 117.500000 16.975141 75.000000
v 106.393352 16.975141 75.000000
v 95.286704 16.975141 75.000000
v 84.180056 16.975141 75.000000
v 73.073408 16.975141 75.000000
v 61.966760 16.975141 75.000000
v 50.860112 16.975141 75.000000
v 39.753465 16.975141 75.000000
v 28.646817 16.975141 75.000000
v 17.540169 16.975141 75.000000
v 218.500000 97.096861 78.546606
v 218.500000 96.927274 78.862438
v 218.500000 96.687590 79.129011
v 218.500000 96.391499 79.331100
v 218.500000 96.055914 79.457163
v 218.500000 95.700000 79.500000
v 218.500000 91.200000 79.500000
v 10.000000 91.200000 79.500000
v 10.000000 97.096861 78.546606
v 10.000000 96.927274 78.862438
v 10.000000 96.687590 79.129011
v 10.000000 96.391499 79.331100
v 10.000000 96.055914 79.457163
v 10.000000 95.700000 79.500000
v 16.500000 6.000000 79.500000
v 16.500000 0.103139 78.546606
v 16.500000 0.272726 78.862438
v 16.500000 0.512410 79.129011
v 16.500000 0.808501 79.331100
v 16.500000 1.144086 79.457163
v 16.500000 1.500000 79.500000
v 225.000000 91.200000 79.500000
v 207.277778 95.700000 79.500000
v 196.055556 95.700000 79.500000
v 184.833333 95.700000 79.500000
v 173.611111 95.700000 79.500000
v 162.388889 95.700000 79.500000
v 151.166667 95.700000 79.500000
v 139.944444 95.700000 79.500000
v 128.722222 95.700000 79.500000
v 117.500000 95.700000 79.500000
v 106.277778 95.700000 79.500000
v 95.055556 95.700000 79.500000
v 83.833333 95.700000 79.500000
v 72.611111 95.700000 79.500000
v 61.388889 95.700000 79.500000
v 50.166667 95.700000 79.500000
v 38.944444 95.700000 79.500000
v 27.722222 95.700000 79.500000
v 27.722222 1.500000 79.500000
v 38.944444 1.500000 79.500000
v 50.166667 1.500000 79.500000
v 61.388889 1.500000 79.500000
v 72.611111 1.500000 79.500000
v 83.833333 1.500000 79.500000
v 95.055556 1.500000 79.500000
v 106.277778 1.500000 79.500000
v 117.500000 1.500000 79.500000
v 128.722222 1.500000 79.500000
v 139.944444 1.500000 79.500000
v 151.166667 1.500000 79.500000
v 162.388889 1.500000 79.500000
v 173.611111 1.500000 79.500000
v 184.833333 1.500000 79.500000
v 196.055556 1.500000 79.500000
v 207.277778 1.500000 79.500000
v 222.452381 11.966667 79.500000
v 211.404762 11.966667 79.500000
v 200.357143 11.966667 79.500000
v 189.309524 11.966667 79.500000
v 178.261905 11.966667 79.500000
v 167.214286 11.966667 79.500000
v 156.166667 11.966667 79.500000
v 145.119048 11.966667 79.500000
v 134.071429 11.966667 79.500000
v 123.023810 11.966667 79.500000
v 111.976190 11.966667 79.500000
v 100.928571 11.966667 79.500000
v 89.880952 11.966667 79.500000
v 78.833333 11.966667 79.500000
v 67.785714 11.966667 79.500000
v 56.738095 11.966667 79.500000
v 45.690476 11.966667 79.500000
v 34.642857 11.966667 79.500000
v 23.595238 11.966667 79.500000
v 12.547619 11.966667 79.500000
v 222.452381 22.433333 79.500000
v 211.404762 22.433333 79.500000
v 200.357143 22.433333 79.500000
v 189.309524 22.433333 79.500000
v 178.261905 22.433333 79.500000
v 167.214286 22.433333 79.500000
v 156.166667 22.433333 79.500000
v 145.119048 22.433333 79.500000
v 134.071429 22.433333 79.500000
v 123.023810 22.433333 79.500000
v 111.976190 22.433333 79.500000
v 100.928571 22.433333 79.500000
v 89.880952 22.433333 79.500000
v 78.833333 22.433333 79.500000
v 67.785714 22.433333 79.500000
v 56.738095 22.433333 79.500000
v 45.690476 22.433333 79.500000
v 34.642857 22.433333 79.500000
v 23.595238 22.433333 79.500000
v 12.547619 22.433333 79.500000
v 222.452381 32.900000 79.500000
v 211.404762 32.900000 79.500000
v 200.357143 32.900000 79.500000
v 189.309524 32.900000 79.500000
v 178.261905 32.900000 79.500000
v 167.214286 32.900000 79.500000
v 156.166667 32.900000 79.500000
v 145.119048 32.900000 79.500000
v 134.071429 32.900000 79.500000
v 123.023810 32.900000 79.500000
v 111.976190 32.900000 79.500000
v 100.928571 32.900000 79.500000
v 89.880952 32.900000 79.500000
v 78.833333 32.900000 79.500000
v 67.785714 32.900000 79.500000
v 56.738095 32.900000 79.500000
v 45.690476 32.900000 79.500000
v 34.642857 32.900000 79.500000
v 23.595238 32.900000 79.500000
v 12.547619 32.900000 79.500000
v 222.452381 43.366667 79.500000
v 211.404762 43.366667 79.500000
v 200.357143 43.366667 79.500000
v 189.309524 43.366667 79.500000
v 178.261905 43.366667 79.500000
v 167.214286 43.366667 79.500000
v 156.166667 43.366667 79.500000
v 145.119048 43.366667 79.500000
v 134.071429 43.366667 79.500000
v 123.023810 43.366667 79.500000
v 111.976190 43.366667 79.500000
v 100.928571 43.366667 79.500000
v 89.880952 43.366667 79.500000
v 78.833333 43.366667 79.500000
v 67.785714 43.366667 79.500000
v 56.738095 43.366667 79.500000
v 45.690476 43.366667 79.500000
v 34.642857 43.366667 79.500000
v 23.595238 43.366667 79.500000
v 12.547619 43.366667 79.500000
v 222.452381 53.833333 79.500000
v 211.404762 53.833333 79.500000
v 200.357143 53.833333 79.500000
v 189.309524 53.833333 79.500000
v 178.261905 53.833333 79.500000
v 167.214286 53.833333 79.500000
v 156.166667 53.833333 79.500000
v 145.119048 53.833333 79.500000
v 134.071429 53.833333 79.500000
v 123.023810 53.833333 79.500000
v 111.976190 53.833333 79.500000
v 100.928571 53.833333 79.500000
v 89.880952 53.833333 79.500000
v 78.833333 53.833333 79.500000
v 67.785714 53.833333 79.500000
v 56.738095 53.833333 79.500000
v 45.690476 53.833333 79.500000
v 34.642857 53.833333 79.500000
v 23.595238 53.833333 79.500000
v 12.547619 53.833333 79.500000
v 222.452381 64.300000 79.500000
v 211.404762 64.300000 79.500000
v 200.357143 64.300000 79.500000
v 189.309524 64.300000 79.500000
v 178.261905 64.300000 79.500000
v 167.214286 64.300000 79.500000
v 156.166667 64.300000 79.500000
v 145.119048 64.300000 79.500000
v 134.071429 64.300000 79.500000
v 123.023810 64.300000 79.500000
v 111.976190 64.300000 79.500000
v 100.928571 64.300000 79.500000
v 89.880952 64.300000 79.500000
v 78.833333 64.300000 79.500000
v 67.785714 64.300000 79.500000
v 56.738095 64.300000 79.500000
v 45.690476 64.300000 79.500000
v 34.642857 64.300000 79.500000
v 23.595238 64.300000 79.500000
v 12.547619 64.300000 79.500000
v 222.452381 74.766667 79.500000
v 211.404762 74.766667 79.500000
v 200.357143 74.766667 79.500000
v 189.309524 74.766667 79.500000
v 178.261905 74.766667 79.500000
v 167.214286 74.766667 79.500000
v 156.166667 74.766667 79.500000
v 145.119048 74.766667 79.500000
v 134.071429 74.766667 79.500000
v 123.023810 74.766667 79.500000
v 111.976190 74.766667 79.500000
v 100.928571 74.766667 79.500000
v 89.880952 74.766667 79.500000
v 78.833333 74.766667 79.500000
v 67.785714 74.766667 79.500000
v 56.738095 74.766667 79.500000
v 45.690476 74.766667 79.500000
v 34.642857 74.766667 79.500000
v 23.595238 74.766667 79.500000
v 12.547619 74.766667 79.500000
v 222.452381 85.233333 79.500000
v 211.404762 85.233333 79.500000
v 200.357143 85.233333 79.500000
v 189.309524 85.233333 79.500000
v 178.261905 85.233333 79.500000
v 167.214286 85.233333 79.500000
v 156.166667 85.233333 79.500000
v 145.119048 85.233333 79.500000
v 134.071429 85.233333 79.500000
v 123.023810 85.233333 79.500000
v 111.976190 85.233333 79.500000
v 100.928571 85.233333 79.500000
v 89.880952 85.233333 79.500000
v 78.833333 85.233333 79.500000
v 67.785714 85.233333 79.500000
v 56.738095 85.233333 79.500000
v 45.690476 85.233333 79.500000
v 34.642857 85.233333 79.500000
v 23.595238 85.233333 79.500000
v 12.547619 85.233333 79.500000
v 23.981481 97.096861 78.546606
v 31.462963 97.096861 78.546606
v 38.944444 97.096861 78.546606
v 46.425926 97.096861 78.546606
v 53.907407 97.096861 78.546606
v 61.388889 97.096861 78.546606
v 68.870370 97.096861 78.546606
v 76.351852 97.096861 78.546606
v 83.833333 97.096861 78.546606
v 91.314815 97.096861 78.546606
v 98.796296 97.096861 78.546606
v 106.277778 97.096861 78.546606
v 113.759259 97.096861 78.546606
v 121.240741 97.096861 78.546606
v 128.722222 97.096861 78.546606
v 136.203704 97.096861 78.546606
v 143.685185 97.096861 78.546606
v 151.166667 97.096861 78.546606
v 158.648148 97.096861 78.546606
v 166.129630 97.096861 78.546606
v 173.611111 97.096861 78.546606
v 181.092593 97.096861 78.546606
v 188.574074 97.096861 78.546606
v 196.055556 97.096861 78.546606
v 203.537037 97.096861 78.546606
v 211.018519 97.096861 78.546606
v 23.981481 96.927274 78.862438
v 31.462963 96.927274 78.862438
v 38.944444 96.927274 78.862438
v 46.425926 96.927274 78.862438
v 53.907407 96.927274 78.862438
v 61.388889 96.927274 78.862438
v 68.870370 96.927274 78.862438
v 76.351852 96.927274 78.862438
v 83.833333 96.927274 78.862438
v 91.314815 96.927274 78.862438
v 98.796296 96.927274 78.862438
v 106.277778 96.927274 78.862438
v 113.759259 96.927274 78.862438
v 121.240741 96.927274 78.862438
v 128.722222 96.927274 78.862438
v 136.203704 96.927274 78.862438
v 143.685185 96.927274 78.862438
v 151.166667 96.927274 78.862438
v 158.648148 96.927274 78.862438
v 166.129630 96.927274 78.862438
v 173.611111 96.927274 78.862438
v 181.092593 96.927274 78.862438
v 188.574074 96.927274 78.862438
v 196.055556 96.927274 78.862438
v 203.537037 96.927274 78.862438
v 211.018519 96.927274 78.862438
v 23.981481 96.687590 79.129011
v 31.462963 96.687590 79.129011
v 38.944444 96.687590 79.129011
v 46.425926 96.687590 79.129011
v 53.907407 96.687590 79.129011
v 61.388889 96.687590 79.129011
v 68.870370 96.687590 79.129011
v 76.351852 96.687590 79.129011
v 83.833333 96.687590 79.129011
v 91.314815 96.687590 79.129011
v 98.796296 96.687590 79.129011
v 106.277778 96.687590 79.129011
v 113.759259 96.687590 79.129011
v 121.240741 96.687590 79.129011
v 128.722222 96.687590 79.129011
v 136.203704 96.687590 79.129011
v 143.685185 96.687590 79.129011
v 151.166667 96.687590 79.129011
v 158.648148 96.687590 79.129011
v 166.129630 96.687590 79.129011
v 173.611111 96.687590 79.129011
v 181.092593 96.687590 79.129011
v 188.574074 96.687590 79.129011
v 196.055556 96.687590 79.129011
v 203.537037 96.687590 79.129011
v 211.018519 96.687590 79.129011
v 23.981481 96.391499 79.331100
v 31.462963 96.391499 79.331100
v 38.944444 96.391499 79.331100
v 46.425926 96.391499 79.331100
v 53.907407 96.391499 79.331100
v 61.388889 96.391499 79.331100
v 68.870370 96.391499 79.331100
v 76.351852 96.391499 79.331100
v 83.833333 96.391499 79.331100
v 91.314815 96.391499 79.331100
v 98.796296 96.391499 79.331100
v 106.277778 96.391499 79.331100
v 113.759259 96.391499 79.331100
v 121.240741 96.391499 79.331100
v 128.722222 96.391499 79.331100
v 136.203704 96.391499 79.331100
v 143.685185 96.391499 79.331100
v 151.166667 96.391499 79.331100
v 158.648148 96.391499 79.331100
v 166.129630 96.391499 79.331100
v 173.611111 96.391499 79.331100
v 181.092593 96.391499 79.331100
v 188.574074 96.391499 79.331100
v 196.055556 96.391499 79.331100
v 203.537037 96.391499 79.331100
v 211.018519 96.391499 79.331100
v 23.981481 96.055914 79.457163
v 31.462963 96.055914 79.457163
v 38.944444 96.055914 79.457163
v 46.425926 96.055914 79.457163
v 53.907407 96.055914 79.457163
v 61.388889 96.055914 79.457163
v 68.870370 96.055914 79.457163
v 76.351852 96.055914 79.457163
v 83.833333 96.055914 79.457163
v 91.314815 96.055914 79.457163
v 98.796296 96.055914 79.457163
v 106.277778 96.055914 79.457163
v 113.759259 96.055914 79.457163
v 121.240741 96.055914 79.457163
v 128.722222 96.055914 79.457163
v 136.203704 96.055914 79.457163
v 143.685185 96.055914 79.457163
v 151.166667 96.055914 79.457163
v 158.648148 96.055914 79.457163
v 166.129630 96.055914 79.457163
v 173.611111 96.055914 79.457163
v 181.092593 96.055914 79.457163
v 188.574074 96.055914 79.457163
v 196.055556 96.055914 79.457163
v 203.537037 96.055914 79.457163
v 211.018519 96.055914 79.457163
v 211.018519 0.103139 78.546606
v 203.537037 0.103139 78.546606
v 196.055556 0.103139 78.546606
v 188.574074 0.103139 78.546606
v 181.092593 0.103139 78.546606
v 173.611111 0.103139 78.546606
v 166.129630 0.103139 78.546606
v 158.648148 0.103139 78.546606
v 151.166667 0.103139 78.546606
v 143.685185 0.103139 78.546606
v 136.203704 0.103139 78.546606
v 128.722222 0.103139 78.546606
v 121.240741 0.103139 78.546606
v 113.759259 0.103139 78.546606
v 106.277778 0.103139 78.546606
v 98.796296 0.103139 78.546606
v 91.314815 0.103139 78.546606
v 83.833333 0.103139 78.546606
v 76.351852 0.103139 78.546606
v 68.870370 0.103139 78.546606
v 61.388889 0.103139 78.546606
v 53.907407 0.103139 78.546606
v 46.425926 0.103139 78.546606
v 38.944444 0.103139 78.546606
v 31.462963 0.103139 78.546606
v 23.981481 0.103139 78.546606
v 211.018519 0.272726 78.862438
v 203.537037 0.272726 78.862438
v 196.055556 0.272726 78.862438
v 188.574074 0.272726 78.862438
v 181.092593 0.272726 78.862438
v 173.611111 0.272726 78.862438
v 166.129630 0.272726 78.862438
v 158.648148 0.272726 78.862438
v 151.166667 0.272726 78.862438
v 143.685185 0.272726 78.862438
v 136.203704 0.272726 78.862438
v 128.722222 0.272726 78.862438
v 121.240741 0.272726 78.862438
v 113.759259 0.272726 78.862438
v 106.277778 0.272726 78.862438
v 98.796296 0.272726 78.862438
v 91.314815 0.272726 78.862438
v 83.833333 0.272726 78.862438
v 76.351852 0.272726 78.862438
v 68.870370 0.272726 78.862438
v 61.388889 0.272726 78.862438
v 53.907407 0.272726 78.862438
v 46.425926 0.272726 78.862438
v 38.944444 0.272726 78.862438
v 31.462963 0.272726 78.862438
v 23.981481 0.272726 78.862438
v 211.018519 0.512410 79.129011
v 203.537037 0.512410 79.129011
v 196.055556 0.512410 79.129011
v 188.574074 0.512410 79.129011
v 181.092593 0.512410 79.129011
v 173.611111 0.512410 79.129011
v 166.129630 0.512410 79.129011
v 158.648148 0.512410 79.129011
v 151.166667 0.512410 79.129011
v 143.685185 0.512410 79.129011
v 136.203704 0.512410 79.129011
v 128.722222 0.512410 79.129011
v 121.240741 0.512410 79.129011
v 113.759259 0.512410 79.129011
v 106.277778 0.512410 79.129011
v 98.796296 0.512410 79.129011
v 91.314815 0.512410 79.129011
v 83.833333 0.512410 79.129011
v 76.351852 0.512410 79.129011
v 68.870370 0.512410 79.129011
v 61.388889 0.512410 79.129011
v 53.907407 0.512410 79.129011
v 46.425926 0.512410 79.129011
v 38.944444 0.512410 79.129011
v 31.462963 0.512410 79.129011
v 23.981481 0.512410 79.129011
v 211.018519 0.808501 79.331100
v 203.537037 0.808501 79.331100
v 196.055556 0.808501 79.331100
v 188.574074 0.808501 79.331100
v 181.092593 0.808501 79.331100
v 173.611111 0.808501 79.331100
v 166.129630 0.808501 79.331100
v 158.648148 0.808501 79.331100
v 151.166667 0.808501 79.331100
v 143.685185 0.808501 79.331100
v 136.203704 0.808501 79.331100
v 128.722222 0.808501 79.331100
v 121.240741 0.808501 79.331100
v 113.759259 0.808501 79.331100
v 106.277778 0.808501 79.331100
v 98.796296 0.808501 79.331100
v 91.314815 0.808501 79.331100
v 83.833333 0.808501 79.331100
v 76.351852 0.808501 79.331100
v 68.870370 0.808501 79.331100
v 61.388889 0.808501 79.331100
v 53.907407 0.808501 79.331100
v 46.425926 0.808501 79.331100
v 38.944444 0.808501 79.331100
v 31.462963 0.808501 79.331100
v 23.981481 0.808501 79.331100
v 211.018519 1.144086 79.457163
v 203.537037 1.144086 79.457163
v 196.055556 1.144086 79.457163
v 188.574074 1.144086 79.457163
v 181.092593 1.144086 79.457163
v 173.611111 1.144086 79.457163
v 166.129630 1.144086 79.457163
v 158.648148 1.144086 79.457163
v 151.166667 1.144086 79.457163
v 143.685185 1.144086 79.457163
v 136.203704 1.144086 79.457163
v 128.722222 1.144086 79.457163
v 121.240741 1.144086 79.457163
v 113.759259 1.144086 79.457163
v 106.277778 1.144086 79.457163
v 98.796296 1.144086 79.457163
v 91.314815 1.144086 79.457163
v 83.833333 1.144086 79.457163
v 76.351852 1.144086 79.457163
v 68.870370 1.144086 79.457163
v 61.388889 1.144086 79.457163
v 53.907407 1.144086 79.457163
v 46.425926 1.144086 79.457163
v 38.944444 1.144086 79.457163
v 31.462963 1.144086 79.457163
v 23.981481 1.144086 79.457163
v 5.006667 97.096861 78.546606
v 5.006667 96.927274 78.862438
v 5.006667 96.687590 79.129011
v 5.006667 96.391499 79.331100
v 5.006667 96.055914 79.457163
vt 159.750000 0.165000 0.000000
vt 148.527778 0.165000 0.000000
vt 159.750000 -0.165000 0.000000
vt 148.527778 -0.165000 0.000000
vt 137.305556 0.165000 0.000000
vt 137.305556 -0.165000 0.000000
vt 126.083333 0.165000 0.000000
vt 126.083333 -0.165000 0.000000
vt 114.861111 0.165000 0.000000
vt 114.861111 -0.165000 0.000000
vt 103.638889 0.165000 0.000000
vt 103.638889 -0.165000 0.000000
vt 92.416667 0.165000 0.000000
vt 92.416667 -0.165000 0.000000
vt 81.194444 0.165000 0.000000
vt 81.194444 -0.165000 0.000000
vt 69.972222 0.165000 0.000000
vt 69.972222 -0.165000 0.000000
vt 58.750000 0.165000 0.000000
vt 58.750000 -0.165000 0.000000
vt 47.527778 0.165000 0.000000
vt 47.527778 -0.165000 0.000000
vt 36.305556 0.165000 0.000000
vt 36.305556 -0.165000 0.000000
vt 25.083333 0.165000 0.000000
vt 25.083333 -0.165000 0.000000
vt 13.861111 0.165000 0.000000
vt 13.861111 -0.165000 0.000000
vt 2.638889 0.165000 0.000000
vt 2.638889 -0.165000 0.000000
vt -8.583333 0.165000 0.000000
vt -8.583333 -0.165000 0.000000
vt -19.805556 0.165000 0.000000
vt -19.805556 -0.165000 0.000000
vt -31.027778 0.165000 0.000000
vt -31.027778 -0.165000 0.000000
vt -42.250000 0.165000 0.000000
vt -42.250000 -0.165000 0.000000
vt 0.013333 6.199555 0.000000
vt 0.181262 5.915476 0.000000
vt 0.103139 6.546606 0.000000
vt 0.272726 6.862438 0.000000
vt 1.500000 7.500000 0.000000
vt 0.512410 7.129011 0.000000
vt 0.808501 7.331100 0.000000
vt 1.144086 7.457163 0.000000
vt 6.000000 3.202154 0.000000
vt 6.000000 7.500000 0.000000
vt 159.750000 -3.070965 0.000000
vt 159.750000 3.349302 0.000000
vt 158.709831 -3.549302 0.000000
vt 148.527778 3.349302 0.000000
vt 147.603183 -3.549302 0.000000
vt 137.305556 3.349302 0.000000
vt 136.496535 -3.549302 0.000000
vt 126.083333 3.349302 0.000000
vt 125.389888 -3.549302 0.000000
vt 114.861111 3.349302 0.000000
vt 114.283240 -3.549302 0.000000
vt 103.638889 3.349302 0.000000
vt 103.176592 -3.549302 0.000000
vt 92.416667 3.349302 0.000000
vt 92.069944 -3.549302 0.000000
vt 81.194444 3.349302 0.000000
vt 80.963296 -3.549302 0.000000
vt 69.972222 3.349302 0.000000
vt 69.856648 -3.549302 0.000000
vt 58.750000 3.349302 0.000000
vt 58.750000 -3.549302 0.000000
vt 47.643352 -3.549302 0.000000
vt 47.527778 3.349302 0.000000
vt 36.536704 -3.549302 0.000000
vt 36.305556 3.349302 0.000000
vt 25.430056 -3.549302 0.000000
vt 25.083333 3.349302 0.000000
vt 14.323408 -3.549302 0.000000
vt 13.861111 3.349302 0.000000
vt 3.216760 -3.549302 0.000000
vt 2.638889 3.349302 0.000000
vt -7.889888 -3.549302 0.000000
vt -8.583333 3.349302 0.000000
vt -18.996535 -3.549302 0.000000
vt -19.805556 3.349302 0.000000
vt -30.103183 -3.549302 0.000000
vt -31.027778 3.349302 0.000000
vt -41.209831 -3.549302 0.000000
vt -42.250000 3.349302 0.000000
vt -42.250000 -3.070965 0.000000
vt -48.750000 -3.070965 0.000000
vt -52.316479 -3.549302 0.000000
vt -48.750000 3.349302 0.000000
vt -58.568738 3.349302 0.000000
vt 166.250000 -3.070965 0.000000
vt 169.816479 -3.549302 0.000000
vt 166.250000 3.349302 0.000000
vt 176.068738 3.349302 0.000000
vt 48.750000 0.165000 0.000000
vt 48.750000 -0.165000 0.000000
vt 58.568738 0.165000 0.000000
vt 58.736667 -0.165000 0.000000
vt 0.165000 24.286667 0.000000
vt -0.165000 24.118738 0.000000
vt 0.165000 13.489630 0.000000
vt -0.165000 13.359019 0.000000
vt 0.165000 2.692593 0.000000
vt -0.165000 2.599299 0.000000
vt 0.165000 -8.104444 0.000000
vt -0.165000 -8.160421 0.000000
vt 0.165000 -18.901481 0.000000
vt -0.165000 -18.920140 0.000000
vt -0.165000 -29.679860 0.000000
vt 0.165000 -29.698519 0.000000
vt -0.165000 -40.439579 0.000000
vt 0.165000 -40.495556 0.000000
vt -0.165000 -51.199299 0.000000
vt 0.165000 -51.292593 0.000000
vt -0.165000 -61.959019 0.000000
vt 0.165000 -62.089630 0.000000
vt -0.165000 -72.718738 0.000000
vt 0.165000 -72.886667 0.000000
vt 166.250000 -0.165000 0.000000
vt 176.068738 -0.165000 0.000000
vt 166.250000 0.165000 0.000000
vt 176.236667 0.165000 0.000000
vt 24.286667 0.977949 0.000000
vt 13.489630 0.977949 0.000000
vt 24.227074 0.708443 0.000000
vt 16.811795 0.618608 0.000000
vt 24.121536 0.438937 0.000000
vt 16.811795 0.259267 0.000000
vt 23.973453 0.169432 0.000000
vt 16.811795 -0.100074 0.000000
vt 23.787590 -0.100074 0.000000
vt 23.569932 -0.369580 0.000000
vt 16.811795 -0.459415 0.000000
vt 23.327486 -0.639086 0.000000
vt 16.811795 -0.818756 0.000000
vt 22.800000 -1.178097 0.000000
vt 12.333333 -1.178097 0.000000
vt 9.336923 -0.818756 0.000000
vt 1.866667 -1.178097 0.000000
vt 1.862051 -0.818756 0.000000
vt -5.612821 -0.818756 0.000000
vt -5.612821 -0.459415 0.000000
vt -13.087692 -0.459415 0.000000
vt -13.087692 -0.100074 0.000000
vt -20.562564 -0.100074 0.000000
vt -20.562564 0.259267 0.000000
vt -28.037436 0.259267 0.000000
vt -28.037436 0.618608 0.000000
vt -35.512308 0.618608 0.000000
vt -29.698519 0.977949 0.000000
vt -40.495556 0.977949 0.000000
vt 9.336923 0.618608 0.000000
vt 2.692593 0.977949 0.000000
vt 1.862051 0.618608 0.000000
vt -5.612821 0.618608 0.000000
vt 1.862051 0.259267 0.000000
vt -5.612821 0.259267 0.000000
vt 1.862051 -0.100074 0.000000
vt -5.612821 -0.100074 0.000000
vt 1.862051 -0.459415 0.000000
vt -8.104444 0.977949 0.000000
vt -13.087692 0.618608 0.000000
vt -13.087692 0.259267 0.000000
vt -18.901481 0.977949 0.000000
vt -20.562564 0.618608 0.000000
vt -42.987179 0.618608 0.000000
vt -51.292593 0.977949 0.000000
vt -50.462051 0.618608 0.000000
vt -57.936923 0.618608 0.000000
vt -50.462051 0.259267 0.000000
vt -57.936923 0.259267 0.000000
vt -50.462051 -0.100074 0.000000
vt -57.936923 -0.100074 0.000000
vt -50.462051 -0.459415 0.000000
vt -57.936923 -0.459415 0.000000
vt -50.462051 -0.818756 0.000000
vt -57.936923 -0.818756 0.000000
vt -50.466667 -1.178097 0.000000
vt -60.933333 -1.178097 0.000000
vt -65.411795 -0.818756 0.000000
vt -71.400000 -1.178097 0.000000
vt -71.927486 -0.639086 0.000000
vt -65.411795 -0.459415 0.000000
vt -72.169932 -0.369580 0.000000
vt -65.411795 -0.100074 0.000000
vt -72.387590 -0.100074 0.000000
vt -72.573453 0.169432 0.000000
vt -65.411795 0.259267 0.000000
vt -72.721536 0.438937 0.000000
vt -65.411795 0.618608 0.000000
vt -72.827074 0.708443 0.000000
vt -72.886667 0.977949 0.000000
vt -62.089630 0.977949 0.000000
vt -42.987179 -0.818756 0.000000
vt -40.000000 -1.178097 0.000000
vt -35.512308 -0.818756 0.000000
vt -29.533333 -1.178097 0.000000
vt -28.037436 -0.818756 0.000000
vt -19.066667 -1.178097 0.000000
vt -20.562564 -0.818756 0.000000
vt -13.087692 -0.818756 0.000000
vt -20.562564 -0.459415 0.000000
vt -8.600000 -1.178097 0.000000
vt -42.987179 0.259267 0.000000
vt -42.987179 -0.100074 0.000000
vt -42.987179 -0.459415 0.000000
vt -35.512308 0.259267 0.000000
vt -35.512308 -0.100074 0.000000
vt -35.512308 -0.459415 0.000000
vt 9.336923 0.259267 0.000000
vt 9.336923 -0.100074 0.000000
vt 9.336923 -0.459415 0.000000
vt -28.037436 -0.100074 0.000000
vt -28.037436 -0.459415 0.000000
vt 58.736667 0.977949 0.000000
vt 48.750000 0.977949 0.000000
vt 58.677074 0.708443 0.000000
vt 53.743333 0.618608 0.000000
vt 58.571536 0.438937 0.000000
vt 53.743333 0.259267 0.000000
vt 58.423453 0.169432 0.000000
vt 53.743333 -0.100074 0.000000
vt 58.237590 -0.100074 0.000000
vt 58.019932 -0.369580 0.000000
vt 53.743333 -0.459415 0.000000
vt 57.777486 -0.639086 0.000000
vt 53.743333 -0.818756 0.000000
vt 57.250000 -1.178097 0.000000
vt 48.750000 -1.178097 0.000000
vt 48.750000 -0.818756 0.000000
vt 48.750000 -0.459415 0.000000
vt 48.750000 -0.100074 0.000000
vt 48.750000 0.259267 0.000000
vt 48.750000 0.618608 0.000000
vt -78.199555 -3.986667 0.000000
vt -77.915476 -3.818738 0.000000
vt -78.546606 -3.896861 0.000000
vt -78.862438 -3.727274 0.000000
vt -79.129011 -3.487590 0.000000
vt -79.331100 -3.191499 0.000000
vt -79.457163 -2.855914 0.000000
vt -79.500000 -2.500000 0.000000
vt -75.202154 2.000000 0.000000
vt -79.500000 2.000000 0.000000
vt 58.568738 -3.349302 0.000000
vt 52.316479 3.549302 0.000000
vt 48.750000 -3.349302 0.000000
vt 48.750000 3.070965 0.000000
vt 41.209831 3.549302 0.000000
vt 42.250000 3.070965 0.000000
vt 42.250000 -3.349302 0.000000
vt 31.027778 -3.349302 0.000000
vt 30.103183 3.549302 0.000000
vt 19.805556 -3.349302 0.000000
vt 18.996535 3.549302 0.000000
vt 8.583333 -3.349302 0.000000
vt 7.889888 3.549302 0.000000
vt -2.638889 -3.349302 0.000000
vt -3.216760 3.549302 0.000000
vt -13.861111 -3.349302 0.000000
vt -14.323408 3.549302 0.000000
vt -25.083333 -3.349302 0.000000
vt -25.430056 3.549302 0.000000
vt -36.305556 -3.349302 0.000000
vt -36.536704 3.549302 0.000000
vt -47.527778 -3.349302 0.000000
vt -47.643352 3.549302 0.000000
vt -58.750000 -3.349302 0.000000
vt -58.750000 3.549302 0.000000
vt -69.856648 3.549302 0.000000
vt -69.972222 -3.349302 0.000000
vt -80.963296 3.549302 0.000000
vt -81.194444 -3.349302 0.000000
vt -92.069944 3.549302 0.000000
vt -92.416667 -3.349302 0.000000
vt -103.176592 3.549302 0.000000
vt -103.638889 -3.349302 0.000000
vt -114.283240 3.549302 0.000000
vt -114.861111 -3.349302 0.000000
vt -125.389888 3.549302 0.000000
vt -126.083333 -3.349302 0.000000
vt -136.496535 3.549302 0.000000
vt -137.305556 -3.349302 0.000000
vt -147.603183 3.549302 0.000000
vt -148.527778 -3.349302 0.000000
vt -158.709831 3.549302 0.000000
vt -159.750000 -3.349302 0.000000
vt -159.750000 3.070965 0.000000
vt -166.250000 3.070965 0.000000
vt -169.816479 3.549302 0.000000
vt -166.250000 -3.349302 0.000000
vt -176.068738 -3.349302 0.000000
vt -159.750000 -0.165000 0.000000
vt -148.527778 -0.165000 0.000000
vt -159.750000 0.165000 0.000000
vt -148.527778 0.165000 0.000000
vt -137.305556 -0.165000 0.000000
vt -137.305556 0.165000 0.000000
vt -126.083333 -0.165000 0.000000
vt -126.083333 0.165000 0.000000
vt -114.861111 -0.165000 0.000000
vt -114.861111 0.165000 0.000000
vt -103.638889 -0.165000 0.000000
vt -103.638889 0.165000 0.000000
vt -92.416667 -0.165000 0.000000
vt -92.416667 0.165000 0.000000
vt -81.194444 -0.165000 0.000000
vt -81.194444 0.165000 0.000000
vt -69.972222 -0.165000 0.000000
vt -69.972222 0.165000 0.000000
vt -58.750000 -0.165000 0.000000
vt -58.750000 0.165000 0.000000
vt -47.527778 -0.165000 0.000000
vt -47.527778 0.165000 0.000000
vt -36.305556 -0.165000 0.000000
vt -36.305556 0.165000 0.000000
vt -25.083333 -0.165000 0.000000
vt -25.083333 0.165000 0.000000
vt -13.861111 -0.165000 0.000000
vt -13.861111 0.165000 0.000000
vt -2.638889 -0.165000 0.000000
vt -2.638889 0.165000 0.000000
vt 8.583333 -0.165000 0.000000
vt 8.583333 0.165000 0.000000
vt 19.805556 -0.165000 0.000000
vt 19.805556 0.165000 0.000000
vt 31.027778 -0.165000 0.000000
vt 31.027778 0.165000 0.000000
vt 42.250000 -0.165000 0.000000
vt 42.250000 0.165000 0.000000
vt 0.013333 6.199555 0.000000
vt 0.181262 5.915476 0.000000
vt 0.103139 6.546606 0.000000
vt 0.272726 6.862438 0.000000
vt 1.500000 7.500000 0.000000
vt 0.512410 7.129011 0.000000
vt 0.808501 7.331100 0.000000
vt 1.144086 7.457163 0.000000
vt 6.000000 3.202154 0.000000
vt 6.000000 7.500000 0.000000
vt -48.750000 -0.165000 0.000000
vt -48.750000 0.165000 0.000000
vt -58.568738 -0.165000 0.000000
vt -58.736667 0.165000 0.000000
vt -0.165000 -24.286667 0.000000
vt 0.165000 -24.118738 0.000000
vt -0.165000 -13.489630 0.000000
vt 0.165000 -13.359019 0.000000
vt -0.165000 -2.692593 0.000000
vt 0.165000 -2.599299 0.000000
vt -0.165000 8.104444 0.000000
vt 0.165000 8.160421 0.000000
vt -0.165000 18.901481 0.000000
vt 0.165000 18.920140 0.000000
vt 0.165000 29.679860 0.000000
vt -0.165000 29.698519 0.000000
vt 0.165000 40.439579 0.000000
vt -0.165000 40.495556 0.000000
vt 0.165000 51.199299 0.000000
vt -0.165000 51.292593 0.000000
vt 0.165000 61.959019 0.000000
vt -0.165000 62.089630 0.000000
vt 0.165000 72.718738 0.000000
vt -0.165000 72.886667 0.000000
vt -166.250000 0.165000 0.000000
vt -176.068738 0.165000 0.000000
vt -166.250000 -0.165000 0.000000
vt -176.236667 -0.165000 0.000000
vt 78.199555 -3.986667 0.000000
vt 78.546606 -3.896861 0.000000
vt 77.915476 -3.818738 0.000000
vt 78.862438 -3.727274 0.000000
vt 79.129011 -3.487590 0.000000
vt 79.331100 -3.191499 0.000000
vt 79.457163 -2.855914 0.000000
vt 79.500000 -2.500000 0.000000
vt 79.500000 2.000000 0.000000
vt 75.202154 2.000000 0.000000
vt -166.250000 0.618608 0.000000
vt -166.250000 0.977949 0.000000
vt -171.243333 0.618608 0.000000
vt -176.236667 0.977949 0.000000
vt -176.177074 0.708443 0.000000
vt -176.071536 0.438937 0.000000
vt -171.243333 0.259267 0.000000
vt -166.250000 0.259267 0.000000
vt -166.250000 -0.100074 0.000000
vt -171.243333 -0.100074 0.000000
vt -166.250000 -0.459415 0.000000
vt -171.243333 -0.459415 0.000000
vt -166.250000 -0.818756 0.000000
vt -171.243333 -0.818756 0.000000
vt -166.250000 -1.178097 0.000000
vt -174.750000 -1.178097 0.000000
vt -175.277486 -0.639086 0.000000
vt -175.519932 -0.369580 0.000000
vt -175.737590 -0.100074 0.000000
vt -175.923453 0.169432 0.000000
vt 24.286667 0.977949 0.000000
vt 13.489630 0.977949 0.000000
vt 24.227074 0.708443 0.000000
vt 16.811795 0.618608 0.000000
vt 24.121536 0.438937 0.000000
vt 16.811795 0.259267 0.000000
vt 23.973453 0.169432 0.000000
vt 16.811795 -0.100074 0.000000
vt 23.787590 -0.100074 0.000000
vt 23.569932 -0.369580 0.000000
vt 16.811795 -0.459415 0.000000
vt 23.327486 -0.639086 0.000000
vt 16.811795 -0.818756 0.000000
vt 22.800000 -1.178097 0.000000
vt 12.333333 -1.178097 0.000000
vt 9.336923 -0.818756 0.000000
vt 1.866667 -1.178097 0.000000
vt 1.862051 -0.818756 0.000000
vt -5.612821 -0.818756 0.000000
vt -5.612821 -0.459415 0.000000
vt -13.087692 -0.459415 0.000000
vt -13.087692 -0.100074 0.000000
vt -20.562564 -0.100074 0.000000
vt -20.562564 0.259267 0.000000
vt -28.037436 0.259267 0.000000
vt -28.037436 0.618608 0.000000
vt -35.512308 0.618608 0.000000
vt -29.698519 0.977949 0.000000
vt -40.495556 0.977949 0.000000
vt 9.336923 0.618608 0.000000
vt 2.692593 0.977949 0.000000
vt 1.862051 0.618608 0.000000
vt -5.612821 0.618608 0.000000
vt 1.862051 0.259267 0.000000
vt -5.612821 0.259267 0.000000
vt 1.862051 -0.100074 0.000000
vt -5.612821 -0.100074 0.000000
vt 1.862051 -0.459415 0.000000
vt -8.104444 0.977949 0.000000
vt -13.087692 0.618608 0.000000
vt -13.087692 0.259267 0.000000
vt -18.901481 0.977949 0.000000
vt -20.562564 0.618608 0.000000
vt -42.987179 0.618608 0.000000
vt -51.292593 0.977949 0.000000
vt -50.462051 0.618608 0.000000
vt -57.936923 0.618608 0.000000
vt -50.462051 0.259267 0.000000
vt -57.936923 0.259267 0.000000
vt -50.462051 -0.100074 0.000000
vt -57.936923 -0.100074 0.000000
vt -50.462051 -0.459415 0.000000
vt -57.936923 -0.459415 0.000000
vt -50.462051 -0.818756 0.000000
vt -57.936923 -0.818756 0.000000
vt -50.466667 -1.178097 0.000000
vt -60.933333 -1.178097 0.000000
vt -65.411795 -0.818756 0.000000
vt -71.400000 -1.178097 0.000000
vt -71.927486 -0.639086 0.000000
vt -65.411795 -0.459415 0.000000
vt -72.169932 -0.369580 0.000000
vt -65.411795 -0.100074 0.000000
vt -72.387590 -0.100074 0.000000
vt -72.573453 0.169432 0.000000
vt -65.411795 0.259267 0.000000
vt -72.721536 0.438937 0.000000
vt -65.411795 0.618608 0.000000
vt -72.827074 0.708443 0.000000
vt -72.886667 0.977949 0.000000
vt -62.089630 0.977949 0.000000
vt -42.987179 -0.818756 0.000000
vt -40.000000 -1.178097 0.000000
vt -35.512308 -0.818756 0.000000
vt -29.533333 -1.178097 0.000000
vt -28.037436 -0.818756 0.000000
vt -19.066667 -1.178097 0.000000
vt -20.562564 -0.818756 0.000000
vt -13.087692 -0.818756 0.000000
vt -20.562564 -0.459415 0.000000
vt -8.600000 -1.178097 0.000000
vt -42.987179 0.259267 0.000000
vt -42.987179 -0.100074 0.000000
vt -42.987179 -0.459415 0.000000
vt -35.512308 0.259267 0.000000
vt -35.512308 -0.100074 0.000000
vt -35.512308 -0.459415 0.000000
vt 9.336923 0.259267 0.000000
vt 9.336923 -0.100074 0.000000
vt 9.336923 -0.459415 0.000000
vt -28.037436 -0.100074 0.000000
vt -28.037436 -0.459415 0.000000
vt 58.736667 0.977949 0.000000
vt 48.750000 0.977949 0.000000
vt 58.677074 0.708443 0.000000
vt 53.743333 0.618608 0.000000
vt 58.571536 0.438937 0.000000
vt 53.743333 0.259267 0.000000
vt 58.423453 0.169432 0.000000
vt 53.743333 -0.100074 0.000000
vt 58.237590 -0.100074 0.000000
vt 58.019932 -0.369580 0.000000
vt 53.743333 -0.459415 0.000000
vt 57.777486 -0.639086 0.000000
vt 53.743333 -0.818756 0.000000
vt 57.250000 -1.178097 0.000000
vt 48.750000 -1.178097 0.000000
vt 48.750000 -0.818756 0.000000
vt 48.750000 -0.459415 0.000000
vt 48.750000 -0.100074 0.000000
vt 48.750000 0.259267 0.000000
vt 48.750000 0.618608 0.000000
vt -3.349302 72.718738 0.000000
vt -3.349302 61.959019 0.000000
vt 3.549302 66.466479 0.000000
vt 3.549302 55.924859 0.000000
vt -3.349302 51.199299 0.000000
vt 3.549302 45.383240 0.000000
vt -3.349302 40.439579 0.000000
vt 3.549302 34.841620 0.000000
vt -3.349302 29.679860 0.000000
vt 3.549302 24.300000 0.000000
vt -3.349302 18.920140 0.000000
vt 3.549302 13.758380 0.000000
vt -3.349302 8.160421 0.000000
vt 3.549302 3.216760 0.000000
vt -3.349302 -2.599299 0.000000
vt 3.549302 -7.324859 0.000000
vt -3.349302 -13.359019 0.000000
vt 3.549302 -17.866479 0.000000
vt -3.349302 -24.118738 0.000000
vt -99.959831 42.166479 0.000000
vt -111.066479 42.166479 0.000000
vt -99.959831 31.624859 0.000000
vt -111.066479 31.624859 0.000000
vt -99.959831 21.083240 0.000000
vt -111.066479 21.083240 0.000000
vt -99.959831 10.541620 0.000000
vt -111.066479 10.541620 0.000000
vt -99.959831 0.000000 0.000000
vt -111.066479 0.000000 0.000000
vt -99.959831 -10.541620 0.000000
vt -111.066479 -10.541620 0.000000
vt -99.959831 -21.083240 0.000000
vt -111.066479 -21.083240 0.000000
vt -99.959831 -31.624859 0.000000
vt -111.066479 -31.624859 0.000000
vt -99.959831 -42.166479 0.000000
vt -111.066479 -42.166479 0.000000
vt -88.853183 -42.166479 0.000000
vt -88.853183 -31.624859 0.000000
vt -88.853183 -21.083240 0.000000
vt -88.853183 -10.541620 0.000000
vt -88.853183 0.000000 0.000000
vt -88.853183 10.541620 0.000000
vt -88.853183 21.083240 0.000000
vt -88.853183 31.624859 0.000000
vt -88.853183 42.166479 0.000000
vt -77.746535 31.624859 0.000000
vt -77.746535 42.166479 0.000000
vt -66.639888 31.624859 0.000000
vt -66.639888 42.166479 0.000000
vt -55.533240 31.624859 0.000000
vt -55.533240 42.166479 0.000000
vt -44.426592 31.624859 0.000000
vt -44.426592 42.166479 0.000000
vt -33.319944 31.624859 0.000000
vt -33.319944 42.166479 0.000000
vt -22.213296 31.624859 0.000000
vt -22.213296 42.166479 0.000000
vt -11.106648 31.624859 0.000000
vt -11.106648 42.166479 0.000000
vt 0.000000 31.624859 0.000000
vt 0.000000 42.166479 0.000000
vt 11.106648 31.624859 0.000000
vt 11.106648 42.166479 0.000000
vt 22.213296 31.624859 0.000000
vt 22.213296 42.166479 0.000000
vt 33.319944 31.624859 0.000000
vt 33.319944 42.166479 0.000000
vt 44.426592 31.624859 0.000000
vt 44.426592 42.166479 0.000000
vt 55.533240 31.624859 0.000000
vt 55.533240 42.166479 0.000000
vt 66.639888 31.624859 0.000000
vt 66.639888 42.166479 0.000000
vt 77.746535 31.624859 0.000000
vt 77.746535 42.166479 0.000000
vt 88.853183 31.624859 0.000000
vt 88.853183 42.166479 0.000000
vt 99.959831 31.624859 0.000000
vt 99.959831 42.166479 0.000000
vt 111.066479 31.624859 0.000000
vt 111.066479 42.166479 0.000000
vt -77.746535 -42.166479 0.000000
vt -77.746535 -31.624859 0.000000
vt -77.746535 -21.083240 0.000000
vt -77.746535 -10.541620 0.000000
vt -77.746535 0.000000 0.000000
vt -77.746535 10.541620 0.000000
vt -77.746535 21.083240 0.000000
vt -66.639888 -42.166479 0.000000
vt -66.639888 -31.624859 0.000000
vt -66.639888 -21.083240 0.000000
vt -66.639888 -10.541620 0.000000
vt -66.639888 0.000000 0.000000
vt -66.639888 10.541620 0.000000
vt -66.639888 21.083240 0.000000
vt -55.533240 -42.166479 0.000000
vt -55.533240 -31.624859 0.000000
vt -55.533240 -21.083240 0.000000
vt -55.533240 -10.541620 0.000000
vt -55.533240 0.000000 0.000000
vt -55.533240 10.541620 0.000000
vt -55.533240 21.083240 0.000000
vt -44.426592 -42.166479 0.000000
vt -44.426592 -31.624859 0.000000
vt -44.426592 -21.083240 0.000000
vt -44.426592 -10.541620 0.000000
vt -44.426592 0.000000 0.000000
vt -44.426592 10.541620 0.000000
vt -44.426592 21.083240 0.000000
vt -33.319944 -42.166479 0.000000
vt -33.319944 -31.624859 0.000000
vt -33.319944 -21.083240 0.000000
vt -33.319944 -10.541620 0.000000
vt -33.319944 0.000000 0.000000
vt -33.319944 10.541620 0.000000
vt -33.319944 21.083240 0.000000
vt -22.213296 -42.166479 0.000000
vt -22.213296 -31.624859 0.000000
vt -22.213296 -21.083240 0.000000
vt -22.213296 -10.541620 0.000000
vt -22.213296 0.000000 0.000000
vt -22.213296 10.541620 0.000000
vt -22.213296 21.083240 0.000000
vt -11.106648 -42.166479 0.000000
vt -11.106648 -31.624859 0.000000
vt -11.106648 -21.083240 0.000000
vt -11.106648 -10.541620 0.000000
vt -11.106648 0.000000 0.000000
vt -11.106648 10.541620 0.000000
vt -11.106648 21.083240 0.000000
vt 0.000000 -42.166479 0.000000
vt 0.000000 -31.624859 0.000000
vt 0.000000 -21.083240 0.000000
vt 0.000000 -10.541620 0.000000
vt 0.000000 0.000000 0.000000
vt 0.000000 10.541620 0.000000
vt 0.000000 21.083240 0.000000
vt 11.106648 -42.166479 0.000000
vt 11.106648 -31.624859 0.000000
vt 11.106648 -21.083240 0.000000
vt 11.106648 -10.541620 0.000000
vt 11.106648 0.000000 0.000000
vt 11.106648 10.541620 0.000000
vt 11.106648 21.083240 0.000000
vt 22.213296 -42.166479 0.000000
vt 22.213296 -31.624859 0.000000
vt 22.213296 -21.083240 0.000000
vt 22.213296 -10.541620 0.000000
vt 22.213296 0.000000 0.000000
vt 22.213296 10.541620 0.000000
vt 22.213296 21.083240 0.000000
vt 33.319944 -42.166479 0.000000
vt 33.319944 -31.624859 0.000000
vt 33.319944 -21.083240 0.000000
vt 33.319944 -10.541620 0.000000
vt 33.319944 0.000000 0.000000
vt 33.319944 10.541620 0.000000
vt 33.319944 21.083240 0.000000
vt 44.426592 -42.166479 0.000000
vt 44.426592 -31.624859 0.000000
vt 44.426592 -21.083240 0.000000
vt 44.426592 -10.541620 0.000000
vt 44.426592 0.000000 0.000000
vt 44.426592 10.541620 0.000000
vt 44.426592 21.083240 0.000000
vt 55.533240 -42.166479 0.000000
vt 55.533240 -31.624859 0.000000
vt 55.533240 -21.083240 0.000000
vt 55.533240 -10.541620 0.000000
vt 55.533240 0.000000 0.000000
vt 55.533240 10.541620 0.000000
vt 55.533240 21.083240 0.000000
vt 66.639888 -42.166479 0.000000
vt 66.639888 -31.624859 0.000000
vt 66.639888 -21.083240 0.000000
vt 66.639888 -10.541620 0.000000
vt 66.639888 0.000000 0.000000
vt 66.639888 10.541620 0.000000
vt 66.639888 21.083240 0.000000
vt 77.746535 -42.166479 0.000000
vt 77.746535 -31.624859 0.000000
vt 77.746535 -21.083240 0.000000
vt 77.746535 -10.541620 0.000000
vt 77.746535 0.000000 0.000000
vt 77.746535 10.541620 0.000000
vt 77.746535 21.083240 0.000000
vt 88.853183 -42.166479 0.000000
vt 88.853183 -31.624859 0.000000
vt 88.853183 -21.083240 0.000000
vt 88.853183 -10.541620 0.000000
vt 88.853183 0.000000 0.000000
vt 88.853183 10.541620 0.000000
vt 88.853183 21.083240 0.000000
vt 99.959831 -42.166479 0.000000
vt 99.959831 -31.624859 0.000000
vt 99.959831 -21.083240 0.000000
vt 99.959831 -10.541620 0.000000
vt 99.959831 0.000000 0.000000
vt 99.959831 10.541620 0.000000
vt 99.959831 21.083240 0.000000
vt 111.066479 -42.166479 0.000000
vt 111.066479 -31.624859 0.000000
vt 111.066479 -21.083240 0.000000
vt 111.066479 -10.541620 0.000000
vt 111.066479 0.000000 0.000000
vt 111.066479 10.541620 0.000000
vt 111.066479 21.083240 0.000000
vt 3.349302 -72.718738 0.000000
vt 3.349302 -61.959019 0.000000
vt -3.549302 -66.466479 0.000000
vt -3.549302 -55.924859 0.000000
vt 3.349302 -51.199299 0.000000
vt -3.549302 -45.383240 0.000000
vt 3.349302 -40.439579 0.000000
vt -3.549302 -34.841620 0.000000
vt 3.349302 -29.679860 0.000000
vt -3.549302 -24.300000 0.000000
vt 3.349302 -18.920140 0.000000
vt -3.549302 -13.758380 0.000000
vt 3.349302 -8.160421 0.000000
vt -3.549302 -3.216760 0.000000
vt 3.349302 2.599299 0.000000
vt -3.549302 7.324859 0.000000
vt 3.349302 13.359019 0.000000
vt -3.549302 17.866479 0.000000
vt 3.349302 24.118738 0.000000
vt -0.013333 6.199555 0.000000
vt -0.103139 6.546606 0.000000
vt -0.181262 5.915476 0.000000
vt -0.272726 6.862438 0.000000
vt -1.500000 7.500000 0.000000
vt -0.512410 7.129011 0.000000
vt -0.808501 7.331100 0.000000
vt -1.144086 7.457163 0.000000
vt -6.000000 7.500000 0.000000
vt -6.000000 3.202154 0.000000
vt 0.000000 3.202154 0.000000
vt 6.500000 3.202154 0.000000
vt 0.000000 7.500000 0.000000
vt 6.500000 7.500000 0.000000
vt 78.199555 -3.986667 0.000000
vt 78.546606 -3.896861 0.000000
vt 77.915476 -3.818738 0.000000
vt 78.862438 -3.727274 0.000000
vt 79.129011 -3.487590 0.000000
vt 79.331100 -3.191499 0.000000
vt 79.457163 -2.855914 0.000000
vt 79.500000 -2.500000 0.000000
vt 79.500000 2.000000 0.000000
vt 75.202154 2.000000 0.000000
vt -6.500000 3.202154 0.000000
vt -0.000000 3.202154 0.000000
vt -6.500000 7.500000 0.000000
vt -0.000000 7.500000 0.000000
vt -0.013333 6.199555 0.000000
vt -0.103139 6.546606 0.000000
vt -0.181262 5.915476 0.000000
vt -0.272726 6.862438 0.000000
vt -1.500000 7.500000 0.000000
vt -0.512410 7.129011 0.000000
vt -0.808501 7.331100 0.000000
vt -1.144086 7.457163 0.000000
vt -6.000000 7.500000 0.000000
vt -6.000000 3.202154 0.000000
vt 107.500000 -47.100000 0.000000
vt 116.000000 -47.100000 0.000000
vt 107.500000 -42.600000 0.000000
vt 116.000000 -36.633333 0.000000
vt 104.952381 -36.633333 0.000000
vt 104.952381 -26.166667 0.000000
vt 93.904762 -26.166667 0.000000
vt 93.904762 -15.700000 0.000000
vt 82.857143 -15.700000 0.000000
vt 82.857143 -5.233333 0.000000
vt 71.809524 -5.233333 0.000000
vt 71.809524 5.233333 0.000000
vt 60.761905 5.233333 0.000000
vt 60.761905 15.700000 0.000000
vt 49.714286 15.700000 0.000000
vt 49.714286 26.166667 0.000000
vt 38.666667 26.166667 0.000000
vt 38.666667 36.633333 0.000000
vt 27.619048 36.633333 0.000000
vt 33.666667 47.100000 0.000000
vt 22.444444 47.100000 0.000000
vt 116.000000 -26.166667 0.000000
vt 104.952381 -15.700000 0.000000
vt 93.904762 -5.233333 0.000000
vt 82.857143 5.233333 0.000000
vt 71.809524 15.700000 0.000000
vt 60.761905 26.166667 0.000000
vt 49.714286 36.633333 0.000000
vt 44.888889 47.100000 0.000000
vt 116.000000 -15.700000 0.000000
vt 104.952381 -5.233333 0.000000
vt 93.904762 5.233333 0.000000
vt 82.857143 15.700000 0.000000
vt 71.809524 26.166667 0.000000
vt 60.761905 36.633333 0.000000
vt 56.111111 47.100000 0.000000
vt 116.000000 -5.233333 0.000000
vt 104.952381 5.233333 0.000000
vt 93.904762 15.700000 0.000000
vt 82.857143 26.166667 0.000000
vt 71.809524 36.633333 0.000000
vt 67.333333 47.100000 0.000000
vt 116.000000 5.233333 0.000000
vt 104.952381 15.700000 0.000000
vt 93.904762 26.166667 0.000000
vt 82.857143 36.633333 0.000000
vt 78.555556 47.100000 0.000000
vt 116.000000 15.700000 0.000000
vt 104.952381 26.166667 0.000000
vt 93.904762 36.633333 0.000000
vt 89.777778 47.100000 0.000000
vt 116.000000 26.166667 0.000000
vt 104.952381 36.633333 0.000000
vt 101.000000 42.600000 0.000000
vt 101.000000 47.100000 0.000000
vt 116.000000 36.633333 0.000000
vt 107.500000 42.600000 0.000000
vt 116.000000 47.100000 0.000000
vt 107.500000 47.100000 0.000000
vt 16.571429 36.633333 0.000000
vt 11.222222 47.100000 0.000000
vt 5.523810 36.633333 0.000000
vt 0.000000 47.100000 0.000000
vt -5.523810 36.633333 0.000000
vt -11.222222 47.100000 0.000000
vt -16.571429 36.633333 0.000000
vt -22.444444 47.100000 0.000000
vt -27.619048 36.633333 0.000000
vt -33.666667 47.100000 0.000000
vt -38.666667 36.633333 0.000000
vt -44.888889 47.100000 0.000000
vt -49.714286 36.633333 0.000000
vt -56.111111 47.100000 0.000000
vt -60.761905 36.633333 0.000000
vt -67.333333 47.100000 0.000000
vt -71.809524 36.633333 0.000000
vt -78.555556 47.100000 0.000000
vt -82.857143 36.633333 0.000000
vt -89.777778 47.100000 0.000000
vt -93.904762 36.633333 0.000000
vt -101.000000 42.600000 0.000000
vt -104.952381 36.633333 0.000000
vt -107.500000 42.600000 0.000000
vt -116.000000 36.633333 0.000000
vt -116.000000 47.100000 0.000000
vt -107.500000 47.100000 0.000000
vt -101.000000 47.100000 0.000000
vt -104.952381 26.166667 0.000000
vt -116.000000 26.166667 0.000000
vt -104.952381 15.700000 0.000000
vt -116.000000 15.700000 0.000000
vt -104.952381 5.233333 0.000000
vt -116.000000 5.233333 0.000000
vt -104.952381 -5.233333 0.000000
vt -116.000000 -5.233333 0.000000
vt -104.952381 -15.700000 0.000000
vt -116.000000 -15.700000 0.000000
vt -104.952381 -26.166667 0.000000
vt -116.000000 -26.166667 0.000000
vt -104.952381 -36.633333 0.000000
vt -116.000000 -36.633333 0.000000
vt -107.500000 -42.600000 0.000000
vt -116.000000 -47.100000 0.000000
vt -107.500000 -47.100000 0.000000
vt -101.000000 -42.600000 0.000000
vt -93.904762 -36.633333 0.000000
vt -93.904762 -26.166667 0.000000
vt -93.904762 -15.700000 0.000000
vt -93.904762 -5.233333 0.000000
vt -93.904762 5.233333 0.000000
vt -93.904762 15.700000 0.000000
vt -93.904762 26.166667 0.000000
vt -101.000000 -47.100000 0.000000
vt -89.777778 -47.100000 0.000000
vt -82.857143 -36.633333 0.000000
vt -78.555556 -47.100000 0.000000
vt -71.809524 -36.633333 0.000000
vt -67.333333 -47.100000 0.000000
vt -60.761905 -36.633333 0.000000
vt -56.111111 -47.100000 0.000000
vt -49.714286 -36.633333 0.000000
vt -44.888889 -47.100000 0.000000
vt -38.666667 -36.633333 0.000000
vt -33.666667 -47.100000 0.000000
vt -27.619048 -36.633333 0.000000
vt -22.444444 -47.100000 0.000000
vt -16.571429 -36.633333 0.000000
vt -11.222222 -47.100000 0.000000
vt -5.523810 -36.633333 0.000000
vt 0.000000 -47.100000 0.000000
vt 5.523810 -36.633333 0.000000
vt 11.222222 -47.100000 0.000000
vt 16.571429 -36.633333 0.000000
vt 22.444444 -47.100000 0.000000
vt 27.619048 -36.633333 0.000000
vt 33.666667 -47.100000 0.000000
vt 38.666667 -36.633333 0.000000
vt 44.888889 -47.100000 0.000000
vt 49.714286 -36.633333 0.000000
vt 56.111111 -47.100000 0.000000
vt 60.761905 -36.633333 0.000000
vt 67.333333 -47.100000 0.000000
vt 71.809524 -36.633333 0.000000
vt 78.555556 -47.100000 0.000000
vt 82.857143 -36.633333 0.000000
vt 89.777778 -47.100000 0.000000
vt 93.904762 -36.633333 0.000000
vt 101.000000 -42.600000 0.000000
vt 101.000000 -47.100000 0.000000
vt 82.857143 -26.166667 0.000000
vt 71.809524 -26.166667 0.000000
vt 60.761905 -26.166667 0.000000
vt 49.714286 -26.166667 0.000000
vt 38.666667 -26.166667 0.000000
vt 27.619048 -26.166667 0.000000
vt 16.571429 -26.166667 0.000000
vt 5.523810 -26.166667 0.000000
vt -5.523810 -26.166667 0.000000
vt -16.571429 -26.166667 0.000000
vt -27.619048 -26.166667 0.000000
vt -38.666667 -26.166667 0.000000
vt -49.714286 -26.166667 0.000000
vt -60.761905 -26.166667 0.000000
vt -71.809524 -26.166667 0.000000
vt -82.857143 -26.166667 0.000000
vt 71.809524 -15.700000 0.000000
vt 60.761905 -15.700000 0.000000
vt 49.714286 -15.700000 0.000000
vt 38.666667 -15.700000 0.000000
vt 27.619048 -15.700000 0.000000
vt 16.571429 -15.700000 0.000000
vt 5.523810 -15.700000 0.000000
vt -5.523810 -15.700000 0.000000
vt -16.571429 -15.700000 0.000000
vt -27.619048 -15.700000 0.000000
vt -38.666667 -15.700000 0.000000
vt -49.714286 -15.700000 0.000000
vt -60.761905 -15.700000 0.000000
vt -71.809524 -15.700000 0.000000
vt -82.857143 -15.700000 0.000000
vt 60.761905 -5.233333 0.000000
vt 49.714286 -5.233333 0.000000
vt 38.666667 -5.233333 0.000000
vt 27.619048 -5.233333 0.000000
vt 16.571429 -5.233333 0.000000
vt 5.523810 -5.233333 0.000000
vt -5.523810 -5.233333 0.000000
vt -16.571429 -5.233333 0.000000
vt -27.619048 -5.233333 0.000000
vt -38.666667 -5.233333 0.000000
vt -49.714286 -5.233333 0.000000
vt -60.761905 -5.233333 0.000000
vt -71.809524 -5.233333 0.000000
vt -82.857143 -5.233333 0.000000
vt 49.714286 5.233333 0.000000
vt 38.666667 5.233333 0.000000
vt 27.619048 5.233333 0.000000
vt 16.571429 5.233333 0.000000
vt 5.523810 5.233333 0.000000
vt -5.523810 5.233333 0.000000
vt -16.571429 5.233333 0.000000
vt -27.619048 5.233333 0.000000
vt -38.666667 5.233333 0.000000
vt -49.714286 5.233333 0.000000
vt -60.761905 5.233333 0.000000
vt -71.809524 5.233333 0.000000
vt -82.857143 5.233333 0.000000
vt 38.666667 15.700000 0.000000
vt 27.619048 15.700000 0.000000
vt 16.571429 15.700000 0.000000
vt 5.523810 15.700000 0.000000
vt -5.523810 15.700000 0.000000
vt -16.571429 15.700000 0.000000
vt -27.619048 15.700000 0.000000
vt -38.666667 15.700000 0.000000
vt -49.714286 15.700000 0.000000
vt -60.761905 15.700000 0.000000
vt -71.809524 15.700000 0.000000
vt -82.857143 15.700000 0.000000
vt 27.619048 26.166667 0.000000
vt 16.571429 26.166667 0.000000
vt 5.523810 26.166667 0.000000
vt -5.523810 26.166667 0.000000
vt -16.571429 26.166667 0.000000
vt -27.619048 26.166667 0.000000
vt -38.666667 26.166667 0.000000
vt -49.714286 26.166667 0.000000
vt -60.761905 26.166667 0.000000
vt -71.809524 26.166667 0.000000
vt -82.857143 26.166667 0.000000
vt -78.199555 -3.986667 0.000000
vt -77.915476 -3.818738 0.000000
vt -78.546606 -3.896861 0.000000
vt -78.862438 -3.727274 0.000000
vt -79.129011 -3.487590 0.000000
vt -79.331100 -3.191499 0.000000
vt -79.457163 -2.855914 0.000000
vt -79.500000 -2.500000 0.000000
vt -75.202154 2.000000 0.000000
vt -79.500000 2.000000 0.000000
vt 42.250000 0.618608 0.000000
vt 42.250000 0.977949 0.000000
vt 34.768519 0.618608 0.000000
vt 31.027778 0.977949 0.000000
vt 27.287037 0.618608 0.000000
vt 19.805556 0.977949 0.000000
vt 19.805556 0.618608 0.000000
vt 12.324074 0.618608 0.000000
vt 19.805556 0.259267 0.000000
vt 12.324074 0.259267 0.000000
vt 19.805556 -0.100074 0.000000
vt 12.324074 -0.100074 0.000000
vt 19.805556 -0.459415 0.000000
vt 12.324074 -0.459415 0.000000
vt 19.805556 -0.818756 0.000000
vt 12.324074 -0.818756 0.000000
vt 19.805556 -1.178097 0.000000
vt 8.583333 -1.178097 0.000000
vt 4.842593 -0.818756 0.000000
vt -2.638889 -1.178097 0.000000
vt -2.638889 -0.818756 0.000000
vt -10.120370 -0.818756 0.000000
vt -10.120370 -0.459415 0.000000
vt -17.601852 -0.459415 0.000000
vt -17.601852 -0.100074 0.000000
vt -25.083333 -0.100074 0.000000
vt -25.083333 0.259267 0.000000
vt -32.564815 0.259267 0.000000
vt -32.564815 0.618608 0.000000
vt -40.046296 0.618608 0.000000
vt -36.305556 0.977949 0.000000
vt -47.527778 0.977949 0.000000
vt 8.583333 0.977949 0.000000
vt 4.842593 0.618608 0.000000
vt 4.842593 0.259267 0.000000
vt 4.842593 -0.100074 0.000000
vt 4.842593 -0.459415 0.000000
vt -2.638889 0.977949 0.000000
vt -2.638889 0.618608 0.000000
vt -2.638889 0.259267 0.000000
vt -2.638889 -0.100074 0.000000
vt -2.638889 -0.459415 0.000000
vt -10.120370 0.618608 0.000000
vt -13.861111 0.977949 0.000000
vt -17.601852 0.618608 0.000000
vt -25.083333 0.977949 0.000000
vt -25.083333 0.618608 0.000000
vt -58.750000 0.977949 0.000000
vt -55.009259 0.618608 0.000000
vt -47.527778 0.618608 0.000000
vt -40.046296 0.259267 0.000000
vt -32.564815 -0.100074 0.000000
vt -25.083333 -0.459415 0.000000
vt -17.601852 -0.818756 0.000000
vt -13.861111 -1.178097 0.000000
vt -62.490741 0.618608 0.000000
vt -69.972222 0.977949 0.000000
vt -69.972222 0.618608 0.000000
vt -77.453704 0.618608 0.000000
vt -69.972222 0.259267 0.000000
vt -77.453704 0.259267 0.000000
vt -69.972222 -0.100074 0.000000
vt -77.453704 -0.100074 0.000000
vt -69.972222 -0.459415 0.000000
vt -77.453704 -0.459415 0.000000
vt -69.972222 -0.818756 0.000000
vt -77.453704 -0.818756 0.000000
vt -69.972222 -1.178097 0.000000
vt -81.194444 -1.178097 0.000000
vt -84.935185 -0.818756 0.000000
vt -92.416667 -1.178097 0.000000
vt -92.416667 -0.818756 0.000000
vt -99.898148 -0.818756 0.000000
vt -99.898148 -0.459415 0.000000
vt -107.379630 -0.459415 0.000000
vt -107.379630 -0.100074 0.000000
vt -114.861111 -0.100074 0.000000
vt -114.861111 0.259267 0.000000
vt -122.342593 0.259267 0.000000
vt -122.342593 0.618608 0.000000
vt -129.824074 0.618608 0.000000
vt -126.083333 0.977949 0.000000
vt -137.305556 0.977949 0.000000
vt -81.194444 0.977949 0.000000
vt -84.935185 0.618608 0.000000
vt -84.935185 0.259267 0.000000
vt -84.935185 -0.100074 0.000000
vt -84.935185 -0.459415 0.000000
vt -92.416667 0.977949 0.000000
vt -92.416667 0.618608 0.000000
vt -92.416667 0.259267 0.000000
vt -92.416667 -0.100074 0.000000
vt -92.416667 -0.459415 0.000000
vt -99.898148 0.618608 0.000000
vt -103.638889 0.977949 0.000000
vt -107.379630 0.618608 0.000000
vt -114.861111 0.977949 0.000000
vt -114.861111 0.618608 0.000000
vt -148.527778 0.977949 0.000000
vt -144.787037 0.618608 0.000000
vt -137.305556 0.618608 0.000000
vt -129.824074 0.259267 0.000000
vt -122.342593 -0.100074 0.000000
vt -114.861111 -0.459415 0.000000
vt -107.379630 -0.818756 0.000000
vt -103.638889 -1.178097 0.000000
vt -152.268519 0.618608 0.000000
vt -159.750000 0.977949 0.000000
vt -159.750000 0.618608 0.000000
vt -152.268519 0.259267 0.000000
vt -159.750000 0.259267 0.000000
vt -152.268519 -0.100074 0.000000
vt -159.750000 -0.100074 0.000000
vt -152.268519 -0.459415 0.000000
vt -159.750000 -0.459415 0.000000
vt -152.268519 -0.818756 0.000000
vt -159.750000 -0.818756 0.000000
vt -159.750000 -1.178097 0.000000
vt -148.527778 -1.178097 0.000000
vt -144.787037 -0.818756 0.000000
vt -144.787037 -0.459415 0.000000
vt -144.787037 -0.100074 0.000000
vt -144.787037 0.259267 0.000000
vt -137.305556 -1.178097 0.000000
vt -137.305556 -0.818756 0.000000
vt -137.305556 -0.459415 0.000000
vt -137.305556 -0.100074 0.000000
vt -137.305556 0.259267 0.000000
vt -129.824074 -0.818756 0.000000
vt -126.083333 -1.178097 0.000000
vt -122.342593 -0.818756 0.000000
vt -114.861111 -1.178097 0.000000
vt -114.861111 -0.818756 0.000000
vt -62.490741 -0.818756 0.000000
vt -58.750000 -1.178097 0.000000
vt -55.009259 -0.818756 0.000000
vt -47.527778 -1.178097 0.000000
vt -47.527778 -0.818756 0.000000
vt -40.046296 -0.818756 0.000000
vt -47.527778 -0.459415 0.000000
vt -40.046296 -0.459415 0.000000
vt -47.527778 -0.100074 0.000000
vt -40.046296 -0.100074 0.000000
vt -47.527778 0.259267 0.000000
vt -36.305556 -1.178097 0.000000
vt -32.564815 -0.818756 0.000000
vt -32.564815 -0.459415 0.000000
vt -25.083333 -1.178097 0.000000
vt -25.083333 -0.818756 0.000000
vt 27.287037 -0.818756 0.000000
vt 31.027778 -1.178097 0.000000
vt 34.768519 -0.818756 0.000000
vt 42.250000 -1.178097 0.000000
vt 42.250000 -0.818756 0.000000
vt 34.768519 -0.459415 0.000000
vt 42.250000 -0.459415 0.000000
vt 34.768519 -0.100074 0.000000
vt 42.250000 -0.100074 0.000000
vt 34.768519 0.259267 0.000000
vt 42.250000 0.259267 0.000000
vt -107.379630 0.259267 0.000000
vt -99.898148 0.259267 0.000000
vt -99.898148 -0.100074 0.000000
vt -62.490741 0.259267 0.000000
vt -62.490741 -0.100074 0.000000
vt -62.490741 -0.459415 0.000000
vt -55.009259 0.259267 0.000000
vt -55.009259 -0.100074 0.000000
vt -55.009259 -0.459415 0.000000
vt -17.601852 0.259267 0.000000
vt -10.120370 0.259267 0.000000
vt -10.120370 -0.100074 0.000000
vt 27.287037 0.259267 0.000000
vt 27.287037 -0.100074 0.000000
vt 27.287037 -0.459415 0.000000
vt -129.824074 -0.100074 0.000000
vt -129.824074 -0.459415 0.000000
vt -122.342593 -0.459415 0.000000
vt 42.250000 0.618608 0.000000
vt 42.250000 0.977949 0.000000
vt 34.768519 0.618608 0.000000
vt 31.027778 0.977949 0.000000
vt 27.287037 0.618608 0.000000
vt 19.805556 0.977949 0.000000
vt 19.805556 0.618608 0.000000
vt 12.324074 0.618608 0.000000
vt 19.805556 0.259267 0.000000
vt 12.324074 0.259267 0.000000
vt 19.805556 -0.100074 0.000000
vt 12.324074 -0.100074 0.000000
vt 19.805556 -0.459415 0.000000
vt 12.324074 -0.459415 0.000000
vt 19.805556 -0.818756 0.000000
vt 12.324074 -0.818756 0.000000
vt 19.805556 -1.178097 0.000000
vt 8.583333 -1.178097 0.000000
vt 4.842593 -0.818756 0.000000
vt -2.638889 -1.178097 0.000000
vt -2.638889 -0.818756 0.000000
vt -10.120370 -0.818756 0.000000
vt -10.120370 -0.459415 0.000000
vt -17.601852 -0.459415 0.000000
vt -17.601852 -0.100074 0.000000
vt -25.083333 -0.100074 0.000000
vt -25.083333 0.259267 0.000000
vt -32.564815 0.259267 0.000000
vt -32.564815 0.618608 0.000000
vt -40.046296 0.618608 0.000000
vt -36.305556 0.977949 0.000000
vt -47.527778 0.977949 0.000000
vt 8.583333 0.977949 0.000000
vt 4.842593 0.618608 0.000000
vt 4.842593 0.259267 0.000000
vt 4.842593 -0.100074 0.000000
vt 4.842593 -0.459415 0.000000
vt -2.638889 0.977949 0.000000
vt -2.638889 0.618608 0.000000
vt -2.638889 0.259267 0.000000
vt -2.638889 -0.100074 0.000000
vt -2.638889 -0.459415 0.000000
vt -10.120370 0.618608 0.000000
vt -13.861111 0.977949 0.000000
vt -17.601852 0.618608 0.000000
vt -25.083333 0.977949 0.000000
vt -25.083333 0.618608 0.000000
vt -58.750000 0.977949 0.000000
vt -55.009259 0.618608 0.000000
vt -47.527778 0.618608 0.000000
vt -40.046296 0.259267 0.000000
vt -32.564815 -0.100074 0.000000
vt -25.083333 -0.459415 0.000000
vt -17.601852 -0.818756 0.000000
vt -13.861111 -1.178097 0.000000
vt -62.490741 0.618608 0.000000
vt -69.972222 0.977949 0.000000
vt -69.972222 0.618608 0.000000
vt -77.453704 0.618608 0.000000
vt -69.972222 0.259267 0.000000
vt -77.453704 0.259267 0.000000
vt -69.972222 -0.100074 0.000000
vt -77.453704 -0.100074 0.000000
vt -69.972222 -0.459415 0.000000
vt -77.453704 -0.459415 0.000000
vt -69.972222 -0.818756 0.000000
vt -77.453704 -0.818756 0.000000
vt -69.972222 -1.178097 0.000000
vt -81.194444 -1.178097 0.000000
vt -84.935185 -0.818756 0.000000
vt -92.416667 -1.178097 0.000000
vt -92.416667 -0.818756 0.000000
vt -99.898148 -0.818756 0.000000
vt -99.898148 -0.459415 0.000000
vt -107.379630 -0.459415 0.000000
vt -107.379630 -0.100074 0.000000
vt -114.861111 -0.100074 0.000000
vt -114.861111 0.259267 0.000000
vt -122.342593 0.259267 0.000000
vt -122.342593 0.618608 0.000000
vt -129.824074 0.618608 0.000000
vt -126.083333 0.977949 0.000000
vt -137.305556 0.977949 0.000000
vt -81.194444 0.977949 0.000000
vt -84.935185 0.618608 0.000000
vt -84.935185 0.259267 0.000000
vt -84.935185 -0.100074 0.000000
vt -84.935185 -0.459415 0.000000
vt -92.416667 0.977949 0.000000
vt -92.416667 0.618608 0.000000
vt -92.416667 0.259267 0.000000
vt -92.416667 -0.100074 0.000000
vt -92.416667 -0.459415 0.000000
vt -99.898148 0.618608 0.000000
vt -103.638889 0.977949 0.000000
vt -107.379630 0.618608 0.000000
vt -114.861111 0.977949 0.000000
vt -114.861111 0.618608 0.000000
vt -148.527778 0.977949 0.000000
vt -144.787037 0.618608 0.000000
vt -137.305556 0.618608 0.000000
vt -129.824074 0.259267 0.000000
vt -122.342593 -0.100074 0.000000
vt -114.861111 -0.459415 0.000000
vt -107.379630 -0.818756 0.000000
vt -103.638889 -1.178097 0.000000
vt -152.268519 0.618608 0.000000
vt -159.750000 0.977949 0.000000
vt -159.750000 0.618608 0.000000
vt -152.268519 0.259267 0.000000
vt -159.750000 0.259267 0.000000
vt -152.268519 -0.100074 0.000000
vt -159.750000 -0.100074 0.000000
vt -152.268519 -0.459415 0.000000
vt -159.750000 -0.459415 0.000000
vt -152.268519 -0.818756 0.000000
vt -159.750000 -0.818756 0.000000
vt -159.750000 -1.178097 0.000000
vt -148.527778 -1.178097 0.000000
vt -144.787037 -0.818756 0.000000
vt -144.787037 -0.459415 0.000000
vt -144.787037 -0.100074 0.000000
vt -144.787037 0.259267 0.000000
vt -137.305556 -1.178097 0.000000
vt -137.305556 -0.818756 0.000000
vt -137.305556 -0.459415 0.000000
vt -137.305556 -0.100074 0.000000
vt -137.305556 0.259267 0.000000
vt -129.824074 -0.818756 0.000000
vt -126.083333 -1.178097 0.000000
vt -122.342593 -0.818756 0.000000
vt -114.861111 -1.178097 0.000000
vt -114.861111 -0.818756 0.000000
vt -62.490741 -0.818756 0.000000
vt -58.750000 -1.178097 0.000000
vt -55.009259 -0.818756 0.000000
vt -47.527778 -1.178097 0.000000
vt -47.527778 -0.818756 0.000000
vt -40.046296 -0.818756 0.000000
vt -47.527778 -0.459415 0.000000
vt -40.046296 -0.459415 0.000000
vt -47.527778 -0.100074 0.000000
vt -40.046296 -0.100074 0.000000
vt -47.527778 0.259267 0.000000
vt -36.305556 -1.178097 0.000000
vt -32.564815 -0.818756 0.000000
vt -32.564815 -0.459415 0.000000
vt -25.083333 -1.178097 0.000000
vt -25.083333 -0.818756 0.000000
vt 27.287037 -0.818756 0.000000
vt 31.027778 -1.178097 0.000000
vt 34.768519 -0.818756 0.000000
vt 42.250000 -1.178097 0.000000
vt 42.250000 -0.818756 0.000000
vt 34.768519 -0.459415 0.000000
vt 42.250000 -0.459415 0.000000
vt 34.768519 -0.100074 0.000000
vt 42.250000 -0.100074 0.000000
vt 34.768519 0.259267 0.000000
vt 42.250000 0.259267 0.000000
vt -107.379630 0.259267 0.000000
vt -99.898148 0.259267 0.000000
vt -99.898148 -0.100074 0.000000
vt -62.490741 0.259267 0.000000
vt -62.490741 -0.100074 0.000000
vt -62.490741 -0.459415 0.000000
vt -55.009259 0.259267 0.000000
vt -55.009259 -0.100074 0.000000
vt -55.009259 -0.459415 0.000000
vt -17.601852 0.259267 0.000000
vt -10.120370 0.259267 0.000000
vt -10.120370 -0.100074 0.000000
vt 27.287037 0.259267 0.000000
vt 27.287037 -0.100074 0.000000
vt 27.287037 -0.459415 0.000000
vt -129.824074 -0.100074 0.000000
vt -129.824074 -0.459415 0.000000
vt -122.342593 -0.459415 0.000000
vt -166.250000 0.618608 0.000000
vt -166.250000 0.977949 0.000000
vt -171.243333 0.618608 0.000000
vt -176.236667 0.977949 0.000000
vt -176.177074 0.708443 0.000000
vt -176.071536 0.438937 0.000000
vt -171.243333 0.259267 0.000000
vt -166.250000 0.259267 0.000000
vt -166.250000 -0.100074 0.000000
vt -171.243333 -0.100074 0.000000
vt -166.250000 -0.459415 0.000000
vt -171.243333 -0.459415 0.000000
vt -166.250000 -0.818756 0.000000
vt -171.243333 -0.818756 0.000000
vt -166.250000 -1.178097 0.000000
vt -174.750000 -1.178097 0.000000
vt -175.277486 -0.639086 0.000000
vt -175.519932 -0.369580 0.000000
vt -175.737590 -0.100074 0.000000
vt -175.923453 0.169432 0.000000
vt 0.000000 3.202154 0.000000
vt 6.500000 3.202154 0.000000
vt 0.000000 7.500000 0.000000
vt 6.500000 7.500000 0.000000
vt -6.500000 3.202154 0.000000
vt -0.000000 3.202154 0.000000
vt -6.500000 7.500000 0.000000
vt -0.000000 7.500000 0.000000
vn 0.000000 0.860842 -0.508872
vn 0.000000 0.860842 -0.508872
vn 0.000000 0.860842 -0.508872
vn 0.000000 0.860842 -0.508872
vn 0.000000 0.860842 -0.508872
vn 0.000000 0.860842 -0.508872
vn 0.000000 0.860842 -0.508872
vn 0.000000 0.860842 -0.508872
vn 0.000000 0.860842 -0.508872
vn 0.000000 0.860842 -0.508872
vn 0.000000 0.860842 -0.508872
vn 0.000000 0.860842 -0.508872
vn 0.000000 0.860842 -0.508872
vn 0.000000 0.860842 -0.508872
vn 0.000000 0.860842 -0.508872
vn 0.000000 0.860842 -0.508872
vn 0.000000 0.860842 -0.508872
vn 0.000000 0.860842 -0.508872
vn 0.000000 0.860842 -0.508872
vn 0.000000 0.860842 -0.508872
vn 0.000000 0.860842 -0.508872
vn 0.000000 0.860842 -0.508872
vn 0.000000 0.860842 -0.508872
vn 0.000000 0.860842 -0.508872
vn 0.000000 0.860842 -0.508872
vn 0.000000 0.860842 -0.508872
vn 0.000000 0.860842 -0.508872
vn 0.000000 0.860842 -0.508872
vn 0.000000 0.860842 -0.508872
vn 0.000000 0.860842 -0.508872
vn 0.000000 0.860842 -0.508872
vn 0.000000 0.860842 -0.508872
vn 0.000000 0.860842 -0.508872
vn 0.000000 0.860842 -0.508872
vn 0.000000 0.860842 -0.508872
vn 0.000000 0.860842 -0.508872
vn 0.000000 0.860842 -0.508872
vn 0.000000 0.860842 -0.508872
vn -1.000000 -0.000000 -0.000000
vn -1.000000 -0.000000 -0.000000
vn -1.000000 -0.000000 -0.000000
vn -1.000000 -0.000000 -0.000000
vn -1.000000 -0.000000 -0.000000
vn -1.000000 -0.000000 -0.000000
vn -1.000000 -0.000000 -0.000000
vn -1.000000 -0.000000 -0.000000
vn -1.000000 -0.000000 -0.000000
vn -1.000000 -0.000000 -0.000000
vn 0.000000 0.422618 -0.906308
vn 0.000000 0.422618 -0.906308
vn 0.000000 0.422618 -0.906308
vn 0.000000 0.422618 -0.906308
vn 0.000000 0.422618 -0.906308
vn 0.000000 0.422618 -0.906308
vn 0.000000 0.422618 -0.906308
vn 0.000000 0.422618 -0.906308
vn 0.000000 0.422618 -0.906308
vn 0.000000 0.422618 -0.906308
vn 0.000000 0.422618 -0.906308
vn 0.000000 0.422618 -0.906308
vn 0.000000 0.422618 -0.906308
vn 0.000000 0.422618 -0.906308
vn 0.000000 0.422618 -0.906308
vn 0.000000 0.422618 -0.906308
vn 0.000000 0.422618 -0.906308
vn 0.000000 0.422618 -0.906308
vn 0.000000 0.422618 -0.906308
vn 0.000000 0.422618 -0.906308
vn 0.000000 0.422618 -0.906308
vn 0.000000 0.422618 -0.906308
vn 0.000000 0.422618 -0.906308
vn 0.000000 0.422618 -0.906308
vn 0.000000 0.422618 -0.906308
vn 0.000000 0.422618 -0.906308
vn 0.000000 0.422618 -0.906308
vn 0.000000 0.422618 -0.906308
vn 0.000000 0.422618 -0.906308
vn 0.000000 0.422618 -0.906308
vn 0.000000 0.422618 -0.906308
vn 0.000000 0.422618 -0.906308
vn 0.000000 0.422618 -0.906308
vn 0.000000 0.422618 -0.906308
vn 0.000000 0.422618 -0.906308
vn 0.000000 0.422618 -0.906308
vn 0.000000 0.422618 -0.906308
vn 0.000000 0.422618 -0.906308
vn 0.000000 0.422618 -0.906308
vn 0.000000 0.422618 -0.906308
vn 0.000000 0.422618 -0.906308
vn 0.000000 0.422618 -0.906308
vn 0.000000 0.422618 -0.906308
vn 0.000000 0.422618 -0.906308
vn 0.000000 0.422618 -0.906308
vn 0.000000 0.422618 -0.906308
vn 0.000000 0.422618 -0.906308
vn 0.000000 0.422618 -0.906308
vn 0.000000 -0.860842 -0.508872
vn 0.000000 -0.860842 -0.508872
vn 0.000000 -0.860842 -0.508872
vn 0.000000 -0.860842 -0.508872
vn -0.860842 -0.000000 -0.508872
vn -0.860842 -0.000000 -0.508872
vn -0.860842 -0.000000 -0.508872
vn -0.860842 -0.000000 -0.508872
vn -0.860842 -0.000000 -0.508872
vn -0.860842 -0.000000 -0.508872
vn -0.860842 -0.000000 -0.508872
vn -0.860842 -0.000000 -0.508872
vn -0.860842 -0.000000 -0.508872
vn -0.860842 -0.000000 -0.508872
vn -0.860842 -0.000000 -0.508872
vn -0.860842 -0.000000 -0.508872
vn -0.860842 -0.000000 -0.508872
vn -0.860842 -0.000000 -0.508872
vn -0.860842 -0.000000 -0.508872
vn -0.860842 -0.000000 -0.508872
vn -0.860842 -0.000000 -0.508872
vn -0.860842 -0.000000 -0.508872
vn -0.860842 -0.000000 -0.508872
vn -0.860842 -0.000000 -0.508872
vn 0.000000 0.860842 -0.508872
vn 0.000000 0.860842 -0.508872
vn 0.000000 0.860842 -0.508872
vn 0.000000 0.860842 -0.508872
vn -0.991111 -0.000000 0.133037
vn -0.991111 -0.000000 0.133037
vn -0.951382 -0.000000 0.308012
vn -0.931241 -0.000000 0.364404
vn -0.881024 -0.000000 0.473071
vn -0.818182 -0.000000 0.574959
vn -0.782302 -0.000000 0.622900
vn -0.658393 -0.000000 0.752674
vn -0.658393 -0.000000 0.752674
vn -0.513288 -0.000000 0.858216
vn -0.461000 -0.000000 0.887400
vn -0.351657 -0.000000 0.936129
vn -0.237276 -0.000000 0.971442
vn -0.000000 -0.000000 1.000000
vn -0.000000 -0.000000 1.000000
vn -0.237276 -0.000000 0.971442
vn -0.000000 -0.000000 1.000000
vn -0.237276 -0.000000 0.971442
vn -0.237276 -0.000000 0.971442
vn -0.461000 -0.000000 0.887400
vn -0.461000 -0.000000 0.887400
vn -0.658393 -0.000000 0.752674
vn -0.658393 -0.000000 0.752674
vn -0.818182 -0.000000 0.574959
vn -0.818182 -0.000000 0.574959
vn -0.931241 -0.000000 0.364404
vn -0.931241 -0.000000 0.364404
vn -0.991111 -0.000000 0.133037
vn -0.991111 -0.000000 0.133037
vn -0.931241 -0.000000 0.364404
vn -0.991111 -0.000000 0.133037
vn -0.931241 -0.000000 0.364404
vn -0.931241 -0.000000 0.364404
vn -0.818182 -0.000000 0.574959
vn -0.818182 -0.000000 0.574959
vn -0.658393 -0.000000 0.752674
vn -0.658393 -0.000000 0.752674
vn -0.461000 -0.000000 0.887400
vn -0.991111 -0.000000 0.133037
vn -0.931241 -0.000000 0.364404
vn -0.818182 -0.000000 0.574959
vn -0.991111 -0.000000 0.133037
vn -0.931241 -0.000000 0.364404
vn -0.931241 -0.000000 0.364404
vn -0.991111 -0.000000 0.133037
vn -0.931241 -0.000000 0.364404
vn -0.931241 -0.000000 0.364404
vn -0.818182 -0.000000 0.574959
vn -0.818182 -0.000000 0.574959
vn -0.658393 -0.000000 0.752674
vn -0.658393 -0.000000 0.752674
vn -0.461000 -0.000000 0.887400
vn -0.461000 -0.000000 0.887400
vn -0.237276 -0.000000 0.971442
vn -0.237276 -0.000000 0.971442
vn -0.000000 -0.000000 1.000000
vn -0.000000 -0.000000 1.000000
vn -0.237276 -0.000000 0.971442
vn -0.000000 -0.000000 1.000000
vn -0.351657 -0.000000 0.936129
vn -0.461000 -0.000000 0.887400
vn -0.513288 -0.000000 0.858216
vn -0.658393 -0.000000 0.752674
vn -0.658393 -0.000000 0.752674
vn -0.782302 -0.000000 0.622900
vn -0.818182 -0.000000 0.574959
vn -0.881024 -0.000000 0.473071
vn -0.931241 -0.000000 0.364404
vn -0.951382 -0.000000 0.308012
vn -0.991111 -0.000000 0.133037
vn -0.991111 -0.000000 0.133037
vn -0.237276 -0.000000 0.971442
vn -0.000000 -0.000000 1.000000
vn -0.237276 -0.000000 0.971442
vn -0.000000 -0.000000 1.000000
vn -0.237276 -0.000000 0.971442
vn -0.000000 -0.000000 1.000000
vn -0.237276 -0.000000 0.971442
vn -0.237276 -0.000000 0.971442
vn -0.461000 -0.000000 0.887400
vn -0.000000 -0.000000 1.000000
vn -0.818182 -0.000000 0.574959
vn -0.658393 -0.000000 0.752674
vn -0.461000 -0.000000 0.887400
vn -0.818182 -0.000000 0.574959
vn -0.658393 -0.000000 0.752674
vn -0.461000 -0.000000 0.887400
vn -0.818182 -0.000000 0.574959
vn -0.658393 -0.000000 0.752674
vn -0.461000 -0.000000 0.887400
vn -0.658393 -0.000000 0.752674
vn -0.461000 -0.000000 0.887400
vn -0.000000 -0.991111 0.133037
vn -0.000000 -0.991111 0.133037
vn -0.000000 -0.951382 0.308012
vn -0.000000 -0.931241 0.364404
vn -0.000000 -0.881024 0.473071
vn -0.000000 -0.818182 0.574959
vn -0.000000 -0.782302 0.622900
vn -0.000000 -0.658393 0.752674
vn -0.000000 -0.658393 0.752674
vn -0.000000 -0.513288 0.858216
vn -0.000000 -0.461000 0.887400
vn -0.000000 -0.351657 0.936129
vn -0.000000 -0.237276 0.971442
vn -0.000000 -0.000000 1.000000
vn -0.000000 -0.237276 0.971442
vn -0.000000 -0.461000 0.887400
vn -0.000000 -0.658393 0.752674
vn -0.000000 -0.818182 0.574959
vn -0.000000 -0.931241 0.364404
vn 1.000000 -0.000000 -0.000000
vn 1.000000 -0.000000 -0.000000
vn 1.000000 -0.000000 -0.000000
vn 1.000000 -0.000000 -0.000000
vn 1.000000 -0.000000 -0.000000
vn 1.000000 -0.000000 -0.000000
vn 1.000000 -0.000000 -0.000000
vn 1.000000 -0.000000 -0.000000
vn 1.000000 -0.000000 -0.000000
vn 1.000000 -0.000000 -0.000000
vn 0.000000 -0.422618 -0.906308
vn 0.000000 -0.422618 -0.906308
vn 0.000000 -0.422618 -0.906308
vn 0.000000 -0.422618 -0.906308
vn 0.000000 -0.422618 -0.906308
vn 0.000000 -0.422618 -0.906308
vn 0.000000 -0.422618 -0.906308
vn 0.000000 -0.422618 -0.906308
vn 0.000000 -0.422618 -0.906308
vn 0.000000 -0.422618 -0.906308
vn 0.000000 -0.422618 -0.906308
vn 0.000000 -0.422618 -0.906308
vn 0.000000 -0.422618 -0.906308
vn 0.000000 -0.422618 -0.906308
vn 0.000000 -0.422618 -0.906308
vn 0.000000 -0.422618 -0.906308
vn 0.000000 -0.422618 -0.906308
vn 0.000000 -0.422618 -0.906308
vn 0.000000 -0.422618 -0.906308
vn 0.000000 -0.422618 -0.906308
vn 0.000000 -0.422618 -0.906308
vn 0.000000 -0.422618 -0.906308
vn 0.000000 -0.422618 -0.906308
vn 0.000000 -0.422618 -0.906308
vn 0.000000 -0.422618 -0.906308
vn 0.000000 -0.422618 -0.906308
vn 0.000000 -0.422618 -0.906308
vn 0.000000 -0.422618 -0.906308
vn 0.000000 -0.422618 -0.906308
vn 0.000000 -0.422618 -0.906308
vn 0.000000 -0.422618 -0.906308
vn 0.000000 -0.422618 -0.906308
vn 0.000000 -0.422618 -0.906308
vn 0.000000 -0.422618 -0.906308
vn 0.000000 -0.422618 -0.906308
vn 0.000000 -0.422618 -0.906308
vn 0.000000 -0.422618 -0.906308
vn 0.000000 -0.422618 -0.906308
vn 0.000000 -0.422618 -0.906308
vn 0.000000 -0.422618 -0.906308
vn 0.000000 -0.422618 -0.906308
vn 0.000000 -0.422618 -0.906308
vn 0.000000 -0.422618 -0.906308
vn 0.000000 -0.422618 -0.906308
vn 0.000000 -0.422618 -0.906308
vn 0.000000 -0.422618 -0.906308
vn 0.000000 -0.422618 -0.906308
vn 0.000000 -0.422618 -0.906308
vn 0.000000 -0.860842 -0.508872
vn 0.000000 -0.860842 -0.508872
vn 0.000000 -0.860842 -0.508872
vn 0.000000 -0.860842 -0.508872
vn 0.000000 -0.860842 -0.508872
vn 0.000000 -0.860842 -0.508872
vn 0.000000 -0.860842 -0.508872
vn 0.000000 -0.860842 -0.508872
vn 0.000000 -0.860842 -0.508872
vn 0.000000 -0.860842 -0.508872
vn 0.000000 -0.860842 -0.508872
vn 0.000000 -0.860842 -0.508872
vn 0.000000 -0.860842 -0.508872
vn 0.000000 -0.860842 -0.508872
vn 0.000000 -0.860842 -0.508872
vn 0.000000 -0.860842 -0.508872
vn 0.000000 -0.860842 -0.508872
vn 0.000000 -0.860842 -0.508872
vn 0.000000 -0.860842 -0.508872
vn 0.000000 -0.860842 -0.508872
vn 0.000000 -0.860842 -0.508872
vn 0.000000 -0.860842 -0.508872
vn 0.000000 -0.860842 -0.508872
vn 0.000000 -0.860842 -0.508872
vn 0.000000 -0.860842 -0.508872
vn 0.000000 -0.860842 -0.508872
vn 0.000000 -0.860842 -0.508872
vn 0.000000 -0.860842 -0.508872
vn 0.000000 -0.860842 -0.508872
vn 0.000000 -0.860842 -0.508872
vn 0.000000 -0.860842 -0.508872
vn 0.000000 -0.860842 -0.508872
vn 0.000000 -0.860842 -0.508872
vn 0.000000 -0.860842 -0.508872
vn 0.000000 -0.860842 -0.508872
vn 0.000000 -0.860842 -0.508872
vn 0.000000 -0.860842 -0.508872
vn 0.000000 -0.860842 -0.508872
vn 1.000000 0.000000 -0.000000
vn 1.000000 0.000000 -0.000000
vn 1.000000 0.000000 -0.000000
vn 1.000000 0.000000 -0.000000
vn 1.000000 0.000000 -0.000000
vn 1.000000 0.000000 -0.000000
vn 1.000000 0.000000 -0.000000
vn 1.000000 0.000000 -0.000000
vn 1.000000 0.000000 -0.000000
vn 1.000000 0.000000 -0.000000
vn 0.000000 0.860842 -0.508872
vn 0.000000 0.860842 -0.508872
vn 0.000000 0.860842 -0.508872
vn 0.000000 0.860842 -0.508872
vn 0.860842 0.000000 -0.508872
vn 0.860842 0.000000 -0.508872
vn 0.860842 0.000000 -0.508872
vn 0.860842 0.000000 -0.508872
vn 0.860842 0.000000 -0.508872
vn 0.860842 0.000000 -0.508872
vn 0.860842 0.000000 -0.508872
vn 0.860842 0.000000 -0.508872
vn 0.860842 0.000000 -0.508872
vn 0.860842 0.000000 -0.508872
vn 0.860842 0.000000 -0.508872
vn 0.860842 0.000000 -0.508872
vn 0.860842 0.000000 -0.508872
vn 0.860842 0.000000 -0.508872
vn 0.860842 0.000000 -0.508872
vn 0.860842 0.000000 -0.508872
vn 0.860842 0.000000 -0.508872
vn 0.860842 0.000000 -0.508872
vn 0.860842 0.000000 -0.508872
vn 0.860842 0.000000 -0.508872
vn 0.000000 -0.860842 -0.508872
vn 0.000000 -0.860842 -0.508872
vn 0.000000 -0.860842 -0.508872
vn 0.000000 -0.860842 -0.508872
vn -1.000000 -0.000000 -0.000000
vn -1.000000 -0.000000 -0.000000
vn -1.000000 -0.000000 -0.000000
vn -1.000000 -0.000000 -0.000000
vn -1.000000 -0.000000 -0.000000
vn -1.000000 -0.000000 -0.000000
vn -1.000000 -0.000000 -0.000000
vn -1.000000 -0.000000 -0.000000
vn -1.000000 -0.000000 -0.000000
vn -1.000000 -0.000000 -0.000000
vn -0.000000 -0.931241 0.364404
vn -0.000000 -0.991111 0.133037
vn -0.000000 -0.931241 0.364404
vn -0.000000 -0.991111 0.133037
vn -0.000000 -0.951382 0.308012
vn -0.000000 -0.881024 0.473071
vn -0.000000 -0.818182 0.574959
vn -0.000000 -0.818182 0.574959
vn -0.000000 -0.658393 0.752674
vn -0.000000 -0.658393 0.752674
vn -0.000000 -0.461000 0.887400
vn -0.000000 -0.461000 0.887400
vn -0.000000 -0.237276 0.971442
vn -0.000000 -0.237276 0.971442
vn -0.000000 -0.000000 1.000000
vn -0.000000 -0.000000 1.000000
vn -0.000000 -0.351657 0.936129
vn -0.000000 -0.513288 0.858216
vn -0.000000 -0.658393 0.752674
vn -0.000000 -0.782302 0.622900
vn 0.991111 -0.000000 0.133037
vn 0.991111 -0.000000 0.133037
vn 0.951382 -0.000000 0.308012
vn 0.931241 -0.000000 0.364404
vn 0.881024 -0.000000 0.473071
vn 0.818182 -0.000000 0.574959
vn 0.782302 -0.000000 0.622900
vn 0.658393 -0.000000 0.752674
vn 0.658393 -0.000000 0.752674
vn 0.513288 -0.000000 0.858216
vn 0.461000 -0.000000 0.887400
vn 0.351657 -0.000000 0.936129
vn 0.237276 -0.000000 0.971442
vn 0.000000 -0.000000 1.000000
vn 0.237276 -0.000000 0.971442
vn 0.000000 -0.000000 1.000000
vn 0.237276 -0.000000 0.971442
vn 0.237276 -0.000000 0.971442
vn 0.461000 -0.000000 0.887400
vn 0.461000 -0.000000 0.887400
vn 0.658393 -0.000000 0.752674
vn 0.658393 -0.000000 0.752674
vn 0.818182 -0.000000 0.574959
vn 0.818182 -0.000000 0.574959
vn 0.931241 -0.000000 0.364404
vn 0.931241 -0.000000 0.364404
vn 0.991111 -0.000000 0.133037
vn 0.991111 -0.000000 0.133037
vn 0.931241 -0.000000 0.364404
vn 0.991111 -0.000000 0.133037
vn 0.931241 -0.000000 0.364404
vn 0.931241 -0.000000 0.364404
vn 0.818182 -0.000000 0.574959
vn 0.818182 -0.000000 0.574959
vn 0.658393 -0.000000 0.752674
vn 0.658393 -0.000000 0.752674
vn 0.461000 -0.000000 0.887400
vn 0.991111 -0.000000 0.133037
vn 0.931241 -0.000000 0.364404
vn 0.818182 -0.000000 0.574959
vn 0.991111 -0.000000 0.133037
vn 0.931241 -0.000000 0.364404
vn 0.931241 -0.000000 0.364404
vn 0.991111 -0.000000 0.133037
vn 0.931241 -0.000000 0.364404
vn 0.931241 -0.000000 0.364404
vn 0.818182 -0.000000 0.574959
vn 0.818182 -0.000000 0.574959
vn 0.658393 -0.000000 0.752674
vn 0.658393 -0.000000 0.752674
vn 0.461000 -0.000000 0.887400
vn 0.461000 -0.000000 0.887400
vn 0.237276 -0.000000 0.971442
vn 0.237276 -0.000000 0.971442
vn 0.000000 -0.000000 1.000000
vn 0.000000 -0.000000 1.000000
vn 0.237276 -0.000000 0.971442
vn 0.000000 -0.000000 1.000000
vn 0.351657 -0.000000 0.936129
vn 0.461000 -0.000000 0.887400
vn 0.513288 -0.000000 0.858216
vn 0.658393 -0.000000 0.752674
vn 0.658393 -0.000000 0.752674
vn 0.782302 -0.000000 0.622900
vn 0.818182 -0.000000 0.574959
vn 0.881024 -0.000000 0.473071
vn 0.931241 -0.000000 0.364404
vn 0.951382 -0.000000 0.308012
vn 0.991111 -0.000000 0.133037
vn 0.991111 -0.000000 0.133037
vn 0.237276 -0.000000 0.971442
vn 0.000000 -0.000000 1.000000
vn 0.237276 -0.000000 0.971442
vn 0.000000 -0.000000 1.000000
vn 0.237276 -0.000000 0.971442
vn 0.000000 -0.000000 1.000000
vn 0.237276 -0.000000 0.971442
vn 0.237276 -0.000000 0.971442
vn 0.461000 -0.000000 0.887400
vn 0.000000 -0.000000 1.000000
vn 0.818182 -0.000000 0.574959
vn 0.658393 -0.000000 0.752674
vn 0.461000 -0.000000 0.887400
vn 0.818182 -0.000000 0.574959
vn 0.658393 -0.000000 0.752674
vn 0.461000 -0.000000 0.887400
vn 0.818182 -0.000000 0.574959
vn 0.658393 -0.000000 0.752674
vn 0.461000 -0.000000 0.887400
vn 0.658393 -0.000000 0.752674
vn 0.461000 -0.000000 0.887400
vn 0.000000 0.991111 0.133037
vn 0.000000 0.991111 0.133037
vn 0.000000 0.951382 0.308012
vn 0.000000 0.931241 0.364404
vn 0.000000 0.881024 0.473071
vn 0.000000 0.818182 0.574959
vn 0.000000 0.782302 0.622900
vn 0.000000 0.658393 0.752674
vn 0.000000 0.658393 0.752674
vn 0.000000 0.513288 0.858216
vn 0.000000 0.461000 0.887400
vn 0.000000 0.351657 0.936129
vn 0.000000 0.237276 0.971442
vn 0.000000 0.000000 1.000000
vn 0.000000 0.237276 0.971442
vn 0.000000 0.461000 0.887400
vn 0.000000 0.658393 0.752674
vn 0.000000 0.818182 0.574959
vn 0.000000 0.931241 0.364404
vn 0.422618 0.000000 -0.906308
vn 0.422618 0.000000 -0.906308
vn 0.422618 0.000000 -0.906308
vn 0.422618 0.000000 -0.906308
vn 0.422618 0.000000 -0.906308
vn 0.422618 0.000000 -0.906308
vn 0.422618 0.000000 -0.906308
vn 0.422618 0.000000 -0.906308
vn 0.422618 0.000000 -0.906308
vn 0.422618 0.000000 -0.906308
vn 0.422618 0.000000 -0.906308
vn 0.422618 0.000000 -0.906308
vn 0.422618 0.000000 -0.906308
vn 0.422618 0.000000 -0.906308
vn 0.422618 0.000000 -0.906308
vn 0.422618 0.000000 -0.906308
vn 0.422618 0.000000 -0.906308
vn 0.422618 0.000000 -0.906308
vn 0.422618 0.000000 -0.906308
vn -0.000000 -0.000000 -1.000000
vn -0.000000 -0.000000 -1.000000
vn -0.000000 -0.000000 -1.000000
vn -0.000000 -0.000000 -1.000000
vn -0.000000 -0.000000 -1.000000
vn -0.000000 -0.000000 -1.000000
vn -0.000000 -0.000000 -1.000000
vn -0.000000 -0.000000 -1.000000
vn -0.000000 -0.000000 -1.000000
vn -0.000000 -0.000000 -1.000000
vn -0.000000 -0.000000 -1.000000
vn -0.000000 -0.000000 -1.000000
vn -0.000000 -0.000000 -1.000000
vn -0.000000 -0.000000 -1.000000
vn -0.000000 -0.000000 -1.000000
vn -0.000000 -0.000000 -1.000000
vn -0.000000 -0.000000 -1.000000
vn -0.000000 -0.000000 -1.000000
vn -0.000000 -0.000000 -1.000000
vn -0.000000 -0.000000 -1.000000
vn -0.000000 -0.000000 -1.000000
vn -0.000000 -0.000000 -1.000000
vn -0.000000 -0.000000 -1.000000
vn -0.000000 -0.000000 -1.000000
vn -0.000000 -0.000000 -1.000000
vn -0.000000 -0.000000 -1.000000
vn -0.000000 -0.000000 -1.000000
vn -0.000000 -0.000000 -1.000000
vn -0.000000 -0.000000 -1.000000
vn -0.000000 -0.000000 -1.000000
vn -0.000000 -0.000000 -1.000000
vn -0.000000 -0.000000 -1.000000
vn -0.000000 -0.000000 -1.000000
vn -0.000000 -0.000000 -1.000000
vn -0.000000 -0.000000 -1.000000
vn -0.000000 -0.000000 -1.000000
vn -0.000000 -0.000000 -1.000000
vn -0.000000 -0.000000 -1.000000
vn -0.000000 -0.000000 -1.000000
vn -0.000000 -0.000000 -1.000000
vn -0.000000 -0.000000 -1.000000
vn -0.000000 -0.000000 -1.000000
vn -0.000000 -0.000000 -1.000000
vn -0.000000 -0.000000 -1.000000
vn -0.000000 -0.000000 -1.000000
vn -0.000000 -0.000000 -1.000000
vn -0.000000 -0.000000 -1.000000
vn -0.000000 -0.000000 -1.000000
vn -0.000000 -0.000000 -1.000000
vn -0.000000 -0.000000 -1.000000
vn -0.000000 -0.000000 -1.000000
vn -0.000000 -0.000000 -1.000000
vn -0.000000 -0.000000 -1.000000
vn -0.000000 -0.000000 -1.000000
vn -0.000000 -0.000000 -1.000000
vn -0.000000 -0.000000 -1.000000
vn -0.000000 -0.000000 -1.000000
vn -0.000000 -0.000000 -1.000000
vn -0.000000 -0.000000 -1.000000
vn -0.000000 -0.000000 -1.000000
vn -0.000000 -0.000000 -1.000000
vn -0.000000 -0.000000 -1.000000
vn -0.000000 -0.000000 -1.000000
vn -0.000000 -0.000000 -1.000000
vn -0.000000 -0.000000 -1.000000
vn -0.000000 -0.000000 -1.000000
vn -0.000000 -0.000000 -1.000000
vn -0.000000 -0.000000 -1.000000
vn -0.000000 -0.000000 -1.000000
vn -0.000000 -0.000000 -1.000000
vn -0.000000 -0.000000 -1.000000
vn -0.000000 -0.000000 -1.000000
vn -0.000000 -0.000000 -1.000000
vn -0.000000 -0.000000 -1.000000
vn -0.000000 -0.000000 -1.000000
vn -0.000000 -0.000000 -1.000000
vn -0.000000 -0.000000 -1.000000
vn -0.000000 -0.000000 -1.000000
vn -0.000000 -0.000000 -1.000000
vn -0.000000 -0.000000 -1.000000
vn -0.000000 -0.000000 -1.000000
vn -0.000000 -0.000000 -1.000000
vn -0.000000 -0.000000 -1.000000
vn -0.000000 -0.000000 -1.000000
vn -0.000000 -0.000000 -1.000000
vn -0.000000 -0.000000 -1.000000
vn -0.000000 -0.000000 -1.000000
vn -0.000000 -0.000000 -1.000000
vn -0.000000 -0.000000 -1.000000
vn -0.000000 -0.000000 -1.000000
vn -0.000000 -0.000000 -1.000000
vn -0.000000 -0.000000 -1.000000
vn -0.000000 -0.000000 -1.000000
vn -0.000000 -0.000000 -1.000000
vn -0.000000 -0.000000 -1.000000
vn -0.000000 -0.000000 -1.000000
vn -0.000000 -0.000000 -1.000000
vn -0.000000 -0.000000 -1.000000
vn -0.000000 -0.000000 -1.000000
vn -0.000000 -0.000000 -1.000000
vn -0.000000 -0.000000 -1.000000
vn -0.000000 -0.000000 -1.000000
vn -0.000000 -0.000000 -1.000000
vn -0.000000 -0.000000 -1.000000
vn -0.000000 -0.000000 -1.000000
vn -0.000000 -0.000000 -1.000000
vn -0.000000 -0.000000 -1.000000
vn -0.000000 -0.000000 -1.000000
vn -0.000000 -0.000000 -1.000000
vn -0.000000 -0.000000 -1.000000
vn -0.000000 -0.000000 -1.000000
vn -0.000000 -0.000000 -1.000000
vn -0.000000 -0.000000 -1.000000
vn -0.000000 -0.000000 -1.000000
vn -0.000000 -0.000000 -1.000000
vn -0.000000 -0.000000 -1.000000
vn -0.000000 -0.000000 -1.000000
vn -0.000000 -0.000000 -1.000000
vn -0.000000 -0.000000 -1.000000
vn -0.000000 -0.000000 -1.000000
vn -0.000000 -0.000000 -1.000000
vn -0.000000 -0.000000 -1.000000
vn -0.000000 -0.000000 -1.000000
vn -0.000000 -0.000000 -1.000000
vn -0.000000 -0.000000 -1.000000
vn -0.000000 -0.000000 -1.000000
vn -0.000000 -0.000000 -1.000000
vn -0.000000 -0.000000 -1.000000
vn -0.000000 -0.000000 -1.000000
vn -0.000000 -0.000000 -1.000000
vn -0.000000 -0.000000 -1.000000
vn -0.000000 -0.000000 -1.000000
vn -0.000000 -0.000000 -1.000000
vn -0.000000 -0.000000 -1.000000
vn -0.000000 -0.000000 -1.000000
vn -0.000000 -0.000000 -1.000000
vn -0.000000 -0.000000 -1.000000
vn -0.000000 -0.000000 -1.000000
vn -0.000000 -0.000000 -1.000000
vn -0.000000 -0.000000 -1.000000
vn -0.000000 -0.000000 -1.000000
vn -0.000000 -0.000000 -1.000000
vn -0.000000 -0.000000 -1.000000
vn -0.000000 -0.000000 -1.000000
vn -0.000000 -0.000000 -1.000000
vn -0.000000 -0.000000 -1.000000
vn -0.000000 -0.000000 -1.000000
vn -0.000000 -0.000000 -1.000000
vn -0.000000 -0.000000 -1.000000
vn -0.000000 -0.000000 -1.000000
vn -0.000000 -0.000000 -1.000000
vn -0.000000 -0.000000 -1.000000
vn -0.000000 -0.000000 -1.000000
vn -0.000000 -0.000000 -1.000000
vn -0.000000 -0.000000 -1.000000
vn -0.000000 -0.000000 -1.000000
vn -0.000000 -0.000000 -1.000000
vn -0.000000 -0.000000 -1.000000
vn -0.000000 -0.000000 -1.000000
vn -0.000000 -0.000000 -1.000000
vn -0.000000 -0.000000 -1.000000
vn -0.000000 -0.000000 -1.000000
vn -0.000000 -0.000000 -1.000000
vn -0.000000 -0.000000 -1.000000
vn -0.000000 -0.000000 -1.000000
vn -0.000000 -0.000000 -1.000000
vn -0.000000 -0.000000 -1.000000
vn -0.000000 -0.000000 -1.000000
vn -0.000000 -0.000000 -1.000000
vn -0.000000 -0.000000 -1.000000
vn -0.000000 -0.000000 -1.000000
vn -0.000000 -0.000000 -1.000000
vn -0.000000 -0.000000 -1.000000
vn -0.000000 -0.000000 -1.000000
vn -0.000000 -0.000000 -1.000000
vn -0.000000 -0.000000 -1.000000
vn -0.000000 -0.000000 -1.000000
vn -0.000000 -0.000000 -1.000000
vn -0.000000 -0.000000 -1.000000
vn -0.000000 -0.000000 -1.000000
vn -0.000000 -0.000000 -1.000000
vn -0.000000 -0.000000 -1.000000
vn -0.000000 -0.000000 -1.000000
vn -0.000000 -0.000000 -1.000000
vn -0.000000 -0.000000 -1.000000
vn -0.000000 -0.000000 -1.000000
vn -0.000000 -0.000000 -1.000000
vn -0.000000 -0.000000 -1.000000
vn -0.000000 -0.000000 -1.000000
vn -0.422618 -0.000000 -0.906308
vn -0.422618 -0.000000 -0.906308
vn -0.422618 -0.000000 -0.906308
vn -0.422618 -0.000000 -0.906308
vn -0.422618 -0.000000 -0.906308
vn -0.422618 -0.000000 -0.906308
vn -0.422618 -0.000000 -0.906308
vn -0.422618 -0.000000 -0.906308
vn -0.422618 -0.000000 -0.906308
vn -0.422618 -0.000000 -0.906308
vn -0.422618 -0.000000 -0.906308
vn -0.422618 -0.000000 -0.906308
vn -0.422618 -0.000000 -0.906308
vn -0.422618 -0.000000 -0.906308
vn -0.422618 -0.000000 -0.906308
vn -0.422618 -0.000000 -0.906308
vn -0.422618 -0.000000 -0.906308
vn -0.422618 -0.000000 -0.906308
vn -0.422618 -0.000000 -0.906308
vn 1.000000 0.000000 -0.000000
vn 1.000000 0.000000 -0.000000
vn 1.000000 0.000000 -0.000000
vn 1.000000 0.000000 -0.000000
vn 1.000000 0.000000 -0.000000
vn 1.000000 0.000000 -0.000000
vn 1.000000 0.000000 -0.000000
vn 1.000000 0.000000 -0.000000
vn 1.000000 0.000000 -0.000000
vn 1.000000 0.000000 -0.000000
vn -0.000000 1.000000 -0.000000
vn -0.000000 1.000000 -0.000000
vn -0.000000 1.000000 -0.000000
vn -0.000000 1.000000 -0.000000
vn 1.000000 -0.000000 -0.000000
vn 1.000000 -0.000000 -0.000000
vn 1.000000 -0.000000 -0.000000
vn 1.000000 -0.000000 -0.000000
vn 1.000000 -0.000000 -0.000000
vn 1.000000 -0.000000 -0.000000
vn 1.000000 -0.000000 -0.000000
vn 1.000000 -0.000000 -0.000000
vn 1.000000 -0.000000 -0.000000
vn 1.000000 -0.000000 -0.000000
vn -0.000000 -1.000000 0.000000
vn -0.000000 -1.000000 0.000000
vn -0.000000 -1.000000 0.000000
vn -0.000000 -1.000000 0.000000
vn -1.000000 -0.000000 -0.000000
vn -1.000000 -0.000000 -0.000000
vn -1.000000 -0.000000 -0.000000
vn -1.000000 -0.000000 -0.000000
vn -1.000000 -0.000000 -0.000000
vn -1.000000 -0.000000 -0.000000
vn -1.000000 -0.000000 -0.000000
vn -1.000000 -0.000000 -0.000000
vn -1.000000 -0.000000 -0.000000
vn -1.000000 -0.000000 -0.000000
vn 0.000000 0.000000 1.000000
vn 0.000000 0.000000 1.000000
vn 0.000000 0.000000 1.000000
vn 0.000000 0.000000 1.000000
vn 0.000000 0.000000 1.000000
vn 0.000000 0.000000 1.000000
vn 0.000000 0.000000 1.000000
vn 0.000000 0.000000 1.000000
vn 0.000000 0.000000 1.000000
vn 0.000000 0.000000 1.000000
vn 0.000000 0.000000 1.000000
vn 0.000000 0.000000 1.000000
vn 0.000000 0.000000 1.000000
vn 0.000000 0.000000 1.000000
vn 0.000000 0.000000 1.000000
vn 0.000000 0.000000 1.000000
vn 0.000000 0.000000 1.000000
vn 0.000000 0.000000 1.000000
vn 0.000000 0.000000 1.000000
vn 0.000000 0.000000 1.000000
vn 0.000000 0.000000 1.000000
vn 0.000000 0.000000 1.000000
vn 0.000000 0.000000 1.000000
vn 0.000000 0.000000 1.000000
vn 0.000000 0.000000 1.000000
vn 0.000000 0.000000 1.000000
vn 0.000000 0.000000 1.000000
vn 0.000000 0.000000 1.000000
vn 0.000000 0.000000 1.000000
vn 0.000000 0.000000 1.000000
vn 0.000000 0.000000 1.000000
vn 0.000000 0.000000 1.000000
vn 0.000000 0.000000 1.000000
vn 0.000000 0.000000 1.000000
vn 0.000000 0.000000 1.000000
vn 0.000000 0.000000 1.000000
vn 0.000000 0.000000 1.000000
vn 0.000000 0.000000 1.000000
vn 0.000000 0.000000 1.000000
vn 0.000000 0.000000 1.000000
vn 0.000000 0.000000 1.000000
vn 0.000000 0.000000 1.000000
vn 0.000000 0.000000 1.000000
vn 0.000000 0.000000 1.000000
vn 0.000000 0.000000 1.000000
vn 0.000000 0.000000 1.000000
vn 0.000000 0.000000 1.000000
vn 0.000000 0.000000 1.000000
vn 0.000000 0.000000 1.000000
vn 0.000000 0.000000 1.000000
vn 0.000000 0.000000 1.000000
vn 0.000000 0.000000 1.000000
vn 0.000000 0.000000 1.000000
vn 0.000000 0.000000 1.000000
vn 0.000000 0.000000 1.000000
vn 0.000000 0.000000 1.000000
vn 0.000000 0.000000 1.000000
vn 0.000000 0.000000 1.000000
vn 0.000000 0.000000 1.000000
vn 0.000000 0.000000 1.000000
vn 0.000000 0.000000 1.000000
vn 0.000000 0.000000 1.000000
vn 0.000000 0.000000 1.000000
vn 0.000000 0.000000 1.000000
vn 0.000000 0.000000 1.000000
vn 0.000000 0.000000 1.000000
vn 0.000000 0.000000 1.000000
vn 0.000000 0.000000 1.000000
vn 0.000000 0.000000 1.000000
vn 0.000000 0.000000 1.000000
vn 0.000000 0.000000 1.000000
vn 0.000000 0.000000 1.000000
vn 0.000000 0.000000 1.000000
vn 0.000000 0.000000 1.000000
vn 0.000000 0.000000 1.000000
vn 0.000000 0.000000 1.000000
vn 0.000000 0.000000 1.000000
vn 0.000000 0.000000 1.000000
vn 0.000000 0.000000 1.000000
vn 0.000000 0.000000 1.000000
vn 0.000000 0.000000 1.000000
vn 0.000000 0.000000 1.000000
vn 0.000000 0.000000 1.000000
vn 0.000000 0.000000 1.000000
vn 0.000000 0.000000 1.000000
vn 0.000000 0.000000 1.000000
vn 0.000000 0.000000 1.000000
vn 0.000000 0.000000 1.000000
vn 0.000000 0.000000 1.000000
vn 0.000000 0.000000 1.000000
vn 0.000000 0.000000 1.000000
vn 0.000000 0.000000 1.000000
vn 0.000000 0.000000 1.000000
vn 0.000000 0.000000 1.000000
vn 0.000000 0.000000 1.000000
vn 0.000000 0.000000 1.000000
vn 0.000000 0.000000 1.000000
vn 0.000000 0.000000 1.000000
vn 0.000000 0.000000 1.000000
vn 0.000000 0.000000 1.000000
vn 0.000000 0.000000 1.000000
vn 0.000000 0.000000 1.000000
vn 0.000000 0.000000 1.000000
vn 0.000000 0.000000 1.000000
vn 0.000000 0.000000 1.000000
vn 0.000000 0.000000 1.000000
vn 0.000000 0.000000 1.000000
vn 0.000000 0.000000 1.000000
vn 0.000000 0.000000 1.000000
vn 0.000000 0.000000 1.000000
vn 0.000000 0.000000 1.000000
vn 0.000000 0.000000 1.000000
vn 0.000000 0.000000 1.000000
vn 0.000000 0.000000 1.000000
vn 0.000000 0.000000 1.000000
vn 0.000000 0.000000 1.000000
vn 0.000000 0.000000 1.000000
vn 0.000000 0.000000 1.000000
vn 0.000000 0.000000 1.000000
vn 0.000000 0.000000 1.000000
vn 0.000000 0.000000 1.000000
vn 0.000000 0.000000 1.000000
vn 0.000000 0.000000 1.000000
vn 0.000000 0.000000 1.000000
vn 0.000000 0.000000 1.000000
vn 0.000000 0.000000 1.000000
vn 0.000000 0.000000 1.000000
vn 0.000000 0.000000 1.000000
vn 0.000000 0.000000 1.000000
vn 0.000000 0.000000 1.000000
vn 0.000000 0.000000 1.000000
vn 0.000000 0.000000 1.000000
vn 0.000000 0.000000 1.000000
vn 0.000000 0.000000 1.000000
vn 0.000000 0.000000 1.000000
vn 0.000000 0.000000 1.000000
vn 0.000000 0.000000 1.000000
vn 0.000000 0.000000 1.000000
vn 0.000000 0.000000 1.000000
vn 0.000000 0.000000 1.000000
vn 0.000000 0.000000 1.000000
vn 0.000000 0.000000 1.000000
vn 0.000000 0.000000 1.000000
vn 0.000000 0.000000 1.000000
vn 0.000000 0.000000 1.000000
vn 0.000000 0.000000 1.000000
vn 0.000000 0.000000 1.000000
vn 0.000000 0.000000 1.000000
vn 0.000000 0.000000 1.000000
vn 0.000000 0.000000 1.000000
vn 0.000000 0.000000 1.000000
vn 0.000000 0.000000 1.000000
vn 0.000000 0.000000 1.000000
vn 0.000000 0.000000 1.000000
vn 0.000000 0.000000 1.000000
vn 0.000000 0.000000 1.000000
vn 0.000000 0.000000 1.000000
vn 0.000000 0.000000 1.000000
vn 0.000000 0.000000 1.000000
vn 0.000000 0.000000 1.000000
vn 0.000000 0.000000 1.000000
vn 0.000000 0.000000 1.000000
vn 0.000000 0.000000 1.000000
vn 0.000000 0.000000 1.000000
vn 0.000000 0.000000 1.000000
vn 0.000000 0.000000 1.000000
vn 0.000000 0.000000 1.000000
vn 0.000000 0.000000 1.000000
vn 0.000000 0.000000 1.000000
vn 0.000000 0.000000 1.000000
vn 0.000000 0.000000 1.000000
vn 0.000000 0.000000 1.000000
vn 0.000000 0.000000 1.000000
vn 0.000000 0.000000 1.000000
vn 0.000000 0.000000 1.000000
vn 0.000000 0.000000 1.000000
vn 0.000000 0.000000 1.000000
vn 0.000000 0.000000 1.000000
vn 0.000000 0.000000 1.000000
vn 0.000000 0.000000 1.000000
vn 0.000000 0.000000 1.000000
vn 0.000000 0.000000 1.000000
vn 0.000000 0.000000 1.000000
vn 0.000000 0.000000 1.000000
vn 0.000000 0.000000 1.000000
vn 0.000000 0.000000 1.000000
vn 0.000000 0.000000 1.000000
vn 0.000000 0.000000 1.000000
vn 0.000000 0.000000 1.000000
vn 0.000000 0.000000 1.000000
vn 0.000000 0.000000 1.000000
vn 0.000000 0.000000 1.000000
vn 0.000000 0.000000 1.000000
vn 0.000000 0.000000 1.000000
vn 0.000000 0.000000 1.000000
vn 0.000000 0.000000 1.000000
vn 0.000000 0.000000 1.000000
vn 0.000000 0.000000 1.000000
vn 0.000000 0.000000 1.000000
vn 0.000000 0.000000 1.000000
vn 0.000000 0.000000 1.000000
vn 0.000000 0.000000 1.000000
vn 0.000000 0.000000 1.000000
vn 0.000000 0.000000 1.000000
vn 0.000000 0.000000 1.000000
vn 0.000000 0.000000 1.000000
vn 0.000000 0.000000 1.000000
vn -1.000000 -0.000000 -0.000000
vn -1.000000 -0.000000 -0.000000
vn -1.000000 -0.000000 -0.000000
vn -1.000000 -0.000000 -0.000000
vn -1.000000 -0.000000 -0.000000
vn -1.000000 -0.000000 -0.000000
vn -1.000000 -0.000000 -0.000000
vn -1.000000 -0.000000 -0.000000
vn -1.000000 -0.000000 -0.000000
vn -1.000000 -0.000000 -0.000000
vn 0.000000 0.931241 0.364404
vn 0.000000 0.991111 0.133037
vn 0.000000 0.931241 0.364404
vn 0.000000 0.991111 0.133037
vn 0.000000 0.931241 0.364404
vn 0.000000 0.991111 0.133037
vn 0.000000 0.931241 0.364404
vn 0.000000 0.931241 0.364404
vn 0.000000 0.818182 0.574959
vn 0.000000 0.818182 0.574959
vn 0.000000 0.658393 0.752674
vn 0.000000 0.658393 0.752674
vn 0.000000 0.461000 0.887400
vn 0.000000 0.461000 0.887400
vn 0.000000 0.237276 0.971442
vn 0.000000 0.237276 0.971442
vn 0.000000 0.237276 0.971442
vn 0.000000 0.237276 0.971442
vn 0.000000 0.237276 0.971442
vn 0.000000 0.461000 0.887400
vn 0.000000 0.461000 0.887400
vn 0.000000 0.658393 0.752674
vn 0.000000 0.658393 0.752674
vn 0.000000 0.818182 0.574959
vn 0.000000 0.818182 0.574959
vn 0.000000 0.931241 0.364404
vn 0.000000 0.931241 0.364404
vn 0.000000 0.991111 0.133037
vn 0.000000 0.991111 0.133037
vn 0.000000 0.991111 0.133037
vn 0.000000 0.931241 0.364404
vn 0.000000 0.818182 0.574959
vn 0.000000 0.658393 0.752674
vn 0.000000 0.461000 0.887400
vn 0.000000 0.991111 0.133037
vn 0.000000 0.931241 0.364404
vn 0.000000 0.818182 0.574959
vn 0.000000 0.658393 0.752674
vn 0.000000 0.461000 0.887400
vn 0.000000 0.931241 0.364404
vn 0.000000 0.991111 0.133037
vn 0.000000 0.931241 0.364404
vn 0.000000 0.991111 0.133037
vn 0.000000 0.931241 0.364404
vn 0.000000 0.991111 0.133037
vn 0.000000 0.931241 0.364404
vn 0.000000 0.931241 0.364404
vn 0.000000 0.818182 0.574959
vn 0.000000 0.658393 0.752674
vn 0.000000 0.461000 0.887400
vn 0.000000 0.237276 0.971442
vn 0.000000 0.931241 0.364404
vn 0.000000 0.991111 0.133037
vn 0.000000 0.931241 0.364404
vn 0.000000 0.931241 0.364404
vn 0.000000 0.818182 0.574959
vn 0.000000 0.818182 0.574959
vn 0.000000 0.658393 0.752674
vn 0.000000 0.658393 0.752674
vn 0.000000 0.461000 0.887400
vn 0.000000 0.461000 0.887400
vn 0.000000 0.237276 0.971442
vn 0.000000 0.237276 0.971442
vn 0.000000 0.237276 0.971442
vn 0.000000 0.237276 0.971442
vn 0.000000 0.237276 0.971442
vn 0.000000 0.461000 0.887400
vn 0.000000 0.461000 0.887400
vn 0.000000 0.658393 0.752674
vn 0.000000 0.658393 0.752674
vn 0.000000 0.818182 0.574959
vn 0.000000 0.818182 0.574959
vn 0.000000 0.931241 0.364404
vn 0.000000 0.931241 0.364404
vn 0.000000 0.991111 0.133037
vn 0.000000 0.991111 0.133037
vn 0.000000 0.991111 0.133037
vn 0.000000 0.931241 0.364404
vn 0.000000 0.818182 0.574959
vn 0.000000 0.658393 0.752674
vn 0.000000 0.461000 0.887400
vn 0.000000 0.991111 0.133037
vn 0.000000 0.931241 0.364404
vn 0.000000 0.818182 0.574959
vn 0.000000 0.658393 0.752674
vn 0.000000 0.461000 0.887400
vn 0.000000 0.931241 0.364404
vn 0.000000 0.991111 0.133037
vn 0.000000 0.931241 0.364404
vn 0.000000 0.991111 0.133037
vn 0.000000 0.931241 0.364404
vn 0.000000 0.991111 0.133037
vn 0.000000 0.931241 0.364404
vn 0.000000 0.931241 0.364404
vn 0.000000 0.818182 0.574959
vn 0.000000 0.658393 0.752674
vn 0.000000 0.461000 0.887400
vn 0.000000 0.237276 0.971442
vn 0.000000 0.931241 0.364404
vn 0.000000 0.991111 0.133037
vn 0.000000 0.931241 0.364404
vn 0.000000 0.818182 0.574959
vn 0.000000 0.818182 0.574959
vn 0.000000 0.658393 0.752674
vn 0.000000 0.658393 0.752674
vn 0.000000 0.461000 0.887400
vn 0.000000 0.461000 0.887400
vn 0.000000 0.237276 0.971442
vn 0.000000 0.237276 0.971442
vn 0.000000 0.237276 0.971442
vn 0.000000 0.461000 0.887400
vn 0.000000 0.658393 0.752674
vn 0.000000 0.818182 0.574959
vn 0.000000 0.237276 0.971442
vn 0.000000 0.461000 0.887400
vn 0.000000 0.658393 0.752674
vn 0.000000 0.818182 0.574959
vn 0.000000 0.237276 0.971442
vn 0.000000 0.237276 0.971442
vn 0.000000 0.237276 0.971442
vn 0.000000 0.237276 0.971442
vn 0.000000 0.237276 0.971442
vn 0.000000 0.237276 0.971442
vn 0.000000 0.237276 0.971442
vn 0.000000 0.461000 0.887400
vn 0.000000 0.461000 0.887400
vn 0.000000 0.658393 0.752674
vn 0.000000 0.658393 0.752674
vn 0.000000 0.818182 0.574959
vn 0.000000 0.237276 0.971442
vn 0.000000 0.461000 0.887400
vn 0.000000 0.237276 0.971442
vn 0.000000 0.237276 0.971442
vn 0.000000 0.237276 0.971442
vn 0.000000 0.237276 0.971442
vn 0.000000 0.461000 0.887400
vn 0.000000 0.461000 0.887400
vn 0.000000 0.658393 0.752674
vn 0.000000 0.658393 0.752674
vn 0.000000 0.818182 0.574959
vn 0.000000 0.818182 0.574959
vn 0.000000 0.818182 0.574959
vn 0.000000 0.818182 0.574959
vn 0.000000 0.658393 0.752674
vn 0.000000 0.818182 0.574959
vn 0.000000 0.658393 0.752674
vn 0.000000 0.461000 0.887400
vn 0.000000 0.818182 0.574959
vn 0.000000 0.658393 0.752674
vn 0.000000 0.461000 0.887400
vn 0.000000 0.818182 0.574959
vn 0.000000 0.818182 0.574959
vn 0.000000 0.658393 0.752674
vn 0.000000 0.818182 0.574959
vn 0.000000 0.658393 0.752674
vn 0.000000 0.461000 0.887400
vn 0.000000 0.658393 0.752674
vn 0.000000 0.461000 0.887400
vn 0.000000 0.461000 0.887400
vn -0.000000 -0.931241 0.364404
vn -0.000000 -0.991111 0.133037
vn -0.000000 -0.931241 0.364404
vn -0.000000 -0.991111 0.133037
vn -0.000000 -0.931241 0.364404
vn -0.000000 -0.991111 0.133037
vn -0.000000 -0.931241 0.364404
vn -0.000000 -0.931241 0.364404
vn -0.000000 -0.818182 0.574959
vn -0.000000 -0.818182 0.574959
vn -0.000000 -0.658393 0.752674
vn -0.000000 -0.658393 0.752674
vn -0.000000 -0.461000 0.887400
vn -0.000000 -0.461000 0.887400
vn -0.000000 -0.237276 0.971442
vn -0.000000 -0.237276 0.971442
vn -0.000000 -0.237276 0.971442
vn -0.000000 -0.237276 0.971442
vn -0.000000 -0.237276 0.971442
vn -0.000000 -0.461000 0.887400
vn -0.000000 -0.461000 0.887400
vn -0.000000 -0.658393 0.752674
vn -0.000000 -0.658393 0.752674
vn -0.000000 -0.818182 0.574959
vn -0.000000 -0.818182 0.574959
vn -0.000000 -0.931241 0.364404
vn -0.000000 -0.931241 0.364404
vn -0.000000 -0.991111 0.133037
vn -0.000000 -0.991111 0.133037
vn -0.000000 -0.991111 0.133037
vn -0.000000 -0.931241 0.364404
vn -0.000000 -0.818182 0.574959
vn -0.000000 -0.658393 0.752674
vn -0.000000 -0.461000 0.887400
vn -0.000000 -0.991111 0.133037
vn -0.000000 -0.931241 0.364404
vn -0.000000 -0.818182 0.574959
vn -0.000000 -0.658393 0.752674
vn -0.000000 -0.461000 0.887400
vn -0.000000 -0.931241 0.364404
vn -0.000000 -0.991111 0.133037
vn -0.000000 -0.931241 0.364404
vn -0.000000 -0.991111 0.133037
vn -0.000000 -0.931241 0.364404
vn -0.000000 -0.991111 0.133037
vn -0.000000 -0.931241 0.364404
vn -0.000000 -0.931241 0.364404
vn -0.000000 -0.818182 0.574959
vn -0.000000 -0.658393 0.752674
vn -0.000000 -0.461000 0.887400
vn -0.000000 -0.237276 0.971442
vn -0.000000 -0.931241 0.364404
vn -0.000000 -0.991111 0.133037
vn -0.000000 -0.931241 0.364404
vn -0.000000 -0.931241 0.364404
vn -0.000000 -0.818182 0.574959
vn -0.000000 -0.818182 0.574959
vn -0.000000 -0.658393 0.752674
vn -0.000000 -0.658393 0.752674
vn -0.000000 -0.461000 0.887400
vn -0.000000 -0.461000 0.887400
vn -0.000000 -0.237276 0.971442
vn -0.000000 -0.237276 0.971442
vn -0.000000 -0.237276 0.971442
vn -0.000000 -0.237276 0.971442
vn -0.000000 -0.237276 0.971442
vn -0.000000 -0.461000 0.887400
vn -0.000000 -0.461000 0.887400
vn -0.000000 -0.658393 0.752674
vn -0.000000 -0.658393 0.752674
vn -0.000000 -0.818182 0.574959
vn -0.000000 -0.818182 0.574959
vn -0.000000 -0.931241 0.364404
vn -0.000000 -0.931241 0.364404
vn -0.000000 -0.991111 0.133037
vn -0.000000 -0.991111 0.133037
vn -0.000000 -0.991111 0.133037
vn -0.000000 -0.931241 0.364404
vn -0.000000 -0.818182 0.574959
vn -0.000000 -0.658393 0.752674
vn -0.000000 -0.461000 0.887400
vn -0.000000 -0.991111 0.133037
vn -0.000000 -0.931241 0.364404
vn -0.000000 -0.818182 0.574959
vn -0.000000 -0.658393 0.752674
vn -0.000000 -0.461000 0.887400
vn -0.000000 -0.931241 0.364404
vn -0.000000 -0.991111 0.133037
vn -0.000000 -0.931241 0.364404
vn -0.000000 -0.991111 0.133037
vn -0.000000 -0.931241 0.364404
vn -0.000000 -0.991111 0.133037
vn -0.000000 -0.931241 0.364404
vn -0.000000 -0.931241 0.364404
vn -0.000000 -0.818182 0.574959
vn -0.000000 -0.658393 0.752674
vn -0.000000 -0.461000 0.887400
vn -0.000000 -0.237276 0.971442
vn -0.000000 -0.931241 0.364404
vn -0.000000 -0.991111 0.133037
vn -0.000000 -0.931241 0.364404
vn -0.000000 -0.818182 0.574959
vn -0.000000 -0.818182 0.574959
vn -0.000000 -0.658393 0.752674
vn -0.000000 -0.658393 0.752674
vn -0.000000 -0.461000 0.887400
vn -0.000000 -0.461000 0.887400
vn -0.000000 -0.237276 0.971442
vn -0.000000 -0.237276 0.971442
vn -0.000000 -0.237276 0.971442
vn -0.000000 -0.461000 0.887400
vn -0.000000 -0.658393 0.752674
vn -0.000000 -0.818182 0.574959
vn -0.000000 -0.237276 0.971442
vn -0.000000 -0.461000 0.887400
vn -0.000000 -0.658393 0.752674
vn -0.000000 -0.818182 0.574959
vn -0.000000 -0.237276 0.971442
vn -0.000000 -0.237276 0.971442
vn -0.000000 -0.237276 0.971442
vn -0.000000 -0.237276 0.971442
vn -0.000000 -0.237276 0.971442
vn -0.000000 -0.237276 0.971442
vn -0.000000 -0.237276 0.971442
vn -0.000000 -0.461000 0.887400
vn -0.000000 -0.461000 0.887400
vn -0.000000 -0.658393 0.752674
vn -0.000000 -0.658393 0.752674
vn -0.000000 -0.818182 0.574959
vn -0.000000 -0.237276 0.971442
vn -0.000000 -0.461000 0.887400
vn -0.000000 -0.237276 0.971442
vn -0.000000 -0.237276 0.971442
vn -0.000000 -0.237276 0.971442
vn -0.000000 -0.237276 0.971442
vn -0.000000 -0.461000 0.887400
vn -0.000000 -0.461000 0.887400
vn -0.000000 -0.658393 0.752674
vn -0.000000 -0.658393 0.752674
vn -0.000000 -0.818182 0.574959
vn -0.000000 -0.818182 0.574959
vn -0.000000 -0.818182 0.574959
vn -0.000000 -0.818182 0.574959
vn -0.000000 -0.658393 0.752674
vn -0.000000 -0.818182 0.574959
vn -0.000000 -0.658393 0.752674
vn -0.000000 -0.461000 0.887400
vn -0.000000 -0.818182 0.574959
vn -0.000000 -0.658393 0.752674
vn -0.000000 -0.461000 0.887400
vn -0.000000 -0.818182 0.574959
vn -0.000000 -0.818182 0.574959
vn -0.000000 -0.658393 0.752674
vn -0.000000 -0.818182 0.574959
vn -0.000000 -0.658393 0.752674
vn -0.000000 -0.461000 0.887400
vn -0.000000 -0.658393 0.752674
vn -0.000000 -0.461000 0.887400
vn -0.000000 -0.461000 0.887400
vn 0.000000 0.931241 0.364404
vn 0.000000 0.991111 0.133037
vn 0.000000 0.931241 0.364404
vn 0.000000 0.991111 0.133037
vn 0.000000 0.951382 0.308012
vn 0.000000 0.881024 0.473071
vn 0.000000 0.818182 0.574959
vn 0.000000 0.818182 0.574959
vn 0.000000 0.658393 0.752674
vn 0.000000 0.658393 0.752674
vn 0.000000 0.461000 0.887400
vn 0.000000 0.461000 0.887400
vn 0.000000 0.237276 0.971442
vn 0.000000 0.237276 0.971442
vn 0.000000 0.351657 0.936129
vn 0.000000 0.513288 0.858216
vn 0.000000 0.658393 0.752674
vn 0.000000 0.782302 0.622900
vn 0.000000 -1.000000 -0.000000
vn 0.000000 -1.000000 -0.000000
vn 0.000000 -1.000000 -0.000000
vn 0.000000 -1.000000 -0.000000
vn -0.000000 1.000000 -0.000000
vn -0.000000 1.000000 -0.000000
vn -0.000000 1.000000 -0.000000
vn -0.000000 1.000000 -0.000000
usemtl 3D_Cherry_-_Unfinished
f 2/1/1 3/2/2 1/3/3
f 1/3/3 3/2/2 38/4/4
f 38/4/4 3/2/2 4/5/5
f 38/4/4 4/5/5 37/6/6
f 37/6/6 4/5/5 5/7/7
f 37/6/6 5/7/7 36/8/8
f 36/8/8 5/7/7 6/9/9
f 36/8/8 6/9/9 35/10/10
f 35/10/10 6/9/9 7/11/11
f 35/10/10 7/11/11 34/12/12
f 34/12/12 7/11/11 8/13/13
f 34/12/12 8/13/13 33/14/14
f 33/14/14 8/13/13 9/15/15
f 33/14/14 9/15/15 32/16/16
f 32/16/16 9/15/15 10/17/17
f 32/16/16 10/17/17 31/18/18
f 31/18/18 10/17/17 11/19/19
f 31/18/18 11/19/19 30/20/20
f 30/20/20 11/19/19 12/21/21
f 30/20/20 12/21/21 29/22/22
f 29/22/22 12/21/21 13/23/23
f 29/22/22 13/23/23 28/24/24
f 28/24/24 13/23/23 14/25/25
f 28/24/24 14/25/25 27/26/26
f 27/26/26 14/25/25 15/27/27
f 27/26/26 15/27/27 26/28/28
f 26/28/28 15/27/27 16/29/29
f 26/28/28 16/29/29 25/30/30
f 25/30/30 16/29/29 17/31/31
f 25/30/30 17/31/31 24/32/32
f 24/32/32 17/31/31 18/33/33
f 24/32/32 18/33/33 23/34/34
f 23/34/34 18/33/33 19/35/35
f 23/34/34 19/35/35 22/36/36
f 22/36/36 19/35/35 20/37/37
f 22/36/36 20/37/37 21/38/38
f 2/39/39 1/40/40 46/41/41
f 46/41/41 1/40/40 45/42/42
f 45/42/42 1/40/40 41/43/43
f 45/42/42 41/43/43 44/44/44
f 44/44/44 41/43/43 43/45/45
f 43/45/45 41/43/43 42/46/46
f 1/40/40 39/47/47 41/43/43
f 41/43/43 39/47/47 40/48/48
f 39/49/49 1/50/50 70/51/51
f 70/51/51 1/50/50 38/52/52
f 70/51/51 38/52/52 69/53/53
f 69/53/53 38/52/52 37/54/54
f 69/53/53 37/54/54 68/55/55
f 68/55/55 37/54/54 36/56/56
f 68/55/55 36/56/56 67/57/57
f 67/57/57 36/56/56 35/58/58
f 67/57/57 35/58/58 66/59/59
f 66/59/59 35/58/58 34/60/60
f 66/59/59 34/60/60 65/61/61
f 65/61/61 34/60/60 33/62/62
f 65/61/61 33/62/62 64/63/63
f 64/63/63 33/62/62 32/64/64
f 64/63/63 32/64/64 63/65/65
f 63/65/65 32/64/64 31/66/66
f 63/65/65 31/66/66 62/67/67
f 62/67/67 31/66/66 30/68/68
f 62/67/67 30/68/68 61/69/69
f 61/69/69 30/68/68 60/70/70
f 60/70/70 30/68/68 29/71/71
f 60/70/70 29/71/71 59/72/72
f 59/72/72 29/71/71 28/73/73
f 59/72/72 28/73/73 58/74/74
f 58/74/74 28/73/73 27/75/75
f 58/74/74 27/75/75 57/76/76
f 57/76/76 27/75/75 26/77/77
f 57/76/76 26/77/77 56/78/78
f 56/78/78 26/77/77 25/79/79
f 56/78/78 25/79/79 55/80/80
f 55/80/80 25/79/79 24/81/81
f 55/80/80 24/81/81 54/82/82
f 54/82/82 24/81/81 23/83/83
f 54/82/82 23/83/83 53/84/84
f 53/84/84 23/83/83 22/85/85
f 53/84/84 22/85/85 52/86/86
f 52/86/86 22/85/85 21/87/87
f 52/86/86 21/87/87 47/88/88
f 47/88/88 48/89/89 52/86/86
f 52/86/86 48/89/89 51/90/90
f 51/90/90 48/89/89 49/91/91
f 51/90/90 49/91/91 50/92/92
f 39/49/49 70/51/51 74/93/93
f 74/93/93 70/51/51 71/94/94
f 74/93/93 71/94/94 73/95/95
f 73/95/95 71/94/94 72/96/96
f 75/97/97 76/98/98 78/99/99
f 78/99/99 76/98/98 77/100/100
f 95/101/101 72/102/102 94/103/103
f 94/103/103 72/102/102 79/104/104
f 94/103/103 79/104/104 93/105/105
f 93/105/105 79/104/104 80/106/106
f 93/105/105 80/106/106 92/107/107
f 92/107/107 80/106/106 81/108/108
f 92/107/107 81/108/108 91/109/109
f 91/109/109 81/108/108 82/110/110
f 91/109/109 82/110/110 83/111/111
f 91/109/109 83/111/111 90/112/112
f 90/112/112 83/111/111 84/113/113
f 90/112/112 84/113/113 89/114/114
f 89/114/114 84/113/113 85/115/115
f 89/114/114 85/115/115 88/116/116
f 88/116/116 85/115/115 86/117/117
f 88/116/116 86/117/117 87/118/118
f 87/118/118 86/117/117 78/119/119
f 87/118/118 78/119/119 77/120/120
f 73/121/121 72/122/122 96/123/123
f 96/123/123 72/122/122 95/124/124
f 95/125/125 94/126/126 118/127/127
f 118/127/127 94/126/126 130/128/128
f 118/127/127 130/128/128 117/129/129
f 117/129/129 130/128/128 142/130/130
f 117/129/129 142/130/130 116/131/131
f 116/131/131 142/130/130 154/132/132
f 116/131/131 154/132/132 115/133/133
f 115/133/133 154/132/132 114/134/134
f 114/134/134 154/132/132 166/135/135
f 114/134/134 166/135/135 113/136/136
f 113/136/136 166/135/135 178/137/137
f 113/136/136 178/137/137 112/138/138
f 112/138/138 178/137/137 111/139/139
f 111/139/139 178/137/137 177/140/140
f 111/139/139 177/140/140 110/141/141
f 110/141/141 177/140/140 176/142/142
f 110/141/141 176/142/142 175/143/143
f 175/143/143 176/142/142 163/144/144
f 175/143/143 163/144/144 162/145/145
f 162/145/145 163/144/144 150/146/146
f 162/145/145 150/146/146 149/147/147
f 149/147/147 150/146/146 137/148/148
f 149/147/147 137/148/148 136/149/149
f 136/149/149 137/148/148 124/150/150
f 136/149/149 124/150/150 123/151/151
f 123/151/151 124/150/150 90/152/152
f 123/151/151 90/152/152 89/153/153
f 130/128/128 94/126/126 129/154/154
f 129/154/154 94/126/126 93/155/155
f 129/154/154 93/155/155 128/156/156
f 128/156/156 93/155/155 127/157/157
f 128/156/156 127/157/157 140/158/158
f 140/158/158 127/157/157 139/159/159
f 140/158/158 139/159/159 152/160/160
f 152/160/160 139/159/159 151/161/161
f 152/160/160 151/161/161 164/162/162
f 164/162/162 151/161/161 163/144/144
f 164/162/162 163/144/144 176/142/142
f 93/155/155 92/163/163 127/157/157
f 127/157/157 92/163/163 126/164/164
f 127/157/157 126/164/164 139/159/159
f 139/159/159 126/164/164 138/165/165
f 139/159/159 138/165/165 151/161/161
f 151/161/161 138/165/165 150/146/146
f 151/161/161 150/146/146 163/144/144
f 92/163/163 91/166/166 126/164/164
f 126/164/164 91/166/166 125/167/167
f 126/164/164 125/167/167 138/165/165
f 138/165/165 125/167/167 137/148/148
f 138/165/165 137/148/148 150/146/146
f 91/166/166 90/152/152 125/167/167
f 125/167/167 90/152/152 124/150/150
f 125/167/167 124/150/150 137/148/148
f 123/151/151 89/153/153 122/168/168
f 122/168/168 89/153/153 88/169/169
f 122/168/168 88/169/169 121/170/170
f 121/170/170 88/169/169 120/171/171
f 121/170/170 120/171/171 133/172/172
f 133/172/172 120/171/171 132/173/173
f 133/172/172 132/173/173 145/174/174
f 145/174/174 132/173/173 144/175/175
f 145/174/174 144/175/175 157/176/176
f 157/176/176 144/175/175 156/177/177
f 157/176/176 156/177/177 169/178/178
f 169/178/178 156/177/177 168/179/179
f 169/178/178 168/179/179 105/180/180
f 105/180/180 168/179/179 104/181/181
f 104/181/181 168/179/179 167/182/182
f 104/181/181 167/182/182 103/183/183
f 103/183/183 167/182/182 102/184/184
f 102/184/184 167/182/182 155/185/185
f 102/184/184 155/185/185 101/186/186
f 101/186/186 155/185/185 143/187/187
f 101/186/186 143/187/187 100/188/188
f 100/188/188 143/187/187 99/189/189
f 99/189/189 143/187/187 131/190/190
f 99/189/189 131/190/190 98/191/191
f 98/191/191 131/190/190 119/192/192
f 98/191/191 119/192/192 97/193/193
f 97/193/193 119/192/192 77/194/194
f 77/194/194 119/192/192 87/195/195
f 87/195/195 119/192/192 120/171/171
f 87/195/195 120/171/171 88/169/169
f 169/178/178 105/180/180 170/196/196
f 170/196/196 105/180/180 106/197/197
f 170/196/196 106/197/197 171/198/198
f 171/198/198 106/197/197 107/199/199
f 171/198/198 107/199/199 172/200/200
f 172/200/200 107/199/199 108/201/201
f 172/200/200 108/201/201 173/202/202
f 173/202/202 108/201/201 174/203/203
f 173/202/202 174/203/203 161/204/204
f 161/204/204 174/203/203 162/145/145
f 161/204/204 162/145/145 149/147/147
f 108/201/201 109/205/205 174/203/203
f 174/203/203 109/205/205 175/143/143
f 174/203/203 175/143/143 162/145/145
f 109/205/205 110/141/141 175/143/143
f 132/173/173 120/171/171 119/192/192
f 122/168/168 121/170/170 134/206/206
f 134/206/206 121/170/170 133/172/172
f 134/206/206 133/172/172 146/207/207
f 146/207/207 133/172/172 145/174/174
f 146/207/207 145/174/174 158/208/208
f 158/208/208 145/174/174 157/176/176
f 158/208/208 157/176/176 170/196/196
f 170/196/196 157/176/176 169/178/178
f 123/151/151 122/168/168 135/209/209
f 135/209/209 122/168/168 134/206/206
f 135/209/209 134/206/206 147/210/210
f 147/210/210 134/206/206 146/207/207
f 147/210/210 146/207/207 159/211/211
f 159/211/211 146/207/207 158/208/208
f 159/211/211 158/208/208 171/198/198
f 171/198/198 158/208/208 170/196/196
f 142/130/130 130/128/128 129/154/154
f 129/154/154 128/156/156 141/212/212
f 141/212/212 128/156/156 140/158/158
f 141/212/212 140/158/158 153/213/213
f 153/213/213 140/158/158 152/160/160
f 153/213/213 152/160/160 165/214/214
f 165/214/214 152/160/160 164/162/162
f 165/214/214 164/162/162 177/140/140
f 177/140/140 164/162/162 176/142/142
f 144/175/175 132/173/173 131/190/190
f 131/190/190 132/173/173 119/192/192
f 123/151/151 135/209/209 136/149/149
f 136/149/149 135/209/209 148/215/215
f 136/149/149 148/215/215 149/147/147
f 149/147/147 148/215/215 161/204/204
f 148/215/215 135/209/209 147/210/210
f 154/132/132 142/130/130 141/212/212
f 141/212/212 142/130/130 129/154/154
f 154/132/132 141/212/212 153/213/213
f 156/177/177 144/175/175 143/187/187
f 143/187/187 144/175/175 131/190/190
f 148/215/215 147/210/210 160/216/216
f 160/216/216 147/210/210 159/211/211
f 160/216/216 159/211/211 172/200/200
f 172/200/200 159/211/211 171/198/198
f 166/135/135 154/132/132 153/213/213
f 166/135/135 153/213/213 165/214/214
f 168/179/179 156/177/177 155/185/185
f 155/185/185 156/177/177 143/187/187
f 167/182/182 168/179/179 155/185/185
f 173/202/202 161/204/204 160/216/216
f 160/216/216 161/204/204 148/215/215
f 173/202/202 160/216/216 172/200/200
f 178/137/137 166/135/135 165/214/214
f 178/137/137 165/214/214 177/140/140
f 77/217/217 76/218/218 97/219/219
f 97/219/219 76/218/218 185/220/220
f 97/219/219 185/220/220 98/221/221
f 98/221/221 185/220/220 186/222/222
f 98/221/221 186/222/222 99/223/223
f 99/223/223 186/222/222 187/224/224
f 99/223/223 187/224/224 100/225/225
f 100/225/225 187/224/224 101/226/226
f 101/226/226 187/224/224 188/227/227
f 101/226/226 188/227/227 102/228/228
f 102/228/228 188/227/227 189/229/229
f 102/228/228 189/229/229 103/230/183
f 103/230/183 189/229/229 184/231/230
f 184/231/230 189/229/229 183/232/231
f 183/232/231 189/229/229 182/233/232
f 182/233/232 189/229/229 188/227/227
f 182/233/232 188/227/227 181/234/233
f 181/234/233 188/227/227 187/224/224
f 181/234/233 187/224/224 180/235/234
f 180/235/234 187/224/224 186/222/222
f 180/235/234 186/222/222 179/236/235
f 179/236/235 186/222/222 185/220/220
f 179/236/235 185/220/220 76/218/218
f 76/237/236 75/238/237 179/239/238
f 179/239/238 75/238/237 180/240/239
f 180/240/239 75/238/237 181/241/240
f 181/241/240 75/238/237 182/242/241
f 182/242/241 75/238/237 183/243/242
f 183/243/242 75/238/237 184/244/243
f 184/244/243 75/238/237 190/245/244
f 184/244/243 190/245/244 191/246/245
f 78/247/246 192/248/247 75/249/248
f 75/249/248 192/248/247 190/250/249
f 190/250/249 192/248/247 193/251/250
f 190/250/249 193/251/250 236/252/251
f 236/252/251 193/251/250 235/253/252
f 235/253/252 193/251/250 234/254/253
f 234/254/253 193/251/250 194/255/254
f 234/254/253 194/255/254 233/256/255
f 233/256/255 194/255/254 195/257/256
f 233/256/255 195/257/256 232/258/257
f 232/258/257 195/257/256 196/259/258
f 232/258/257 196/259/258 231/260/259
f 231/260/259 196/259/258 197/261/260
f 231/260/259 197/261/260 230/262/261
f 230/262/261 197/261/260 198/263/262
f 230/262/261 198/263/262 229/264/263
f 229/264/263 198/263/262 199/265/264
f 229/264/263 199/265/264 228/266/265
f 228/266/265 199/265/264 200/267/266
f 228/266/265 200/267/266 227/268/267
f 227/268/267 200/267/266 201/269/268
f 227/268/267 201/269/268 226/270/269
f 226/270/269 201/269/268 202/271/270
f 226/270/269 202/271/270 203/272/271
f 226/270/269 203/272/271 225/273/272
f 225/273/272 203/272/271 204/274/273
f 225/273/272 204/274/273 224/275/274
f 224/275/274 204/274/273 205/276/275
f 224/275/274 205/276/275 223/277/276
f 223/277/276 205/276/275 206/278/277
f 223/277/276 206/278/277 222/279/278
f 222/279/278 206/278/277 207/280/279
f 222/279/278 207/280/279 221/281/280
f 221/281/280 207/280/279 208/282/281
f 221/281/280 208/282/281 220/283/282
f 220/283/282 208/282/281 209/284/283
f 220/283/282 209/284/283 219/285/284
f 219/285/284 209/284/283 210/286/285
f 219/285/284 210/286/285 218/287/286
f 218/287/286 210/286/285 211/288/287
f 218/287/286 211/288/287 217/289/288
f 217/289/288 211/288/287 216/290/289
f 216/290/289 211/288/287 215/291/290
f 215/291/290 211/288/287 212/292/291
f 215/291/290 212/292/291 214/293/292
f 214/293/292 212/292/291 213/294/293
f 237/295/294 238/296/295 217/297/296
f 217/297/296 238/296/295 218/298/297
f 218/298/297 238/296/295 239/299/298
f 218/298/297 239/299/298 219/300/299
f 219/300/299 239/299/298 240/301/300
f 219/300/299 240/301/300 220/302/301
f 220/302/301 240/301/300 241/303/302
f 220/302/301 241/303/302 221/304/303
f 221/304/303 241/303/302 242/305/304
f 221/304/303 242/305/304 222/306/305
f 222/306/305 242/305/304 243/307/306
f 222/306/305 243/307/306 223/308/307
f 223/308/307 243/307/306 244/309/308
f 223/308/307 244/309/308 224/310/309
f 224/310/309 244/309/308 245/311/310
f 224/310/309 245/311/310 225/312/311
f 225/312/311 245/311/310 246/313/312
f 225/312/311 246/313/312 226/314/313
f 226/314/313 246/313/312 247/315/314
f 226/314/313 247/315/314 227/316/315
f 227/316/315 247/315/314 248/317/316
f 227/316/315 248/317/316 228/318/317
f 228/318/317 248/317/316 249/319/318
f 228/318/317 249/319/318 229/320/319
f 229/320/319 249/319/318 250/321/320
f 229/320/319 250/321/320 230/322/321
f 230/322/321 250/321/320 251/323/322
f 230/322/321 251/323/322 231/324/323
f 231/324/323 251/323/322 252/325/324
f 231/324/323 252/325/324 232/326/325
f 232/326/325 252/325/324 253/327/326
f 232/326/325 253/327/326 233/328/327
f 233/328/327 253/327/326 254/329/328
f 233/328/327 254/329/328 234/330/329
f 234/330/329 254/329/328 255/331/330
f 234/330/329 255/331/330 235/332/331
f 237/333/332 217/334/333 262/335/334
f 262/335/334 217/334/333 261/336/335
f 261/336/335 217/334/333 257/337/336
f 261/336/335 257/337/336 260/338/337
f 260/338/337 257/337/336 259/339/338
f 259/339/338 257/337/336 258/340/339
f 217/334/333 216/341/340 257/337/336
f 257/337/336 216/341/340 256/342/341
f 49/343/342 263/344/343 50/345/344
f 50/345/344 263/344/343 264/346/345
f 281/347/346 213/348/347 280/349/348
f 280/349/348 213/348/347 265/350/349
f 280/349/348 265/350/349 279/351/350
f 279/351/350 265/350/349 266/352/351
f 279/351/350 266/352/351 278/353/352
f 278/353/352 266/352/351 267/354/353
f 278/353/352 267/354/353 277/355/354
f 277/355/354 267/354/353 268/356/355
f 277/355/354 268/356/355 269/357/356
f 277/355/354 269/357/356 276/358/357
f 276/358/357 269/357/356 270/359/358
f 276/358/357 270/359/358 275/360/359
f 275/360/359 270/359/358 271/361/360
f 275/360/359 271/361/360 274/362/361
f 274/362/361 271/361/360 272/363/362
f 274/362/361 272/363/362 273/364/363
f 273/364/363 272/363/362 50/365/364
f 273/364/363 50/365/364 264/366/365
f 214/367/366 213/368/367 282/369/368
f 282/369/368 213/368/367 281/370/369
f 282/371/370 283/372/371 214/373/372
f 214/373/372 283/372/371 284/374/373
f 214/373/372 284/374/373 285/375/374
f 285/375/374 286/376/375 214/373/372
f 214/373/372 286/376/375 287/377/376
f 214/373/372 287/377/376 288/378/377
f 289/379/378 215/380/379 288/378/377
f 288/378/377 215/380/379 214/373/372
f 283/381/380 282/382/381 297/383/382
f 297/383/382 282/382/381 281/384/383
f 297/383/382 281/384/383 290/385/384
f 290/385/384 291/386/385 297/383/382
f 297/383/382 291/386/385 298/387/386
f 297/383/382 298/387/386 284/388/387
f 284/388/387 298/387/386 285/389/388
f 285/389/388 298/387/386 299/390/389
f 285/389/388 299/390/389 286/391/390
f 286/391/390 299/390/389 300/392/391
f 286/391/390 300/392/391 287/393/392
f 287/393/392 300/392/391 301/394/393
f 287/393/392 301/394/393 288/395/394
f 288/395/394 301/394/393 296/396/395
f 296/396/395 301/394/393 295/397/396
f 295/397/396 301/394/393 300/392/391
f 295/397/396 300/392/391 294/398/397
f 294/398/397 300/392/391 299/390/389
f 294/398/397 299/390/389 293/399/398
f 293/399/398 299/390/389 292/400/399
f 292/400/399 299/390/389 298/387/386
f 292/400/399 298/387/386 291/386/385
f 284/388/387 283/381/380 297/383/382
f 281/401/400 280/402/401 290/403/402
f 290/403/402 280/402/401 328/404/403
f 290/403/402 328/404/403 291/405/404
f 291/405/404 328/404/403 340/406/405
f 291/405/404 340/406/405 292/407/406
f 292/407/406 340/406/405 352/408/407
f 292/407/406 352/408/407 293/409/408
f 293/409/408 352/408/407 294/410/409
f 294/410/409 352/408/407 364/411/410
f 294/410/409 364/411/410 295/412/411
f 295/412/411 364/411/410 376/413/412
f 295/412/411 376/413/412 296/414/395
f 296/414/395 376/413/412 316/415/413
f 316/415/413 376/413/412 375/416/414
f 316/415/413 375/416/414 315/417/415
f 315/417/415 375/416/414 374/418/416
f 315/417/415 374/418/416 373/419/417
f 373/419/417 374/418/416 361/420/418
f 373/419/417 361/420/418 360/421/419
f 360/421/419 361/420/418 348/422/420
f 360/421/419 348/422/420 347/423/421
f 347/423/421 348/422/420 335/424/422
f 347/423/421 335/424/422 334/425/423
f 334/425/423 335/424/422 322/426/424
f 334/425/423 322/426/424 321/427/425
f 321/427/425 322/426/424 276/428/426
f 321/427/425 276/428/426 275/429/427
f 328/404/403 280/402/401 327/430/428
f 327/430/428 280/402/401 279/431/429
f 327/430/428 279/431/429 326/432/430
f 326/432/430 279/431/429 325/433/431
f 326/432/430 325/433/431 338/434/432
f 338/434/432 325/433/431 337/435/433
f 338/434/432 337/435/433 350/436/434
f 350/436/434 337/435/433 349/437/435
f 350/436/434 349/437/435 362/438/436
f 362/438/436 349/437/435 361/420/418
f 362/438/436 361/420/418 374/418/416
f 279/431/429 278/439/437 325/433/431
f 325/433/431 278/439/437 324/440/438
f 325/433/431 324/440/438 337/435/433
f 337/435/433 324/440/438 336/441/439
f 337/435/433 336/441/439 349/437/435
f 349/437/435 336/441/439 348/422/420
f 349/437/435 348/422/420 361/420/418
f 278/439/437 277/442/440 324/440/438
f 324/440/438 277/442/440 323/443/441
f 324/440/438 323/443/441 336/441/439
f 336/441/439 323/443/441 335/424/422
f 336/441/439 335/424/422 348/422/420
f 277/442/440 276/428/426 323/443/441
f 323/443/441 276/428/426 322/426/424
f 323/443/441 322/426/424 335/424/422
f 321/427/425 275/429/427 320/444/442
f 320/444/442 275/429/427 274/445/443
f 320/444/442 274/445/443 319/446/444
f 319/446/444 274/445/443 318/447/445
f 319/446/444 318/447/445 331/448/446
f 331/448/446 318/447/445 330/449/447
f 331/448/446 330/449/447 343/450/448
f 343/450/448 330/449/447 342/451/449
f 343/450/448 342/451/449 355/452/450
f 355/452/450 342/451/449 354/453/451
f 355/452/450 354/453/451 367/454/452
f 367/454/452 354/453/451 366/455/453
f 367/454/452 366/455/453 310/456/454
f 310/456/454 366/455/453 309/457/455
f 309/457/455 366/455/453 365/458/456
f 309/457/455 365/458/456 308/459/457
f 308/459/457 365/458/456 307/460/458
f 307/460/458 365/458/456 353/461/459
f 307/460/458 353/461/459 306/462/460
f 306/462/460 353/461/459 341/463/461
f 306/462/460 341/463/461 305/464/462
f 305/464/462 341/463/461 304/465/463
f 304/465/463 341/463/461 329/466/464
f 304/465/463 329/466/464 303/467/465
f 303/467/465 329/466/464 317/468/466
f 303/467/465 317/468/466 302/469/467
f 302/469/467 317/468/466 264/470/468
f 264/470/468 317/468/466 273/471/469
f 273/471/469 317/468/466 318/447/445
f 273/471/469 318/447/445 274/445/443
f 367/454/452 310/456/454 368/472/470
f 368/472/470 310/456/454 311/473/471
f 368/472/470 311/473/471 369/474/472
f 369/474/472 311/473/471 312/475/473
f 369/474/472 312/475/473 370/476/474
f 370/476/474 312/475/473 313/477/475
f 370/476/474 313/477/475 371/478/476
f 371/478/476 313/477/475 372/479/477
f 371/478/476 372/479/477 359/480/478
f 359/480/478 372/479/477 360/421/419
f 359/480/478 360/421/419 347/423/421
f 313/477/475 314/481/479 372/479/477
f 372/479/477 314/481/479 373/419/417
f 372/479/477 373/419/417 360/421/419
f 314/481/479 315/417/415 373/419/417
f 330/449/447 318/447/445 317/468/466
f 320/444/442 319/446/444 332/482/480
f 332/482/480 319/446/444 331/448/446
f 332/482/480 331/448/446 344/483/481
f 344/483/481 331/448/446 343/450/448
f 344/483/481 343/450/448 356/484/482
f 356/484/482 343/450/448 355/452/450
f 356/484/482 355/452/450 368/472/470
f 368/472/470 355/452/450 367/454/452
f 321/427/425 320/444/442 333/485/483
f 333/485/483 320/444/442 332/482/480
f 333/485/483 332/482/480 345/486/484
f 345/486/484 332/482/480 344/483/481
f 345/486/484 344/483/481 357/487/485
f 357/487/485 344/483/481 356/484/482
f 357/487/485 356/484/482 369/474/472
f 369/474/472 356/484/482 368/472/470
f 340/406/405 328/404/403 327/430/428
f 327/430/428 326/432/430 339/488/486
f 339/488/486 326/432/430 338/434/432
f 339/488/486 338/434/432 351/489/487
f 351/489/487 338/434/432 350/436/434
f 351/489/487 350/436/434 363/490/488
f 363/490/488 350/436/434 362/438/436
f 363/490/488 362/438/436 375/416/414
f 375/416/414 362/438/436 374/418/416
f 342/451/449 330/449/447 329/466/464
f 329/466/464 330/449/447 317/468/466
f 321/427/425 333/485/483 334/425/423
f 334/425/423 333/485/483 346/491/489
f 334/425/423 346/491/489 347/423/421
f 347/423/421 346/491/489 359/480/478
f 346/491/489 333/485/483 345/486/484
f 352/408/407 340/406/405 339/488/486
f 339/488/486 340/406/405 327/430/428
f 352/408/407 339/488/486 351/489/487
f 354/453/451 342/451/449 341/463/461
f 341/463/461 342/451/449 329/466/464
f 346/491/489 345/486/484 358/492/490
f 358/492/490 345/486/484 357/487/485
f 358/492/490 357/487/485 370/476/474
f 370/476/474 357/487/485 369/474/472
f 364/411/410 352/408/407 351/489/487
f 364/411/410 351/489/487 363/490/488
f 366/455/453 354/453/451 353/461/459
f 353/461/459 354/453/451 341/463/461
f 365/458/456 366/455/453 353/461/459
f 371/478/476 359/480/478 358/492/490
f 358/492/490 359/480/478 346/491/489
f 371/478/476 358/492/490 370/476/474
f 376/413/412 364/411/410 363/490/488
f 376/413/412 363/490/488 375/416/414
f 264/493/491 263/494/492 302/495/493
f 302/495/493 263/494/492 383/496/494
f 302/495/493 383/496/494 303/497/495
f 303/497/495 383/496/494 384/498/496
f 303/497/495 384/498/496 304/499/497
f 304/499/497 384/498/496 385/500/498
f 304/499/497 385/500/498 305/501/499
f 305/501/499 385/500/498 306/502/500
f 306/502/500 385/500/498 386/503/501
f 306/502/500 386/503/501 307/504/502
f 307/504/502 386/503/501 387/505/503
f 307/504/502 387/505/503 308/506/457
f 308/506/457 387/505/503 382/507/504
f 382/507/504 387/505/503 381/508/505
f 381/508/505 387/505/503 380/509/506
f 380/509/506 387/505/503 386/503/501
f 380/509/506 386/503/501 379/510/507
f 379/510/507 386/503/501 385/500/498
f 379/510/507 385/500/498 378/511/508
f 378/511/508 385/500/498 384/498/496
f 378/511/508 384/498/496 377/512/509
f 377/512/509 384/498/496 383/496/494
f 377/512/509 383/496/494 263/494/492
f 50/513/510 272/514/511 51/515/512
f 51/515/512 272/514/511 394/516/513
f 394/516/513 272/514/511 271/517/514
f 394/516/513 271/517/514 393/518/515
f 393/518/515 271/517/514 270/519/516
f 393/518/515 270/519/516 392/520/517
f 392/520/517 270/519/516 269/521/518
f 392/520/517 269/521/518 391/522/519
f 391/522/519 269/521/518 268/523/520
f 391/522/519 268/523/520 390/524/521
f 390/524/521 268/523/520 267/525/522
f 390/524/521 267/525/522 389/526/523
f 389/526/523 267/525/522 266/527/524
f 389/526/523 266/527/524 388/528/525
f 388/528/525 266/527/524 265/529/526
f 388/528/525 265/529/526 212/530/527
f 212/530/527 265/529/526 213/531/528
f 52/532/529 51/533/530 402/534/531
f 402/534/531 51/533/530 394/535/532
f 402/534/531 394/535/532 421/536/533
f 421/536/533 394/535/532 393/537/534
f 421/536/533 393/537/534 440/538/535
f 440/538/535 393/537/534 392/539/536
f 440/538/535 392/539/536 459/540/537
f 459/540/537 392/539/536 391/541/538
f 459/540/537 391/541/538 478/542/539
f 478/542/539 391/541/538 390/543/540
f 478/542/539 390/543/540 497/544/541
f 497/544/541 390/543/540 389/545/542
f 497/544/541 389/545/542 516/546/543
f 516/546/543 389/545/542 388/547/544
f 516/546/543 388/547/544 211/548/545
f 211/548/545 388/547/544 212/549/546
f 211/548/545 210/550/547 516/546/543
f 516/546/543 210/550/547 517/551/548
f 516/546/543 517/551/548 497/544/541
f 497/544/541 517/551/548 498/552/549
f 497/544/541 498/552/549 478/542/539
f 478/542/539 498/552/549 479/553/550
f 478/542/539 479/553/550 459/540/537
f 459/540/537 479/553/550 460/554/551
f 459/540/537 460/554/551 440/538/535
f 440/538/535 460/554/551 441/555/552
f 440/538/535 441/555/552 421/536/533
f 421/536/533 441/555/552 422/556/553
f 421/536/533 422/556/553 402/534/531
f 402/534/531 422/556/553 403/557/554
f 402/534/531 403/557/554 52/532/529
f 52/532/529 403/557/554 53/558/555
f 53/558/555 403/557/554 404/559/556
f 53/558/555 404/559/556 54/560/557
f 54/560/557 404/559/556 405/561/558
f 54/560/557 405/561/558 55/562/559
f 55/562/559 405/561/558 406/563/560
f 55/562/559 406/563/560 56/564/561
f 56/564/561 406/563/560 407/565/562
f 56/564/561 407/565/562 57/566/563
f 57/566/563 407/565/562 408/567/564
f 57/566/563 408/567/564 58/568/565
f 58/568/565 408/567/564 409/569/566
f 58/568/565 409/569/566 59/570/567
f 59/570/567 409/569/566 410/571/568
f 59/570/567 410/571/568 60/572/569
f 60/572/569 410/571/568 411/573/570
f 60/572/569 411/573/570 61/574/571
f 61/574/571 411/573/570 412/575/572
f 61/574/571 412/575/572 62/576/573
f 62/576/573 412/575/572 413/577/574
f 62/576/573 413/577/574 63/578/575
f 63/578/575 413/577/574 414/579/576
f 63/578/575 414/579/576 64/580/577
f 64/580/577 414/579/576 415/581/578
f 64/580/577 415/581/578 65/582/579
f 65/582/579 415/581/578 416/583/580
f 65/582/579 416/583/580 66/584/581
f 66/584/581 416/583/580 417/585/582
f 66/584/581 417/585/582 67/586/583
f 67/586/583 417/585/582 418/587/584
f 67/586/583 418/587/584 68/588/585
f 68/588/585 418/587/584 419/589/586
f 68/588/585 419/589/586 69/590/587
f 69/590/587 419/589/586 420/591/588
f 69/590/587 420/591/588 70/592/589
f 70/592/589 420/591/588 401/593/590
f 70/592/589 401/593/590 71/594/591
f 210/550/547 209/595/592 517/551/548
f 517/551/548 209/595/592 518/596/593
f 517/551/548 518/596/593 498/552/549
f 498/552/549 518/596/593 499/597/594
f 498/552/549 499/597/594 479/553/550
f 479/553/550 499/597/594 480/598/595
f 479/553/550 480/598/595 460/554/551
f 460/554/551 480/598/595 461/599/596
f 460/554/551 461/599/596 441/555/552
f 441/555/552 461/599/596 442/600/597
f 441/555/552 442/600/597 422/556/553
f 422/556/553 442/600/597 423/601/598
f 422/556/553 423/601/598 403/557/554
f 403/557/554 423/601/598 404/559/556
f 209/595/592 208/602/599 518/596/593
f 518/596/593 208/602/599 519/603/600
f 518/596/593 519/603/600 499/597/594
f 499/597/594 519/603/600 500/604/601
f 499/597/594 500/604/601 480/598/595
f 480/598/595 500/604/601 481/605/602
f 480/598/595 481/605/602 461/599/596
f 461/599/596 481/605/602 462/606/603
f 461/599/596 462/606/603 442/600/597
f 442/600/597 462/606/603 443/607/604
f 442/600/597 443/607/604 423/601/598
f 423/601/598 443/607/604 424/608/605
f 423/601/598 424/608/605 404/559/556
f 404/559/556 424/608/605 405/561/558
f 208/602/599 207/609/606 519/603/600
f 519/603/600 207/609/606 520/610/607
f 519/603/600 520/610/607 500/604/601
f 500/604/601 520/610/607 501/611/608
f 500/604/601 501/611/608 481/605/602
f 481/605/602 501/611/608 482/612/609
f 481/605/602 482/612/609 462/606/603
f 462/606/603 482/612/609 463/613/610
f 462/606/603 463/613/610 443/607/604
f 443/607/604 463/613/610 444/614/611
f 443/607/604 444/614/611 424/608/605
f 424/608/605 444/614/611 425/615/612
f 424/608/605 425/615/612 405/561/558
f 405/561/558 425/615/612 406/563/560
f 207/609/606 206/616/613 520/610/607
f 520/610/607 206/616/613 521/617/614
f 520/610/607 521/617/614 501/611/608
f 501/611/608 521/617/614 502/618/615
f 501/611/608 502/618/615 482/612/609
f 482/612/609 502/618/615 483/619/616
f 482/612/609 483/619/616 463/613/610
f 463/613/610 483/619/616 464/620/617
f 463/613/610 464/620/617 444/614/611
f 444/614/611 464/620/617 445/621/618
f 444/614/611 445/621/618 425/615/612
f 425/615/612 445/621/618 426/622/619
f 425/615/612 426/622/619 406/563/560
f 406/563/560 426/622/619 407/565/562
f 206/616/613 205/623/620 521/617/614
f 521/617/614 205/623/620 522/624/621
f 521/617/614 522/624/621 502/618/615
f 502/618/615 522/624/621 503/625/622
f 502/618/615 503/625/622 483/619/616
f 483/619/616 503/625/622 484/626/623
f 483/619/616 484/626/623 464/620/617
f 464/620/617 484/626/623 465/627/624
f 464/620/617 465/627/624 445/621/618
f 445/621/618 465/627/624 446/628/625
f 445/621/618 446/628/625 426/622/619
f 426/622/619 446/628/625 427/629/626
f 426/622/619 427/629/626 407/565/562
f 407/565/562 427/629/626 408/567/564
f 205/623/620 204/630/627 522/624/621
f 522/624/621 204/630/627 523/631/628
f 522/624/621 523/631/628 503/625/622
f 503/625/622 523/631/628 504/632/629
f 503/625/622 504/632/629 484/626/623
f 484/626/623 504/632/629 485/633/630
f 484/626/623 485/633/630 465/627/624
f 465/627/624 485/633/630 466/634/631
f 465/627/624 466/634/631 446/628/625
f 446/628/625 466/634/631 447/635/632
f 446/628/625 447/635/632 427/629/626
f 427/629/626 447/635/632 428/636/633
f 427/629/626 428/636/633 408/567/564
f 408/567/564 428/636/633 409/569/566
f 204/630/627 203/637/634 523/631/628
f 523/631/628 203/637/634 524/638/635
f 523/631/628 524/638/635 504/632/629
f 504/632/629 524/638/635 505/639/636
f 504/632/629 505/639/636 485/633/630
f 485/633/630 505/639/636 486/640/637
f 485/633/630 486/640/637 466/634/631
f 466/634/631 486/640/637 467/641/638
f 466/634/631 467/641/638 447/635/632
f 447/635/632 467/641/638 448/642/639
f 447/635/632 448/642/639 428/636/633
f 428/636/633 448/642/639 429/643/640
f 428/636/633 429/643/640 409/569/566
f 409/569/566 429/643/640 410/571/568
f 203/637/634 202/644/641 524/638/635
f 524/638/635 202/644/641 525/645/642
f 524/638/635 525/645/642 505/639/636
f 505/639/636 525/645/642 506/646/643
f 505/639/636 506/646/643 486/640/637
f 486/640/637 506/646/643 487/647/644
f 486/640/637 487/647/644 467/641/638
f 467/641/638 487/647/644 468/648/645
f 467/641/638 468/648/645 448/642/639
f 448/642/639 468/648/645 449/649/646
f 448/642/639 449/649/646 429/643/640
f 429/643/640 449/649/646 430/650/647
f 429/643/640 430/650/647 410/571/568
f 410/571/568 430/650/647 411/573/570
f 202/644/641 201/651/648 525/645/642
f 525/645/642 201/651/648 526/652/649
f 525/645/642 526/652/649 506/646/643
f 506/646/643 526/652/649 507/653/650
f 506/646/643 507/653/650 487/647/644
f 487/647/644 507/653/650 488/654/651
f 487/647/644 488/654/651 468/648/645
f 468/648/645 488/654/651 469/655/652
f 468/648/645 469/655/652 449/649/646
f 449/649/646 469/655/652 450/656/653
f 449/649/646 450/656/653 430/650/647
f 430/650/647 450/656/653 431/657/654
f 430/650/647 431/657/654 411/573/570
f 411/573/570 431/657/654 412/575/572
f 201/651/648 200/658/655 526/652/649
f 526/652/649 200/658/655 527/659/656
f 526/652/649 527/659/656 507/653/650
f 507/653/650 527/659/656 508/660/657
f 507/653/650 508/660/657 488/654/651
f 488/654/651 508/660/657 489/661/658
f 488/654/651 489/661/658 469/655/652
f 469/655/652 489/661/658 470/662/659
f 469/655/652 470/662/659 450/656/653
f 450/656/653 470/662/659 451/663/660
f 450/656/653 451/663/660 431/657/654
f 431/657/654 451/663/660 432/664/661
f 431/657/654 432/664/661 412/575/572
f 412/575/572 432/664/661 413/577/574
f 200/658/655 199/665/662 527/659/656
f 527/659/656 199/665/662 528/666/663
f 527/659/656 528/666/663 508/660/657
f 508/660/657 528/666/663 509/667/664
f 508/660/657 509/667/664 489/661/658
f 489/661/658 509/667/664 490/668/665
f 489/661/658 490/668/665 470/662/659
f 470/662/659 490/668/665 471/669/666
f 470/662/659 471/669/666 451/663/660
f 451/663/660 471/669/666 452/670/667
f 451/663/660 452/670/667 432/664/661
f 432/664/661 452/670/667 433/671/668
f 432/664/661 433/671/668 413/577/574
f 413/577/574 433/671/668 414/579/576
f 199/665/662 198/672/669 528/666/663
f 528/666/663 198/672/669 529/673/670
f 528/666/663 529/673/670 509/667/664
f 509/667/664 529/673/670 510/674/671
f 509/667/664 510/674/671 490/668/665
f 490/668/665 510/674/671 491/675/672
f 490/668/665 491/675/672 471/669/666
f 471/669/666 491/675/672 472/676/673
f 471/669/666 472/676/673 452/670/667
f 452/670/667 472/676/673 453/677/674
f 452/670/667 453/677/674 433/671/668
f 433/671/668 453/677/674 434/678/675
f 433/671/668 434/678/675 414/579/576
f 414/579/576 434/678/675 415/581/578
f 198/672/669 197/679/676 529/673/670
f 529/673/670 197/679/676 530/680/677
f 529/673/670 530/680/677 510/674/671
f 510/674/671 530/680/677 511/681/678
f 510/674/671 511/681/678 491/675/672
f 491/675/672 511/681/678 492/682/679
f 491/675/672 492/682/679 472/676/673
f 472/676/673 492/682/679 473/683/680
f 472/676/673 473/683/680 453/677/674
f 453/677/674 473/683/680 454/684/681
f 453/677/674 454/684/681 434/678/675
f 434/678/675 454/684/681 435/685/682
f 434/678/675 435/685/682 415/581/578
f 415/581/578 435/685/682 416/583/580
f 197/679/676 196/686/683 530/680/677
f 530/680/677 196/686/683 531/687/684
f 530/680/677 531/687/684 511/681/678
f 511/681/678 531/687/684 512/688/685
f 511/681/678 512/688/685 492/682/679
f 492/682/679 512/688/685 493/689/686
f 492/682/679 493/689/686 473/683/680
f 473/683/680 493/689/686 474/690/687
f 473/683/680 474/690/687 454/684/681
f 454/684/681 474/690/687 455/691/688
f 454/684/681 455/691/688 435/685/682
f 435/685/682 455/691/688 436/692/689
f 435/685/682 436/692/689 416/583/580
f 416/583/580 436/692/689 417/585/582
f 196/686/683 195/693/690 531/687/684
f 531/687/684 195/693/690 532/694/691
f 531/687/684 532/694/691 512/688/685
f 512/688/685 532/694/691 513/695/692
f 512/688/685 513/695/692 493/689/686
f 493/689/686 513/695/692 494/696/693
f 493/689/686 494/696/693 474/690/687
f 474/690/687 494/696/693 475/697/694
f 474/690/687 475/697/694 455/691/688
f 455/691/688 475/697/694 456/698/695
f 455/691/688 456/698/695 436/692/689
f 436/692/689 456/698/695 437/699/696
f 436/692/689 437/699/696 417/585/582
f 417/585/582 437/699/696 418/587/584
f 195/693/690 194/700/697 532/694/691
f 532/694/691 194/700/697 533/701/698
f 532/694/691 533/701/698 513/695/692
f 513/695/692 533/701/698 514/702/699
f 513/695/692 514/702/699 494/696/693
f 494/696/693 514/702/699 495/703/700
f 494/696/693 495/703/700 475/697/694
f 475/697/694 495/703/700 476/704/701
f 475/697/694 476/704/701 456/698/695
f 456/698/695 476/704/701 457/705/702
f 456/698/695 457/705/702 437/699/696
f 437/699/696 457/705/702 438/706/703
f 437/699/696 438/706/703 418/587/584
f 418/587/584 438/706/703 419/589/586
f 194/700/697 193/707/704 533/701/698
f 533/701/698 193/707/704 534/708/705
f 533/701/698 534/708/705 514/702/699
f 514/702/699 534/708/705 515/709/706
f 514/702/699 515/709/706 495/703/700
f 495/703/700 515/709/706 496/710/707
f 495/703/700 496/710/707 476/704/701
f 476/704/701 496/710/707 477/711/708
f 476/704/701 477/711/708 457/705/702
f 457/705/702 477/711/708 458/712/709
f 457/705/702 458/712/709 438/706/703
f 438/706/703 458/712/709 439/713/710
f 438/706/703 439/713/710 419/589/586
f 419/589/586 439/713/710 420/591/588
f 193/707/704 192/714/711 534/708/705
f 534/708/705 192/714/711 395/715/712
f 534/708/705 395/715/712 515/709/706
f 515/709/706 395/715/712 396/716/713
f 515/709/706 396/716/713 496/710/707
f 496/710/707 396/716/713 397/717/714
f 496/710/707 397/717/714 477/711/708
f 477/711/708 397/717/714 398/718/715
f 477/711/708 398/718/715 458/712/709
f 458/712/709 398/718/715 399/719/716
f 458/712/709 399/719/716 439/713/710
f 439/713/710 399/719/716 400/720/717
f 439/713/710 400/720/717 420/591/588
f 420/591/588 400/720/717 401/593/590
f 78/721/718 86/722/719 192/723/720
f 192/723/720 86/722/719 395/724/721
f 395/724/721 86/722/719 85/725/722
f 395/724/721 85/725/722 396/726/723
f 396/726/723 85/725/722 84/727/724
f 396/726/723 84/727/724 397/728/725
f 397/728/725 84/727/724 83/729/726
f 397/728/725 83/729/726 398/730/727
f 398/730/727 83/729/726 82/731/728
f 398/730/727 82/731/728 399/732/729
f 399/732/729 82/731/728 81/733/730
f 399/732/729 81/733/730 400/734/731
f 400/734/731 81/733/730 80/735/732
f 400/734/731 80/735/732 401/736/733
f 401/736/733 80/735/732 79/737/734
f 401/736/733 79/737/734 71/738/735
f 71/738/735 79/737/734 72/739/736
f 20/740/737 535/741/738 21/742/739
f 21/742/739 535/741/738 536/743/740
f 21/742/739 536/743/740 540/744/741
f 540/744/741 536/743/740 537/745/742
f 540/744/741 537/745/742 538/746/743
f 538/746/743 539/747/744 540/744/741
f 541/748/745 47/749/746 540/744/741
f 540/744/741 47/749/746 21/742/739
f 39/750/747 74/751/748 40/752/749
f 40/752/749 74/751/748 542/753/750
f 96/754/751 543/755/752 73/756/753
f 73/756/753 543/755/752 544/757/754
f 73/756/753 544/757/754 545/758/755
f 545/758/755 546/759/756 73/756/753
f 73/756/753 546/759/756 547/760/757
f 73/756/753 547/760/757 548/761/758
f 542/762/759 74/763/760 548/761/758
f 548/761/758 74/763/760 73/756/753
f 190/764/761 236/765/762 191/766/763
f 191/766/763 236/765/762 549/767/764
f 255/768/765 550/769/766 235/770/767
f 235/770/767 550/769/766 551/771/768
f 235/770/767 551/771/768 555/772/769
f 555/772/769 551/771/768 552/773/770
f 555/772/769 552/773/770 553/774/771
f 553/774/771 554/775/772 555/772/769
f 549/776/773 236/777/774 555/772/769
f 555/772/769 236/777/774 235/770/767
f 288/778/394 296/779/395 289/780/775
f 289/780/775 296/779/395 316/781/413
f 289/780/775 316/781/413 591/782/776
f 591/782/776 316/781/413 611/783/777
f 591/782/776 611/783/777 612/784/778
f 612/784/778 611/783/777 632/785/779
f 612/784/778 632/785/779 633/786/780
f 633/786/780 632/785/779 653/787/781
f 633/786/780 653/787/781 654/788/782
f 654/788/782 653/787/781 674/789/783
f 654/788/782 674/789/783 675/790/784
f 675/790/784 674/789/783 695/791/785
f 675/790/784 695/791/785 696/792/786
f 696/792/786 695/791/785 716/793/787
f 696/792/786 716/793/787 717/794/788
f 717/794/788 716/793/787 737/795/789
f 717/794/788 737/795/789 738/796/790
f 738/796/790 737/795/789 562/797/791
f 738/796/790 562/797/791 563/798/792
f 316/781/413 315/799/415 611/783/777
f 611/783/777 315/799/415 631/800/793
f 611/783/777 631/800/793 632/785/779
f 632/785/779 631/800/793 652/801/794
f 632/785/779 652/801/794 653/787/781
f 653/787/781 652/801/794 673/802/795
f 653/787/781 673/802/795 674/789/783
f 674/789/783 673/802/795 694/803/796
f 674/789/783 694/803/796 695/791/785
f 695/791/785 694/803/796 715/804/797
f 695/791/785 715/804/797 716/793/787
f 716/793/787 715/804/797 736/805/798
f 716/793/787 736/805/798 737/795/789
f 737/795/789 736/805/798 561/806/799
f 737/795/789 561/806/799 562/797/791
f 315/799/415 314/807/479 631/800/793
f 631/800/793 314/807/479 651/808/800
f 631/800/793 651/808/800 652/801/794
f 652/801/794 651/808/800 672/809/801
f 652/801/794 672/809/801 673/802/795
f 673/802/795 672/809/801 693/810/802
f 673/802/795 693/810/802 694/803/796
f 694/803/796 693/810/802 714/811/803
f 694/803/796 714/811/803 715/804/797
f 715/804/797 714/811/803 735/812/804
f 715/804/797 735/812/804 736/805/798
f 736/805/798 735/812/804 560/813/805
f 736/805/798 560/813/805 561/806/799
f 314/807/479 313/814/475 651/808/800
f 651/808/800 313/814/475 671/815/806
f 651/808/800 671/815/806 672/809/801
f 672/809/801 671/815/806 692/816/807
f 672/809/801 692/816/807 693/810/802
f 693/810/802 692/816/807 713/817/808
f 693/810/802 713/817/808 714/811/803
f 714/811/803 713/817/808 734/818/809
f 714/811/803 734/818/809 735/812/804
f 735/812/804 734/818/809 559/819/810
f 735/812/804 559/819/810 560/813/805
f 313/814/475 312/820/473 671/815/806
f 671/815/806 312/820/473 691/821/811
f 671/815/806 691/821/811 692/816/807
f 692/816/807 691/821/811 712/822/812
f 692/816/807 712/822/812 713/817/808
f 713/817/808 712/822/812 733/823/813
f 713/817/808 733/823/813 734/818/809
f 734/818/809 733/823/813 558/824/814
f 734/818/809 558/824/814 559/819/810
f 312/820/473 311/825/471 691/821/811
f 691/821/811 311/825/471 711/826/815
f 691/821/811 711/826/815 712/822/812
f 712/822/812 711/826/815 732/827/816
f 712/822/812 732/827/816 733/823/813
f 733/823/813 732/827/816 557/828/817
f 733/823/813 557/828/817 558/824/814
f 311/825/471 310/829/454 711/826/815
f 711/826/815 310/829/454 731/830/818
f 711/826/815 731/830/818 732/827/816
f 732/827/816 731/830/818 541/831/819
f 732/827/816 541/831/819 557/828/817
f 557/828/817 541/831/819 540/832/820
f 310/829/454 309/833/455 731/830/818
f 731/830/818 309/833/455 556/834/821
f 731/830/818 556/834/821 541/831/819
f 309/833/455 308/835/457 556/834/821
f 556/834/821 308/835/457 382/836/504
f 738/796/790 563/798/792 739/837/822
f 739/837/822 563/798/792 564/838/823
f 739/837/822 564/838/823 740/839/824
f 740/839/824 564/838/823 565/840/825
f 740/839/824 565/840/825 741/841/826
f 741/841/826 565/840/825 566/842/827
f 741/841/826 566/842/827 742/843/828
f 742/843/828 566/842/827 567/844/829
f 742/843/828 567/844/829 743/845/830
f 743/845/830 567/844/829 568/846/831
f 743/845/830 568/846/831 744/847/832
f 744/847/832 568/846/831 569/848/833
f 744/847/832 569/848/833 745/849/834
f 745/849/834 569/848/833 570/850/835
f 745/849/834 570/850/835 746/851/836
f 746/851/836 570/850/835 571/852/837
f 746/851/836 571/852/837 747/853/838
f 747/853/838 571/852/837 572/854/839
f 747/853/838 572/854/839 748/855/840
f 748/855/840 572/854/839 573/856/841
f 748/855/840 573/856/841 749/857/842
f 749/857/842 573/856/841 40/858/843
f 749/857/842 40/858/843 750/859/844
f 750/859/844 40/858/843 542/860/845
f 750/859/844 542/860/845 111/861/139
f 111/861/139 542/860/845 112/862/138
f 112/862/138 542/860/845 548/863/846
f 573/856/841 41/864/847 40/858/843
f 750/859/844 111/861/139 730/865/848
f 730/865/848 111/861/139 110/866/141
f 730/865/848 110/866/141 710/867/849
f 710/867/849 110/866/141 109/868/205
f 710/867/849 109/868/205 690/869/850
f 690/869/850 109/868/205 108/870/201
f 690/869/850 108/870/201 670/871/851
f 670/871/851 108/870/201 107/872/199
f 670/871/851 107/872/199 650/873/852
f 650/873/852 107/872/199 106/874/197
f 650/873/852 106/874/197 630/875/853
f 630/875/853 106/874/197 105/876/180
f 630/875/853 105/876/180 610/877/854
f 610/877/854 105/876/180 104/878/181
f 610/877/854 104/878/181 191/879/855
f 191/879/855 104/878/181 103/880/183
f 191/879/855 103/880/183 184/881/230
f 191/879/855 549/882/856 610/877/854
f 610/877/854 549/882/856 609/883/857
f 610/877/854 609/883/857 630/875/853
f 630/875/853 609/883/857 629/884/858
f 630/875/853 629/884/858 650/873/852
f 650/873/852 629/884/858 649/885/859
f 650/873/852 649/885/859 670/871/851
f 670/871/851 649/885/859 669/886/860
f 670/871/851 669/886/860 690/869/850
f 690/869/850 669/886/860 689/887/861
f 690/869/850 689/887/861 710/867/849
f 710/867/849 689/887/861 709/888/862
f 710/867/849 709/888/862 730/865/848
f 730/865/848 709/888/862 729/889/863
f 730/865/848 729/889/863 750/859/844
f 750/859/844 729/889/863 749/857/842
f 555/890/864 574/891/865 549/882/856
f 549/882/856 574/891/865 609/883/857
f 609/883/857 574/891/865 608/892/866
f 608/892/866 574/891/865 575/893/867
f 608/892/866 575/893/867 607/894/868
f 607/894/868 575/893/867 576/895/869
f 607/894/868 576/895/869 606/896/870
f 606/896/870 576/895/869 577/897/871
f 606/896/870 577/897/871 605/898/872
f 605/898/872 577/897/871 578/899/873
f 605/898/872 578/899/873 604/900/874
f 604/900/874 578/899/873 579/901/875
f 604/900/874 579/901/875 603/902/876
f 603/902/876 579/901/875 580/903/877
f 603/902/876 580/903/877 602/904/878
f 602/904/878 580/903/877 581/905/879
f 602/904/878 581/905/879 601/906/880
f 601/906/880 581/905/879 582/907/881
f 601/906/880 582/907/881 600/908/882
f 600/908/882 582/907/881 583/909/883
f 600/908/882 583/909/883 599/910/884
f 599/910/884 583/909/883 584/911/885
f 599/910/884 584/911/885 598/912/886
f 598/912/886 584/911/885 585/913/887
f 598/912/886 585/913/887 597/914/888
f 597/914/888 585/913/887 586/915/889
f 597/914/888 586/915/889 596/916/890
f 596/916/890 586/915/889 587/917/891
f 596/916/890 587/917/891 595/918/892
f 595/918/892 587/917/891 588/919/893
f 595/918/892 588/919/893 594/920/894
f 594/920/894 588/919/893 589/921/895
f 594/920/894 589/921/895 593/922/896
f 593/922/896 589/921/895 590/923/897
f 593/922/896 590/923/897 592/924/898
f 592/924/898 590/923/897 256/925/899
f 592/924/898 256/925/899 591/782/776
f 591/782/776 256/925/899 289/780/775
f 590/923/897 257/926/900 256/925/899
f 591/782/776 612/784/778 592/924/898
f 592/924/898 612/784/778 613/927/901
f 592/924/898 613/927/901 593/922/896
f 593/922/896 613/927/901 614/928/902
f 593/922/896 614/928/902 594/920/894
f 594/920/894 614/928/902 615/929/903
f 594/920/894 615/929/903 595/918/892
f 595/918/892 615/929/903 616/930/904
f 595/918/892 616/930/904 596/916/890
f 596/916/890 616/930/904 617/931/905
f 596/916/890 617/931/905 597/914/888
f 597/914/888 617/931/905 618/932/906
f 597/914/888 618/932/906 598/912/886
f 598/912/886 618/932/906 619/933/907
f 598/912/886 619/933/907 599/910/884
f 599/910/884 619/933/907 620/934/908
f 599/910/884 620/934/908 600/908/882
f 600/908/882 620/934/908 621/935/909
f 600/908/882 621/935/909 601/906/880
f 601/906/880 621/935/909 622/936/910
f 601/906/880 622/936/910 602/904/878
f 602/904/878 622/936/910 623/937/911
f 602/904/878 623/937/911 603/902/876
f 603/902/876 623/937/911 624/938/912
f 603/902/876 624/938/912 604/900/874
f 604/900/874 624/938/912 625/939/913
f 604/900/874 625/939/913 605/898/872
f 605/898/872 625/939/913 626/940/914
f 605/898/872 626/940/914 606/896/870
f 606/896/870 626/940/914 627/941/915
f 606/896/870 627/941/915 607/894/868
f 607/894/868 627/941/915 628/942/916
f 607/894/868 628/942/916 608/892/866
f 608/892/866 628/942/916 629/884/858
f 608/892/866 629/884/858 609/883/857
f 612/784/778 633/786/780 613/927/901
f 613/927/901 633/786/780 634/943/917
f 613/927/901 634/943/917 614/928/902
f 614/928/902 634/943/917 635/944/918
f 614/928/902 635/944/918 615/929/903
f 615/929/903 635/944/918 636/945/919
f 615/929/903 636/945/919 616/930/904
f 616/930/904 636/945/919 637/946/920
f 616/930/904 637/946/920 617/931/905
f 617/931/905 637/946/920 638/947/921
f 617/931/905 638/947/921 618/932/906
f 618/932/906 638/947/921 639/948/922
f 618/932/906 639/948/922 619/933/907
f 619/933/907 639/948/922 640/949/923
f 619/933/907 640/949/923 620/934/908
f 620/934/908 640/949/923 641/950/924
f 620/934/908 641/950/924 621/935/909
f 621/935/909 641/950/924 642/951/925
f 621/935/909 642/951/925 622/936/910
f 622/936/910 642/951/925 643/952/926
f 622/936/910 643/952/926 623/937/911
f 623/937/911 643/952/926 644/953/927
f 623/937/911 644/953/927 624/938/912
f 624/938/912 644/953/927 645/954/928
f 624/938/912 645/954/928 625/939/913
f 625/939/913 645/954/928 646/955/929
f 625/939/913 646/955/929 626/940/914
f 626/940/914 646/955/929 647/956/930
f 626/940/914 647/956/930 627/941/915
f 627/941/915 647/956/930 648/957/931
f 627/941/915 648/957/931 628/942/916
f 628/942/916 648/957/931 649/885/859
f 628/942/916 649/885/859 629/884/858
f 633/786/780 654/788/782 634/943/917
f 634/943/917 654/788/782 655/958/932
f 634/943/917 655/958/932 635/944/918
f 635/944/918 655/958/932 656/959/933
f 635/944/918 656/959/933 636/945/919
f 636/945/919 656/959/933 657/960/934
f 636/945/919 657/960/934 637/946/920
f 637/946/920 657/960/934 658/961/935
f 637/946/920 658/961/935 638/947/921
f 638/947/921 658/961/935 659/962/936
f 638/947/921 659/962/936 639/948/922
f 639/948/922 659/962/936 660/963/937
f 639/948/922 660/963/937 640/949/923
f 640/949/923 660/963/937 661/964/938
f 640/949/923 661/964/938 641/950/924
f 641/950/924 661/964/938 662/965/939
f 641/950/924 662/965/939 642/951/925
f 642/951/925 662/965/939 663/966/940
f 642/951/925 663/966/940 643/952/926
f 643/952/926 663/966/940 664/967/941
f 643/952/926 664/967/941 644/953/927
f 644/953/927 664/967/941 665/968/942
f 644/953/927 665/968/942 645/954/928
f 645/954/928 665/968/942 666/969/943
f 645/954/928 666/969/943 646/955/929
f 646/955/929 666/969/943 667/970/944
f 646/955/929 667/970/944 647/956/930
f 647/956/930 667/970/944 668/971/945
f 647/956/930 668/971/945 648/957/931
f 648/957/931 668/971/945 669/886/860
f 648/957/931 669/886/860 649/885/859
f 654/788/782 675/790/784 655/958/932
f 655/958/932 675/790/784 676/972/946
f 655/958/932 676/972/946 656/959/933
f 656/959/933 676/972/946 677/973/947
f 656/959/933 677/973/947 657/960/934
f 657/960/934 677/973/947 678/974/948
f 657/960/934 678/974/948 658/961/935
f 658/961/935 678/974/948 679/975/949
f 658/961/935 679/975/949 659/962/936
f 659/962/936 679/975/949 680/976/950
f 659/962/936 680/976/950 660/963/937
f 660/963/937 680/976/950 681/977/951
f 660/963/937 681/977/951 661/964/938
f 661/964/938 681/977/951 682/978/952
f 661/964/938 682/978/952 662/965/939
f 662/965/939 682/978/952 683/979/953
f 662/965/939 683/979/953 663/966/940
f 663/966/940 683/979/953 684/980/954
f 663/966/940 684/980/954 664/967/941
f 664/967/941 684/980/954 685/981/955
f 664/967/941 685/981/955 665/968/942
f 665/968/942 685/981/955 686/982/956
f 665/968/942 686/982/956 666/969/943
f 666/969/943 686/982/956 687/983/957
f 666/969/943 687/983/957 667/970/944
f 667/970/944 687/983/957 688/984/958
f 667/970/944 688/984/958 668/971/945
f 668/971/945 688/984/958 689/887/861
f 668/971/945 689/887/861 669/886/860
f 675/790/784 696/792/786 676/972/946
f 676/972/946 696/792/786 697/985/959
f 676/972/946 697/985/959 677/973/947
f 677/973/947 697/985/959 698/986/960
f 677/973/947 698/986/960 678/974/948
f 678/974/948 698/986/960 699/987/961
f 678/974/948 699/987/961 679/975/949
f 679/975/949 699/987/961 700/988/962
f 679/975/949 700/988/962 680/976/950
f 680/976/950 700/988/962 701/989/963
f 680/976/950 701/989/963 681/977/951
f 681/977/951 701/989/963 702/990/964
f 681/977/951 702/990/964 682/978/952
f 682/978/952 702/990/964 703/991/965
f 682/978/952 703/991/965 683/979/953
f 683/979/953 703/991/965 704/992/966
f 683/979/953 704/992/966 684/980/954
f 684/980/954 704/992/966 705/993/967
f 684/980/954 705/993/967 685/981/955
f 685/981/955 705/993/967 706/994/968
f 685/981/955 706/994/968 686/982/956
f 686/982/956 706/994/968 707/995/969
f 686/982/956 707/995/969 687/983/957
f 687/983/957 707/995/969 708/996/970
f 687/983/957 708/996/970 688/984/958
f 688/984/958 708/996/970 709/888/862
f 688/984/958 709/888/862 689/887/861
f 696/792/786 717/794/788 697/985/959
f 697/985/959 717/794/788 718/997/971
f 697/985/959 718/997/971 698/986/960
f 698/986/960 718/997/971 719/998/972
f 698/986/960 719/998/972 699/987/961
f 699/987/961 719/998/972 720/999/973
f 699/987/961 720/999/973 700/988/962
f 700/988/962 720/999/973 721/1000/974
f 700/988/962 721/1000/974 701/989/963
f 701/989/963 721/1000/974 722/1001/975
f 701/989/963 722/1001/975 702/990/964
f 702/990/964 722/1001/975 723/1002/976
f 702/990/964 723/1002/976 703/991/965
f 703/991/965 723/1002/976 724/1003/977
f 703/991/965 724/1003/977 704/992/966
f 704/992/966 724/1003/977 725/1004/978
f 704/992/966 725/1004/978 705/993/967
f 705/993/967 725/1004/978 726/1005/979
f 705/993/967 726/1005/979 706/994/968
f 706/994/968 726/1005/979 727/1006/980
f 706/994/968 727/1006/980 707/995/969
f 707/995/969 727/1006/980 728/1007/981
f 707/995/969 728/1007/981 708/996/970
f 708/996/970 728/1007/981 729/889/863
f 708/996/970 729/889/863 709/888/862
f 717/794/788 738/796/790 718/997/971
f 718/997/971 738/796/790 739/837/822
f 718/997/971 739/837/822 719/998/972
f 719/998/972 739/837/822 740/839/824
f 719/998/972 740/839/824 720/999/973
f 720/999/973 740/839/824 741/841/826
f 720/999/973 741/841/826 721/1000/974
f 721/1000/974 741/841/826 742/843/828
f 721/1000/974 742/843/828 722/1001/975
f 722/1001/975 742/843/828 743/845/830
f 722/1001/975 743/845/830 723/1002/976
f 723/1002/976 743/845/830 744/847/832
f 723/1002/976 744/847/832 724/1003/977
f 724/1003/977 744/847/832 745/849/834
f 724/1003/977 745/849/834 725/1004/978
f 725/1004/978 745/849/834 746/851/836
f 725/1004/978 746/851/836 726/1005/979
f 726/1005/979 746/851/836 747/853/838
f 726/1005/979 747/853/838 727/1006/980
f 727/1006/980 747/853/838 748/855/840
f 727/1006/980 748/855/840 728/1007/981
f 728/1007/981 748/855/840 749/857/842
f 728/1007/981 749/857/842 729/889/863
f 263/1008/982 49/1009/983 377/1010/984
f 377/1010/984 49/1009/983 378/1011/985
f 378/1011/985 49/1009/983 379/1012/986
f 379/1012/986 49/1009/983 380/1013/987
f 380/1013/987 49/1009/983 381/1014/988
f 381/1014/988 49/1009/983 382/1015/989
f 382/1015/989 49/1009/983 48/1016/990
f 382/1015/989 48/1016/990 556/1017/991
f 535/1018/992 20/1019/993 776/1020/994
f 776/1020/994 20/1019/993 19/1021/995
f 776/1020/994 19/1021/995 775/1022/996
f 775/1022/996 19/1021/995 18/1023/997
f 775/1022/996 18/1023/997 774/1024/998
f 774/1024/998 18/1023/997 773/1025/999
f 774/1024/998 773/1025/999 800/1026/1000
f 800/1026/1000 773/1025/999 799/1027/1001
f 800/1026/1000 799/1027/1001 826/1028/1002
f 826/1028/1002 799/1027/1001 825/1029/1003
f 826/1028/1002 825/1029/1003 852/1030/1004
f 852/1030/1004 825/1029/1003 851/1031/1005
f 852/1030/1004 851/1031/1005 878/1032/1006
f 878/1032/1006 851/1031/1005 877/1033/1007
f 878/1032/1006 877/1033/1007 558/1034/814
f 558/1034/814 877/1033/1007 559/1035/810
f 559/1035/810 877/1033/1007 876/1036/1008
f 559/1035/810 876/1036/1008 560/1037/805
f 560/1037/805 876/1036/1008 875/1038/1009
f 560/1037/805 875/1038/1009 874/1039/1010
f 874/1039/1010 875/1038/1009 848/1040/1011
f 874/1039/1010 848/1040/1011 847/1041/1012
f 847/1041/1012 848/1040/1011 821/1042/1013
f 847/1041/1012 821/1042/1013 820/1043/1014
f 820/1043/1014 821/1042/1013 794/1044/1015
f 820/1043/1014 794/1044/1015 793/1045/1016
f 793/1045/1016 794/1044/1015 767/1046/1017
f 793/1045/1016 767/1046/1017 766/1047/1018
f 766/1047/1018 767/1046/1017 13/1048/1019
f 766/1047/1018 13/1048/1019 12/1049/1020
f 18/1023/997 17/1050/1021 773/1025/999
f 773/1025/999 17/1050/1021 772/1051/1022
f 773/1025/999 772/1051/1022 799/1027/1001
f 799/1027/1001 772/1051/1022 798/1052/1023
f 799/1027/1001 798/1052/1023 825/1029/1003
f 825/1029/1003 798/1052/1023 824/1053/1024
f 825/1029/1003 824/1053/1024 851/1031/1005
f 851/1031/1005 824/1053/1024 850/1054/1025
f 851/1031/1005 850/1054/1025 877/1033/1007
f 877/1033/1007 850/1054/1025 876/1036/1008
f 17/1050/1021 16/1055/1026 772/1051/1022
f 772/1051/1022 16/1055/1026 771/1056/1027
f 772/1051/1022 771/1056/1027 798/1052/1023
f 798/1052/1023 771/1056/1027 797/1057/1028
f 798/1052/1023 797/1057/1028 824/1053/1024
f 824/1053/1024 797/1057/1028 823/1058/1029
f 824/1053/1024 823/1058/1029 850/1054/1025
f 850/1054/1025 823/1058/1029 849/1059/1030
f 850/1054/1025 849/1059/1030 876/1036/1008
f 876/1036/1008 849/1059/1030 875/1038/1009
f 771/1056/1027 16/1055/1026 770/1060/1031
f 770/1060/1031 16/1055/1026 15/1061/1032
f 770/1060/1031 15/1061/1032 769/1062/1033
f 769/1062/1033 15/1061/1032 14/1063/1034
f 769/1062/1033 14/1063/1034 768/1064/1035
f 768/1064/1035 14/1063/1034 767/1046/1017
f 768/1064/1035 767/1046/1017 794/1044/1015
f 14/1063/1034 13/1048/1019 767/1046/1017
f 11/1065/1036 764/1066/1037 12/1049/1020
f 12/1049/1020 764/1066/1037 765/1067/1038
f 12/1049/1020 765/1067/1038 766/1047/1018
f 766/1047/1018 765/1067/1038 792/1068/1039
f 766/1047/1018 792/1068/1039 793/1045/1016
f 793/1045/1016 792/1068/1039 819/1069/1040
f 793/1045/1016 819/1069/1040 820/1043/1014
f 820/1043/1014 819/1069/1040 846/1070/1041
f 820/1043/1014 846/1070/1041 847/1041/1012
f 847/1041/1012 846/1070/1041 873/1071/1042
f 847/1041/1012 873/1071/1042 874/1039/1010
f 874/1039/1010 873/1071/1042 561/1072/799
f 874/1039/1010 561/1072/799 560/1037/805
f 764/1066/1037 11/1065/1036 763/1073/1043
f 763/1073/1043 11/1065/1036 10/1074/1044
f 763/1073/1043 10/1074/1044 762/1075/1045
f 762/1075/1045 10/1074/1044 761/1076/1046
f 762/1075/1045 761/1076/1046 788/1077/1047
f 788/1077/1047 761/1076/1046 787/1078/1048
f 788/1077/1047 787/1078/1048 814/1079/1049
f 814/1079/1049 787/1078/1048 813/1080/1050
f 814/1079/1049 813/1080/1050 840/1081/1051
f 840/1081/1051 813/1080/1050 839/1082/1052
f 840/1081/1051 839/1082/1052 866/1083/1053
f 866/1083/1053 839/1082/1052 865/1084/1054
f 866/1083/1053 865/1084/1054 566/1085/827
f 566/1085/827 865/1084/1054 567/1086/829
f 567/1086/829 865/1084/1054 864/1087/1055
f 567/1086/829 864/1087/1055 568/1088/831
f 568/1088/831 864/1087/1055 863/1089/1056
f 568/1088/831 863/1089/1056 862/1090/1057
f 862/1090/1057 863/1089/1056 836/1091/1058
f 862/1090/1057 836/1091/1058 835/1092/1059
f 835/1092/1059 836/1091/1058 809/1093/1060
f 835/1092/1059 809/1093/1060 808/1094/1061
f 808/1094/1061 809/1093/1060 782/1095/1062
f 808/1094/1061 782/1095/1062 781/1096/1063
f 781/1096/1063 782/1095/1062 755/1097/1064
f 781/1096/1063 755/1097/1064 754/1098/1065
f 754/1098/1065 755/1097/1064 5/1099/1066
f 754/1098/1065 5/1099/1066 4/1100/1067
f 10/1074/1044 9/1101/1068 761/1076/1046
f 761/1076/1046 9/1101/1068 760/1102/1069
f 761/1076/1046 760/1102/1069 787/1078/1048
f 787/1078/1048 760/1102/1069 786/1103/1070
f 787/1078/1048 786/1103/1070 813/1080/1050
f 813/1080/1050 786/1103/1070 812/1104/1071
f 813/1080/1050 812/1104/1071 839/1082/1052
f 839/1082/1052 812/1104/1071 838/1105/1072
f 839/1082/1052 838/1105/1072 865/1084/1054
f 865/1084/1054 838/1105/1072 864/1087/1055
f 9/1101/1068 8/1106/1073 760/1102/1069
f 760/1102/1069 8/1106/1073 759/1107/1074
f 760/1102/1069 759/1107/1074 786/1103/1070
f 786/1103/1070 759/1107/1074 785/1108/1075
f 786/1103/1070 785/1108/1075 812/1104/1071
f 812/1104/1071 785/1108/1075 811/1109/1076
f 812/1104/1071 811/1109/1076 838/1105/1072
f 838/1105/1072 811/1109/1076 837/1110/1077
f 838/1105/1072 837/1110/1077 864/1087/1055
f 864/1087/1055 837/1110/1077 863/1089/1056
f 759/1107/1074 8/1106/1073 758/1111/1078
f 758/1111/1078 8/1106/1073 7/1112/1079
f 758/1111/1078 7/1112/1079 757/1113/1080
f 757/1113/1080 7/1112/1079 6/1114/1081
f 757/1113/1080 6/1114/1081 756/1115/1082
f 756/1115/1082 6/1114/1081 755/1097/1064
f 756/1115/1082 755/1097/1064 782/1095/1062
f 6/1114/1081 5/1099/1066 755/1097/1064
f 3/1116/1083 752/1117/1084 4/1100/1067
f 4/1100/1067 752/1117/1084 753/1118/1085
f 4/1100/1067 753/1118/1085 754/1098/1065
f 754/1098/1065 753/1118/1085 780/1119/1086
f 754/1098/1065 780/1119/1086 781/1096/1063
f 781/1096/1063 780/1119/1086 807/1120/1087
f 781/1096/1063 807/1120/1087 808/1094/1061
f 808/1094/1061 807/1120/1087 834/1121/1088
f 808/1094/1061 834/1121/1088 835/1092/1059
f 835/1092/1059 834/1121/1088 861/1122/1089
f 835/1092/1059 861/1122/1089 862/1090/1057
f 862/1090/1057 861/1122/1089 569/1123/833
f 862/1090/1057 569/1123/833 568/1088/831
f 752/1117/1084 3/1116/1083 751/1124/1090
f 751/1124/1090 3/1116/1083 2/1125/1091
f 751/1124/1090 2/1125/1091 46/1126/1092
f 751/1124/1090 46/1126/1092 777/1127/1093
f 777/1127/1093 46/1126/1092 45/1128/1094
f 777/1127/1093 45/1128/1094 803/1129/1095
f 803/1129/1095 45/1128/1094 44/1130/1096
f 803/1129/1095 44/1130/1096 829/1131/1097
f 829/1131/1097 44/1130/1096 43/1132/1098
f 829/1131/1097 43/1132/1098 855/1133/1099
f 855/1133/1099 43/1132/1098 42/1134/1100
f 855/1133/1099 42/1134/1100 41/1135/847
f 41/1135/847 573/1136/841 855/1133/1099
f 855/1133/1099 573/1136/841 856/1137/1101
f 855/1133/1099 856/1137/1101 829/1131/1097
f 829/1131/1097 856/1137/1101 830/1138/1102
f 829/1131/1097 830/1138/1102 803/1129/1095
f 803/1129/1095 830/1138/1102 804/1139/1103
f 803/1129/1095 804/1139/1103 777/1127/1093
f 777/1127/1093 804/1139/1103 778/1140/1104
f 777/1127/1093 778/1140/1104 751/1124/1090
f 751/1124/1090 778/1140/1104 752/1117/1084
f 573/1136/841 572/1141/839 856/1137/1101
f 856/1137/1101 572/1141/839 857/1142/1105
f 856/1137/1101 857/1142/1105 830/1138/1102
f 830/1138/1102 857/1142/1105 831/1143/1106
f 830/1138/1102 831/1143/1106 804/1139/1103
f 804/1139/1103 831/1143/1106 805/1144/1107
f 804/1139/1103 805/1144/1107 778/1140/1104
f 778/1140/1104 805/1144/1107 779/1145/1108
f 778/1140/1104 779/1145/1108 752/1117/1084
f 752/1117/1084 779/1145/1108 753/1118/1085
f 857/1142/1105 572/1141/839 858/1146/1109
f 858/1146/1109 572/1141/839 571/1147/837
f 858/1146/1109 571/1147/837 859/1148/1110
f 859/1148/1110 571/1147/837 570/1149/835
f 859/1148/1110 570/1149/835 860/1150/1111
f 860/1150/1111 570/1149/835 861/1122/1089
f 860/1150/1111 861/1122/1089 834/1121/1088
f 570/1149/835 569/1123/833 861/1122/1089
f 866/1083/1053 566/1085/827 867/1151/1112
f 867/1151/1112 566/1085/827 565/1152/825
f 867/1151/1112 565/1152/825 868/1153/1113
f 868/1153/1113 565/1152/825 564/1154/823
f 868/1153/1113 564/1154/823 869/1155/1114
f 869/1155/1114 564/1154/823 870/1156/1115
f 869/1155/1114 870/1156/1115 843/1157/1116
f 843/1157/1116 870/1156/1115 844/1158/1117
f 843/1157/1116 844/1158/1117 817/1159/1118
f 817/1159/1118 844/1158/1117 818/1160/1119
f 817/1159/1118 818/1160/1119 791/1161/1120
f 791/1161/1120 818/1160/1119 792/1068/1039
f 791/1161/1120 792/1068/1039 765/1067/1038
f 564/1154/823 563/1162/792 870/1156/1115
f 870/1156/1115 563/1162/792 871/1163/1121
f 870/1156/1115 871/1163/1121 844/1158/1117
f 844/1158/1117 871/1163/1121 845/1164/1122
f 844/1158/1117 845/1164/1122 818/1160/1119
f 818/1160/1119 845/1164/1122 819/1069/1040
f 818/1160/1119 819/1069/1040 792/1068/1039
f 563/1162/792 562/1165/791 871/1163/1121
f 871/1163/1121 562/1165/791 872/1166/1123
f 871/1163/1121 872/1166/1123 845/1164/1122
f 845/1164/1122 872/1166/1123 846/1070/1041
f 845/1164/1122 846/1070/1041 819/1069/1040
f 872/1166/1123 562/1165/791 873/1071/1042
f 873/1071/1042 562/1165/791 561/1072/799
f 878/1032/1006 558/1034/814 879/1167/1124
f 879/1167/1124 558/1034/814 557/1168/817
f 879/1167/1124 557/1168/817 880/1169/1125
f 880/1169/1125 557/1168/817 540/1170/820
f 880/1169/1125 540/1170/820 539/1171/1126
f 880/1169/1125 539/1171/1126 854/1172/1127
f 854/1172/1127 539/1171/1126 538/1173/1128
f 854/1172/1127 538/1173/1128 828/1174/1129
f 828/1174/1129 538/1173/1128 537/1175/1130
f 828/1174/1129 537/1175/1130 802/1176/1131
f 802/1176/1131 537/1175/1130 536/1177/1132
f 802/1176/1131 536/1177/1132 776/1020/994
f 776/1020/994 536/1177/1132 535/1018/992
f 780/1119/1086 753/1118/1085 779/1145/1108
f 757/1113/1080 756/1115/1082 783/1178/1133
f 783/1178/1133 756/1115/1082 782/1095/1062
f 783/1178/1133 782/1095/1062 809/1093/1060
f 785/1108/1075 759/1107/1074 758/1111/1078
f 758/1111/1078 757/1113/1080 784/1179/1134
f 784/1179/1134 757/1113/1080 783/1178/1133
f 784/1179/1134 783/1178/1133 810/1180/1135
f 810/1180/1135 783/1178/1133 809/1093/1060
f 810/1180/1135 809/1093/1060 836/1091/1058
f 763/1073/1043 762/1075/1045 789/1181/1136
f 789/1181/1136 762/1075/1045 788/1077/1047
f 789/1181/1136 788/1077/1047 815/1182/1137
f 815/1182/1137 788/1077/1047 814/1079/1049
f 815/1182/1137 814/1079/1049 841/1183/1138
f 841/1183/1138 814/1079/1049 840/1081/1051
f 841/1183/1138 840/1081/1051 867/1151/1112
f 867/1151/1112 840/1081/1051 866/1083/1053
f 791/1161/1120 765/1067/1038 764/1066/1037
f 764/1066/1037 763/1073/1043 790/1184/1139
f 790/1184/1139 763/1073/1043 789/1181/1136
f 790/1184/1139 789/1181/1136 816/1185/1140
f 816/1185/1140 789/1181/1136 815/1182/1137
f 816/1185/1140 815/1182/1137 842/1186/1141
f 842/1186/1141 815/1182/1137 841/1183/1138
f 842/1186/1141 841/1183/1138 868/1153/1113
f 868/1153/1113 841/1183/1138 867/1151/1112
f 769/1062/1033 768/1064/1035 795/1187/1142
f 795/1187/1142 768/1064/1035 794/1044/1015
f 795/1187/1142 794/1044/1015 821/1042/1013
f 797/1057/1028 771/1056/1027 770/1060/1031
f 770/1060/1031 769/1062/1033 796/1188/1143
f 796/1188/1143 769/1062/1033 795/1187/1142
f 796/1188/1143 795/1187/1142 822/1189/1144
f 822/1189/1144 795/1187/1142 821/1042/1013
f 822/1189/1144 821/1042/1013 848/1040/1011
f 802/1176/1131 776/1020/994 775/1022/996
f 775/1022/996 774/1024/998 801/1190/1145
f 801/1190/1145 774/1024/998 800/1026/1000
f 801/1190/1145 800/1026/1000 827/1191/1146
f 827/1191/1146 800/1026/1000 826/1028/1002
f 827/1191/1146 826/1028/1002 853/1192/1147
f 853/1192/1147 826/1028/1002 852/1030/1004
f 853/1192/1147 852/1030/1004 879/1167/1124
f 879/1167/1124 852/1030/1004 878/1032/1006
f 780/1119/1086 779/1145/1108 806/1193/1148
f 806/1193/1148 779/1145/1108 805/1144/1107
f 806/1193/1148 805/1144/1107 832/1194/1149
f 832/1194/1149 805/1144/1107 831/1143/1106
f 832/1194/1149 831/1143/1106 858/1146/1109
f 858/1146/1109 831/1143/1106 857/1142/1105
f 811/1109/1076 785/1108/1075 784/1179/1134
f 784/1179/1134 785/1108/1075 758/1111/1078
f 811/1109/1076 784/1179/1134 810/1180/1135
f 817/1159/1118 791/1161/1120 790/1184/1139
f 790/1184/1139 791/1161/1120 764/1066/1037
f 817/1159/1118 790/1184/1139 816/1185/1140
f 823/1058/1029 797/1057/1028 796/1188/1143
f 796/1188/1143 797/1057/1028 770/1060/1031
f 823/1058/1029 796/1188/1143 822/1189/1144
f 828/1174/1129 802/1176/1131 801/1190/1145
f 801/1190/1145 802/1176/1131 775/1022/996
f 828/1174/1129 801/1190/1145 827/1191/1146
f 780/1119/1086 806/1193/1148 807/1120/1087
f 807/1120/1087 806/1193/1148 833/1195/1150
f 807/1120/1087 833/1195/1150 834/1121/1088
f 834/1121/1088 833/1195/1150 860/1150/1111
f 833/1195/1150 806/1193/1148 832/1194/1149
f 837/1110/1077 811/1109/1076 810/1180/1135
f 837/1110/1077 810/1180/1135 836/1091/1058
f 843/1157/1116 817/1159/1118 816/1185/1140
f 843/1157/1116 816/1185/1140 842/1186/1141
f 849/1059/1030 823/1058/1029 822/1189/1144
f 849/1059/1030 822/1189/1144 848/1040/1011
f 854/1172/1127 828/1174/1129 827/1191/1146
f 854/1172/1127 827/1191/1146 853/1192/1147
f 858/1146/1109 859/1148/1110 832/1194/1149
f 832/1194/1149 859/1148/1110 833/1195/1150
f 859/1148/1110 860/1150/1111 833/1195/1150
f 863/1089/1056 837/1110/1077 836/1091/1058
f 869/1155/1114 843/1157/1116 842/1186/1141
f 869/1155/1114 842/1186/1141 868/1153/1113
f 873/1071/1042 846/1070/1041 872/1166/1123
f 875/1038/1009 849/1059/1030 848/1040/1011
f 880/1169/1125 854/1172/1127 853/1192/1147
f 880/1169/1125 853/1192/1147 879/1167/1124
f 550/1196/1151 255/1197/1152 906/1198/1153
f 906/1198/1153 255/1197/1152 254/1199/1154
f 906/1198/1153 254/1199/1154 905/1200/1155
f 905/1200/1155 254/1199/1154 253/1201/1156
f 905/1200/1155 253/1201/1156 904/1202/1157
f 904/1202/1157 253/1201/1156 903/1203/1158
f 904/1202/1157 903/1203/1158 930/1204/1159
f 930/1204/1159 903/1203/1158 929/1205/1160
f 930/1204/1159 929/1205/1160 956/1206/1161
f 956/1206/1161 929/1205/1160 955/1207/1162
f 956/1206/1161 955/1207/1162 982/1208/1163
f 982/1208/1163 955/1207/1162 981/1209/1164
f 982/1208/1163 981/1209/1164 1008/1210/1165
f 1008/1210/1165 981/1209/1164 1007/1211/1166
f 1008/1210/1165 1007/1211/1166 575/1212/867
f 575/1212/867 1007/1211/1166 576/1213/869
f 576/1213/869 1007/1211/1166 1006/1214/1167
f 576/1213/869 1006/1214/1167 577/1215/871
f 577/1215/871 1006/1214/1167 1005/1216/1168
f 577/1215/871 1005/1216/1168 1004/1217/1169
f 1004/1217/1169 1005/1216/1168 978/1218/1170
f 1004/1217/1169 978/1218/1170 977/1219/1171
f 977/1219/1171 978/1218/1170 951/1220/1172
f 977/1219/1171 951/1220/1172 950/1221/1173
f 950/1221/1173 951/1220/1172 924/1222/1174
f 950/1221/1173 924/1222/1174 923/1223/1175
f 923/1223/1175 924/1222/1174 897/1224/1176
f 923/1223/1175 897/1224/1176 896/1225/1177
f 896/1225/1177 897/1224/1176 248/1226/1178
f 896/1225/1177 248/1226/1178 247/1227/1179
f 253/1201/1156 252/1228/1180 903/1203/1158
f 903/1203/1158 252/1228/1180 902/1229/1181
f 903/1203/1158 902/1229/1181 929/1205/1160
f 929/1205/1160 902/1229/1181 928/1230/1182
f 929/1205/1160 928/1230/1182 955/1207/1162
f 955/1207/1162 928/1230/1182 954/1231/1183
f 955/1207/1162 954/1231/1183 981/1209/1164
f 981/1209/1164 954/1231/1183 980/1232/1184
f 981/1209/1164 980/1232/1184 1007/1211/1166
f 1007/1211/1166 980/1232/1184 1006/1214/1167
f 252/1228/1180 251/1233/1185 902/1229/1181
f 902/1229/1181 251/1233/1185 901/1234/1186
f 902/1229/1181 901/1234/1186 928/1230/1182
f 928/1230/1182 901/1234/1186 927/1235/1187
f 928/1230/1182 927/1235/1187 954/1231/1183
f 954/1231/1183 927/1235/1187 953/1236/1188
f 954/1231/1183 953/1236/1188 980/1232/1184
f 980/1232/1184 953/1236/1188 979/1237/1189
f 980/1232/1184 979/1237/1189 1006/1214/1167
f 1006/1214/1167 979/1237/1189 1005/1216/1168
f 901/1234/1186 251/1233/1185 900/1238/1190
f 900/1238/1190 251/1233/1185 250/1239/1191
f 900/1238/1190 250/1239/1191 899/1240/1192
f 899/1240/1192 250/1239/1191 249/1241/1193
f 899/1240/1192 249/1241/1193 898/1242/1194
f 898/1242/1194 249/1241/1193 897/1224/1176
f 898/1242/1194 897/1224/1176 924/1222/1174
f 249/1241/1193 248/1226/1178 897/1224/1176
f 246/1243/1195 894/1244/1196 247/1227/1179
f 247/1227/1179 894/1244/1196 895/1245/1197
f 247/1227/1179 895/1245/1197 896/1225/1177
f 896/1225/1177 895/1245/1197 922/1246/1198
f 896/1225/1177 922/1246/1198 923/1223/1175
f 923/1223/1175 922/1246/1198 949/1247/1199
f 923/1223/1175 949/1247/1199 950/1221/1173
f 950/1221/1173 949/1247/1199 976/1248/1200
f 950/1221/1173 976/1248/1200 977/1219/1171
f 977/1219/1171 976/1248/1200 1003/1249/1201
f 977/1219/1171 1003/1249/1201 1004/1217/1169
f 1004/1217/1169 1003/1249/1201 578/1250/873
f 1004/1217/1169 578/1250/873 577/1215/871
f 894/1244/1196 246/1243/1195 893/1251/1202
f 893/1251/1202 246/1243/1195 245/1252/1203
f 893/1251/1202 245/1252/1203 892/1253/1204
f 892/1253/1204 245/1252/1203 891/1254/1205
f 892/1253/1204 891/1254/1205 918/1255/1206
f 918/1255/1206 891/1254/1205 917/1256/1207
f 918/1255/1206 917/1256/1207 944/1257/1208
f 944/1257/1208 917/1256/1207 943/1258/1209
f 944/1257/1208 943/1258/1209 970/1259/1210
f 970/1259/1210 943/1258/1209 969/1260/1211
f 970/1259/1210 969/1260/1211 996/1261/1212
f 996/1261/1212 969/1260/1211 995/1262/1213
f 996/1261/1212 995/1262/1213 583/1263/883
f 583/1263/883 995/1262/1213 584/1264/885
f 584/1264/885 995/1262/1213 994/1265/1214
f 584/1264/885 994/1265/1214 585/1266/887
f 585/1266/887 994/1265/1214 993/1267/1215
f 585/1266/887 993/1267/1215 992/1268/1216
f 992/1268/1216 993/1267/1215 966/1269/1217
f 992/1268/1216 966/1269/1217 965/1270/1218
f 965/1270/1218 966/1269/1217 939/1271/1219
f 965/1270/1218 939/1271/1219 938/1272/1220
f 938/1272/1220 939/1271/1219 912/1273/1221
f 938/1272/1220 912/1273/1221 911/1274/1222
f 911/1274/1222 912/1273/1221 885/1275/1223
f 911/1274/1222 885/1275/1223 884/1276/1224
f 884/1276/1224 885/1275/1223 240/1277/1225
f 884/1276/1224 240/1277/1225 239/1278/1226
f 245/1252/1203 244/1279/1227 891/1254/1205
f 891/1254/1205 244/1279/1227 890/1280/1228
f 891/1254/1205 890/1280/1228 917/1256/1207
f 917/1256/1207 890/1280/1228 916/1281/1229
f 917/1256/1207 916/1281/1229 943/1258/1209
f 943/1258/1209 916/1281/1229 942/1282/1230
f 943/1258/1209 942/1282/1230 969/1260/1211
f 969/1260/1211 942/1282/1230 968/1283/1231
f 969/1260/1211 968/1283/1231 995/1262/1213
f 995/1262/1213 968/1283/1231 994/1265/1214
f 244/1279/1227 243/1284/1232 890/1280/1228
f 890/1280/1228 243/1284/1232 889/1285/1233
f 890/1280/1228 889/1285/1233 916/1281/1229
f 916/1281/1229 889/1285/1233 915/1286/1234
f 916/1281/1229 915/1286/1234 942/1282/1230
f 942/1282/1230 915/1286/1234 941/1287/1235
f 942/1282/1230 941/1287/1235 968/1283/1231
f 968/1283/1231 941/1287/1235 967/1288/1236
f 968/1283/1231 967/1288/1236 994/1265/1214
f 994/1265/1214 967/1288/1236 993/1267/1215
f 889/1285/1233 243/1284/1232 888/1289/1237
f 888/1289/1237 243/1284/1232 242/1290/1238
f 888/1289/1237 242/1290/1238 887/1291/1239
f 887/1291/1239 242/1290/1238 241/1292/1240
f 887/1291/1239 241/1292/1240 886/1293/1241
f 886/1293/1241 241/1292/1240 885/1275/1223
f 886/1293/1241 885/1275/1223 912/1273/1221
f 241/1292/1240 240/1277/1225 885/1275/1223
f 238/1294/1242 882/1295/1243 239/1278/1226
f 239/1278/1226 882/1295/1243 883/1296/1244
f 239/1278/1226 883/1296/1244 884/1276/1224
f 884/1276/1224 883/1296/1244 910/1297/1245
f 884/1276/1224 910/1297/1245 911/1274/1222
f 911/1274/1222 910/1297/1245 937/1298/1246
f 911/1274/1222 937/1298/1246 938/1272/1220
f 938/1272/1220 937/1298/1246 964/1299/1247
f 938/1272/1220 964/1299/1247 965/1270/1218
f 965/1270/1218 964/1299/1247 991/1300/1248
f 965/1270/1218 991/1300/1248 992/1268/1216
f 992/1268/1216 991/1300/1248 586/1301/889
f 992/1268/1216 586/1301/889 585/1266/887
f 882/1295/1243 238/1294/1242 881/1302/1249
f 881/1302/1249 238/1294/1242 237/1303/1250
f 881/1302/1249 237/1303/1250 262/1304/1251
f 881/1302/1249 262/1304/1251 907/1305/1252
f 907/1305/1252 262/1304/1251 261/1306/1253
f 907/1305/1252 261/1306/1253 933/1307/1254
f 933/1307/1254 261/1306/1253 260/1308/1255
f 933/1307/1254 260/1308/1255 959/1309/1256
f 959/1309/1256 260/1308/1255 259/1310/1257
f 959/1309/1256 259/1310/1257 985/1311/1258
f 985/1311/1258 259/1310/1257 258/1312/1259
f 985/1311/1258 258/1312/1259 257/1313/900
f 257/1313/900 590/1314/897 985/1311/1258
f 985/1311/1258 590/1314/897 986/1315/1260
f 985/1311/1258 986/1315/1260 959/1309/1256
f 959/1309/1256 986/1315/1260 960/1316/1261
f 959/1309/1256 960/1316/1261 933/1307/1254
f 933/1307/1254 960/1316/1261 934/1317/1262
f 933/1307/1254 934/1317/1262 907/1305/1252
f 907/1305/1252 934/1317/1262 908/1318/1263
f 907/1305/1252 908/1318/1263 881/1302/1249
f 881/1302/1249 908/1318/1263 882/1295/1243
f 590/1314/897 589/1319/895 986/1315/1260
f 986/1315/1260 589/1319/895 987/1320/1264
f 986/1315/1260 987/1320/1264 960/1316/1261
f 960/1316/1261 987/1320/1264 961/1321/1265
f 960/1316/1261 961/1321/1265 934/1317/1262
f 934/1317/1262 961/1321/1265 935/1322/1266
f 934/1317/1262 935/1322/1266 908/1318/1263
f 908/1318/1263 935/1322/1266 909/1323/1267
f 908/1318/1263 909/1323/1267 882/1295/1243
f 882/1295/1243 909/1323/1267 883/1296/1244
f 987/1320/1264 589/1319/895 988/1324/1268
f 988/1324/1268 589/1319/895 588/1325/893
f 988/1324/1268 588/1325/893 989/1326/1269
f 989/1326/1269 588/1325/893 587/1327/891
f 989/1326/1269 587/1327/891 990/1328/1270
f 990/1328/1270 587/1327/891 991/1300/1248
f 990/1328/1270 991/1300/1248 964/1299/1247
f 587/1327/891 586/1301/889 991/1300/1248
f 996/1261/1212 583/1263/883 997/1329/1271
f 997/1329/1271 583/1263/883 582/1330/881
f 997/1329/1271 582/1330/881 998/1331/1272
f 998/1331/1272 582/1330/881 581/1332/879
f 998/1331/1272 581/1332/879 999/1333/1273
f 999/1333/1273 581/1332/879 1000/1334/1274
f 999/1333/1273 1000/1334/1274 973/1335/1275
f 973/1335/1275 1000/1334/1274 974/1336/1276
f 973/1335/1275 974/1336/1276 947/1337/1277
f 947/1337/1277 974/1336/1276 948/1338/1278
f 947/1337/1277 948/1338/1278 921/1339/1279
f 921/1339/1279 948/1338/1278 922/1246/1198
f 921/1339/1279 922/1246/1198 895/1245/1197
f 581/1332/879 580/1340/877 1000/1334/1274
f 1000/1334/1274 580/1340/877 1001/1341/1280
f 1000/1334/1274 1001/1341/1280 974/1336/1276
f 974/1336/1276 1001/1341/1280 975/1342/1281
f 974/1336/1276 975/1342/1281 948/1338/1278
f 948/1338/1278 975/1342/1281 949/1247/1199
f 948/1338/1278 949/1247/1199 922/1246/1198
f 580/1340/877 579/1343/875 1001/1341/1280
f 1001/1341/1280 579/1343/875 1002/1344/1282
f 1001/1341/1280 1002/1344/1282 975/1342/1281
f 975/1342/1281 1002/1344/1282 976/1248/1200
f 975/1342/1281 976/1248/1200 949/1247/1199
f 1002/1344/1282 579/1343/875 1003/1249/1201
f 1003/1249/1201 579/1343/875 578/1250/873
f 1008/1210/1165 575/1212/867 1009/1345/1283
f 1009/1345/1283 575/1212/867 574/1346/865
f 1009/1345/1283 574/1346/865 1010/1347/1284
f 1010/1347/1284 574/1346/865 555/1348/864
f 1010/1347/1284 555/1348/864 554/1349/1285
f 1010/1347/1284 554/1349/1285 984/1350/1286
f 984/1350/1286 554/1349/1285 553/1351/1287
f 984/1350/1286 553/1351/1287 958/1352/1288
f 958/1352/1288 553/1351/1287 552/1353/1289
f 958/1352/1288 552/1353/1289 932/1354/1290
f 932/1354/1290 552/1353/1289 551/1355/1291
f 932/1354/1290 551/1355/1291 906/1198/1153
f 906/1198/1153 551/1355/1291 550/1196/1151
f 910/1297/1245 883/1296/1244 909/1323/1267
f 887/1291/1239 886/1293/1241 913/1356/1292
f 913/1356/1292 886/1293/1241 912/1273/1221
f 913/1356/1292 912/1273/1221 939/1271/1219
f 915/1286/1234 889/1285/1233 888/1289/1237
f 888/1289/1237 887/1291/1239 914/1357/1293
f 914/1357/1293 887/1291/1239 913/1356/1292
f 914/1357/1293 913/1356/1292 940/1358/1294
f 940/1358/1294 913/1356/1292 939/1271/1219
f 940/1358/1294 939/1271/1219 966/1269/1217
f 893/1251/1202 892/1253/1204 919/1359/1295
f 919/1359/1295 892/1253/1204 918/1255/1206
f 919/1359/1295 918/1255/1206 945/1360/1296
f 945/1360/1296 918/1255/1206 944/1257/1208
f 945/1360/1296 944/1257/1208 971/1361/1297
f 971/1361/1297 944/1257/1208 970/1259/1210
f 971/1361/1297 970/1259/1210 997/1329/1271
f 997/1329/1271 970/1259/1210 996/1261/1212
f 921/1339/1279 895/1245/1197 894/1244/1196
f 894/1244/1196 893/1251/1202 920/1362/1298
f 920/1362/1298 893/1251/1202 919/1359/1295
f 920/1362/1298 919/1359/1295 946/1363/1299
f 946/1363/1299 919/1359/1295 945/1360/1296
f 946/1363/1299 945/1360/1296 972/1364/1300
f 972/1364/1300 945/1360/1296 971/1361/1297
f 972/1364/1300 971/1361/1297 998/1331/1272
f 998/1331/1272 971/1361/1297 997/1329/1271
f 899/1240/1192 898/1242/1194 925/1365/1301
f 925/1365/1301 898/1242/1194 924/1222/1174
f 925/1365/1301 924/1222/1174 951/1220/1172
f 927/1235/1187 901/1234/1186 900/1238/1190
f 900/1238/1190 899/1240/1192 926/1366/1302
f 926/1366/1302 899/1240/1192 925/1365/1301
f 926/1366/1302 925/1365/1301 952/1367/1303
f 952/1367/1303 925/1365/1301 951/1220/1172
f 952/1367/1303 951/1220/1172 978/1218/1170
f 932/1354/1290 906/1198/1153 905/1200/1155
f 905/1200/1155 904/1202/1157 931/1368/1304
f 931/1368/1304 904/1202/1157 930/1204/1159
f 931/1368/1304 930/1204/1159 957/1369/1305
f 957/1369/1305 930/1204/1159 956/1206/1161
f 957/1369/1305 956/1206/1161 983/1370/1306
f 983/1370/1306 956/1206/1161 982/1208/1163
f 983/1370/1306 982/1208/1163 1009/1345/1283
f 1009/1345/1283 982/1208/1163 1008/1210/1165
f 910/1297/1245 909/1323/1267 936/1371/1307
f 936/1371/1307 909/1323/1267 935/1322/1266
f 936/1371/1307 935/1322/1266 962/1372/1308
f 962/1372/1308 935/1322/1266 961/1321/1265
f 962/1372/1308 961/1321/1265 988/1324/1268
f 988/1324/1268 961/1321/1265 987/1320/1264
f 941/1287/1235 915/1286/1234 914/1357/1293
f 914/1357/1293 915/1286/1234 888/1289/1237
f 941/1287/1235 914/1357/1293 940/1358/1294
f 947/1337/1277 921/1339/1279 920/1362/1298
f 920/1362/1298 921/1339/1279 894/1244/1196
f 947/1337/1277 920/1362/1298 946/1363/1299
f 953/1236/1188 927/1235/1187 926/1366/1302
f 926/1366/1302 927/1235/1187 900/1238/1190
f 953/1236/1188 926/1366/1302 952/1367/1303
f 958/1352/1288 932/1354/1290 931/1368/1304
f 931/1368/1304 932/1354/1290 905/1200/1155
f 958/1352/1288 931/1368/1304 957/1369/1305
f 910/1297/1245 936/1371/1307 937/1298/1246
f 937/1298/1246 936/1371/1307 963/1373/1309
f 937/1298/1246 963/1373/1309 964/1299/1247
f 964/1299/1247 963/1373/1309 990/1328/1270
f 963/1373/1309 936/1371/1307 962/1372/1308
f 967/1288/1236 941/1287/1235 940/1358/1294
f 967/1288/1236 940/1358/1294 966/1269/1217
f 973/1335/1275 947/1337/1277 946/1363/1299
f 973/1335/1275 946/1363/1299 972/1364/1300
f 979/1237/1189 953/1236/1188 952/1367/1303
f 979/1237/1189 952/1367/1303 978/1218/1170
f 984/1350/1286 958/1352/1288 957/1369/1305
f 984/1350/1286 957/1369/1305 983/1370/1306
f 988/1324/1268 989/1326/1269 962/1372/1308
f 962/1372/1308 989/1326/1269 963/1373/1309
f 989/1326/1269 990/1328/1270 963/1373/1309
f 993/1267/1215 967/1288/1236 966/1269/1217
f 999/1333/1273 973/1335/1275 972/1364/1300
f 999/1333/1273 972/1364/1300 998/1331/1272
f 1003/1249/1201 976/1248/1200 1002/1344/1282
f 1005/1216/1168 979/1237/1189 978/1218/1170
f 1010/1347/1284 984/1350/1286 983/1370/1306
f 1010/1347/1284 983/1370/1306 1009/1345/1283
f 543/1374/1310 96/1375/1311 1011/1376/1312
f 1011/1376/1312 96/1375/1311 95/1377/1313
f 1011/1376/1312 95/1377/1313 118/1378/1314
f 118/1378/1314 117/1379/1315 1011/1376/1312
f 1011/1376/1312 117/1379/1315 1012/1380/1316
f 1011/1376/1312 1012/1380/1316 544/1381/1317
f 544/1381/1317 1012/1380/1316 545/1382/1318
f 545/1382/1318 1012/1380/1316 1013/1383/1319
f 545/1382/1318 1013/1383/1319 546/1384/1320
f 546/1384/1320 1013/1383/1319 1014/1385/1321
f 546/1384/1320 1014/1385/1321 547/1386/1322
f 547/1386/1322 1014/1385/1321 1015/1387/1323
f 547/1386/1322 1015/1387/1323 548/1388/846
f 548/1388/846 1015/1387/1323 112/1389/138
f 112/1389/138 1015/1387/1323 113/1390/1324
f 113/1390/1324 1015/1387/1323 1014/1385/1321
f 113/1390/1324 1014/1385/1321 114/1391/1325
f 114/1391/1325 1014/1385/1321 1013/1383/1319
f 114/1391/1325 1013/1383/1319 115/1392/1326
f 115/1392/1326 1013/1383/1319 116/1393/1327
f 116/1393/1327 1013/1383/1319 1012/1380/1316
f 116/1393/1327 1012/1380/1316 117/1379/1315
f 544/1381/1317 543/1374/1310 1011/1376/1312
f 216/1394/1328 215/1395/1329 256/1396/1330
f 256/1396/1330 215/1395/1329 289/1397/1331
f 48/1398/1332 47/1399/1333 556/1400/1334
f 556/1400/1334 47/1399/1333 541/1401/1335
g Body1:1

v 15.000542 6.000000 72.000000
v 15.388723 5.948931 72.000001
v 15.750383 5.799202 72.000001
v 16.060907 5.561002 72.000001
v 16.299158 5.250545 72.000001
v 16.448920 4.888963 72.000001
v 16.500000 4.500867 72.000000
v 16.142857 4.215153 61.714286
v 15.785714 3.929439 51.428571
v 15.428571 3.643724 41.142857
v 15.071429 3.358010 30.857143
v 14.714286 3.072296 20.571429
v 14.357143 2.786582 10.285714
v 14.000000 2.500867 0.000000
v 13.948920 2.888963 0.000000
v 13.799158 3.250545 0.000000
v 13.560907 3.561002 0.000000
v 13.250383 3.799202 0.000000
v 12.888723 3.948931 0.000000
v 12.500542 4.000000 0.000000
v 12.857685 4.285714 10.285714
v 13.214828 4.571429 20.571429
v 13.571971 4.857143 30.857143
v 13.929114 5.142857 41.142857
v 14.286257 5.428571 51.428571
v 14.643399 5.714286 61.714286
v 15.111285 5.726982 64.009810
v 14.833413 5.504684 56.007079
v 14.555540 5.282385 48.004348
v 14.277668 5.060087 40.001617
v 13.999795 4.837789 31.998887
v 13.721922 4.615491 23.996156
v 13.444050 4.393193 15.993425
v 13.166177 4.170895 7.990695
v 15.472655 5.577019 64.001428
v 15.194782 5.354721 55.998697
v 14.916909 5.132423 47.995966
v 14.639037 4.910125 39.993235
v 14.361164 4.687827 31.990505
v 14.083292 4.465529 23.987774
v 13.805419 4.243230 15.985043
v 13.527546 4.020932 7.982313
v 15.783034 5.338704 63.997270
v 15.505161 5.116406 55.994540
v 15.227289 4.894108 47.991809
v 14.949416 4.671810 39.989078
v 14.671544 4.449511 31.986348
v 14.393671 4.227213 23.983617
v 14.115798 4.004915 15.980886
v 13.837926 3.782617 7.978155
v 16.021298 5.028257 63.997621
v 15.743425 4.805959 55.994890
v 15.465552 4.583661 47.992159
v 15.187680 4.361363 39.989429
v 14.909807 4.139065 31.986698
v 14.631935 3.916767 23.983967
v 14.354062 3.694469 15.981237
v 14.076189 3.472170 7.978506
v 16.171228 4.666809 64.002455
v 15.893355 4.444511 55.999724
v 15.615483 4.222213 47.996994
v 15.337610 3.999915 39.994263
v 15.059737 3.777617 31.991532
v 14.781865 3.555319 23.988802
v 14.503992 3.333021 15.986071
v 14.226120 3.110723 7.983340
v 14.500000 6.000000 72.000001
v 14.500000 0.000000 72.000001
v 14.999096 0.000000 72.000001
v 15.387559 0.051111 72.000001
v 15.749548 0.200962 72.000001
v 16.060395 0.439340 72.000001
v 16.298917 0.750000 72.000001
v 16.448858 1.111771 72.000001
v 16.500000 1.500000 72.000000
v 11.500000 4.000000 0.000000
v 11.500000 4.285714 10.285714
v 11.500000 4.571429 20.571429
v 11.500000 4.857143 30.857143
v 11.500000 5.142857 41.142857
v 11.500000 5.428571 51.428571
v 11.500000 5.714286 61.714286
v 11.500000 6.000000 72.000000
v 12.000000 6.000000 72.000001
v 10.000000 4.499421 72.000001
v 10.051111 4.887800 72.000001
v 10.200962 5.249711 72.000001
v 10.439340 5.560491 72.000001
v 10.750000 5.798961 72.000001
v 11.111771 5.948869 72.000001
v 11.111771 3.948869 0.000000
v 10.750000 3.798961 0.000000
v 10.439340 3.560491 0.000000
v 10.200962 3.249711 0.000000
v 10.051111 2.887800 0.000000
v 10.000000 2.499421 0.000000
v 10.000000 2.785136 10.285714
v 10.000000 3.070850 20.571429
v 10.000000 3.356564 30.857143
v 10.000000 3.642279 41.142858
v 10.000000 3.927993 51.428572
v 10.000000 4.213707 61.714287
v 10.051111 4.666306 64.026243
v 10.051111 4.443956 56.021615
v 10.051111 4.221605 48.016987
v 10.051111 3.999254 40.012359
v 10.051111 3.776903 32.007731
v 10.051111 3.554553 24.003104
v 10.051111 3.332202 15.998476
v 10.051111 3.109851 7.993848
v 10.200962 5.027938 64.016197
v 10.200962 4.805588 56.011570
v 10.200962 4.583237 48.006942
v 10.200962 4.360886 40.002314
v 10.200962 4.138535 31.997686
v 10.200962 3.916185 23.993058
v 10.200962 3.693834 15.988430
v 10.200962 3.471483 7.983803
v 10.439340 5.338479 64.007571
v 10.439340 5.116128 56.002943
v 10.439340 4.893777 47.998316
v 10.439340 4.671426 39.993688
v 10.439340 4.449076 31.989060
v 10.439340 4.226725 23.984432
v 10.439340 4.004374 15.979804
v 10.439340 3.782023 7.975176
v 10.750000 5.576765 64.000952
v 10.750000 5.354414 55.996324
v 10.750000 5.132063 47.991697
v 10.750000 4.909712 39.987069
v 10.750000 4.687362 31.982441
v 10.750000 4.465011 23.977813
v 10.750000 4.242660 15.973185
v 10.750000 4.020309 7.968557
v 11.111771 5.726558 63.996791
v 11.111771 5.504207 55.992164
v 11.111771 5.281856 47.987536
v 11.111771 5.059505 39.982908
v 11.111771 4.837155 31.978280
v 11.111771 4.614804 23.973652
v 11.111771 4.392453 15.969024
v 11.111771 4.170102 7.964396
v 10.000000 1.500000 72.000001
v 10.051111 1.111771 72.000001
v 10.200962 0.750000 72.000001
v 10.439340 0.439340 72.000001
v 10.750000 0.200962 72.000001
v 11.111771 0.051111 72.000001
v 11.500000 0.000000 72.000001
v 12.000000 0.000000 72.000001
v 12.499096 0.000000 0.000000
v 12.887559 0.051111 0.000000
v 13.249548 0.200962 0.000000
v 13.560395 0.439340 0.000000
v 13.798917 0.750000 0.000000
v 13.948858 1.111771 0.000000
v 14.000000 1.500000 0.000000
v 14.357143 1.500000 10.285714
v 14.714286 1.500000 20.571429
v 15.071429 1.500000 30.857143
v 15.428571 1.500000 41.142857
v 15.785714 1.500000 51.428571
v 16.142857 1.500000 61.714286
v 14.641953 0.000000 61.714287
v 14.284810 0.000000 51.428572
v 13.927667 0.000000 41.142858
v 13.570525 0.000000 30.857143
v 13.213382 0.000000 20.571429
v 12.856239 0.000000 10.285714
v 13.165069 0.051111 7.992312
v 13.443048 0.051111 15.998095
v 13.721027 0.051111 24.003879
v 13.999005 0.051111 32.009662
v 14.276984 0.051111 40.015446
v 14.554962 0.051111 48.021229
v 14.832941 0.051111 56.027013
v 15.110920 0.051111 64.032796
v 13.526623 0.200962 7.979758
v 13.804602 0.200962 15.985541
v 14.082580 0.200962 23.991325
v 14.360559 0.200962 31.997108
v 14.638537 0.200962 40.002892
v 14.916516 0.200962 48.008675
v 15.194495 0.200962 56.014459
v 15.472473 0.200962 64.020242
v 13.837096 0.439340 7.968977
v 14.115075 0.439340 15.974761
v 14.393053 0.439340 23.980544
v 14.671032 0.439340 31.986328
v 14.949010 0.439340 39.992111
v 15.226989 0.439340 47.997895
v 15.504968 0.439340 56.003679
v 15.782946 0.439340 64.009462
v 14.075330 0.750000 7.960705
v 14.353309 0.750000 15.966489
v 14.631288 0.750000 23.972272
v 14.909266 0.750000 31.978056
v 15.187245 0.750000 39.983839
v 15.465223 0.750000 47.989623
v 15.743202 0.750000 55.995407
v 16.021181 0.750000 64.001190
v 14.225091 1.111771 7.955505
v 14.503069 1.111771 15.961289
v 14.781048 1.111771 23.967072
v 15.059027 1.111771 31.972856
v 15.337005 1.111771 39.978639
v 15.614984 1.111771 47.984423
v 15.892962 1.111771 55.990207
v 16.170941 1.111771 63.995990
v 11.500000 0.000000 0.000000
v 11.111771 0.051111 0.000000
v 10.750000 0.200962 0.000000
v 10.439340 0.439340 0.000000
v 10.200962 0.750000 0.000000
v 10.051111 1.111771 0.000000
v 10.000000 1.500000 0.000000
v 14.500000 0.000000 75.000001
v 16.500000 0.000000 75.000001
v 16.500000 0.000000 78.000000
v 10.000000 0.000000 78.000000
v 10.000000 0.000000 75.000001
v 12.000000 0.000000 75.000001
v 11.500000 0.000000 61.714287
v 11.500000 0.000000 51.428572
v 11.500000 0.000000 41.142858
v 11.500000 0.000000 30.857143
v 11.500000 0.000000 20.571429
v 11.500000 0.000000 10.285714
v 10.000000 1.500000 61.714287
v 10.000000 1.500000 51.428572
v 10.000000 1.500000 41.142858
v 10.000000 1.500000 30.857143
v 10.000000 1.500000 20.571429
v 10.000000 1.500000 10.285714
v 10.051111 1.111771 8.000000
v 10.051111 1.111771 16.000000
v 10.051111 1.111771 24.000000
v 10.051111 1.111771 32.000000
v 10.051111 1.111771 40.000001
v 10.051111 1.111771 48.000001
v 10.051111 1.111771 56.000001
v 10.051111 1.111771 64.000001
v 10.200962 0.750000 8.000000
v 10.200962 0.750000 16.000000
v 10.200962 0.750000 24.000000
v 10.200962 0.750000 32.000000
v 10.200962 0.750000 40.000001
v 10.200962 0.750000 48.000001
v 10.200962 0.750000 56.000001
v 10.200962 0.750000 64.000001
v 10.439340 0.439340 8.000000
v 10.439340 0.439340 16.000000
v 10.439340 0.439340 24.000000
v 10.439340 0.439340 32.000000
v 10.439340 0.439340 40.000001
v 10.439340 0.439340 48.000001
v 10.439340 0.439340 56.000001
v 10.439340 0.439340 64.000001
v 10.750000 0.200962 8.000000
v 10.750000 0.200962 16.000000
v 10.750000 0.200962 24.000000
v 10.750000 0.200962 32.000000
v 10.750000 0.200962 40.000001
v 10.750000 0.200962 48.000001
v 10.750000 0.200962 56.000001
v 10.750000 0.200962 64.000001
v 11.111771 0.051111 8.000000
v 11.111771 0.051111 16.000000
v 11.111771 0.051111 24.000000
v 11.111771 0.051111 32.000000
v 11.111771 0.051111 40.000001
v 11.111771 0.051111 48.000001
v 11.111771 0.051111 56.000001
v 11.111771 0.051111 64.000001
v 16.500000 0.051111 78.388229
v 16.500000 0.200962 78.750000
v 16.500000 0.439340 79.060660
v 16.500000 0.750000 79.299038
v 16.500000 1.111771 79.448889
v 16.500000 1.500000 79.500000
v 10.000000 1.500000 79.500000
v 10.000000 1.111771 79.448889
v 10.000000 0.750000 79.299038
v 10.000000 0.439340 79.060660
v 10.000000 0.200962 78.750000
v 10.000000 0.051111 78.388229
v 16.500000 6.000000 79.500000
v 10.000000 6.000000 79.500000
v 16.500000 6.000000 75.000001
v 12.000000 6.000000 75.000001
v 10.000000 6.000000 75.000001
v 14.500000 6.000000 75.000001
vt -61.778755 1.177375 0.000000
vt -72.074633 1.177375 0.000000
vt -64.088595 0.784916 0.000000
vt -72.086682 0.784916 0.000000
vt -64.088595 0.392458 0.000000
vt -72.095072 0.392458 0.000000
vt -64.088595 0.000000 0.000000
vt -72.099234 0.000000 0.000000
vt -72.098883 -0.392458 0.000000
vt -64.088595 -0.392458 0.000000
vt -72.094044 -0.784916 0.000000
vt -64.088595 -0.784916 0.000000
vt -72.085045 -1.177375 0.000000
vt -61.789167 -1.177375 0.000000
vt -56.077957 -0.784916 0.000000
vt -51.493289 -1.177375 0.000000
vt -48.067318 -0.784916 0.000000
vt -41.197411 -1.177375 0.000000
vt -40.056680 -0.784916 0.000000
vt -32.046041 -0.784916 0.000000
vt -40.056680 -0.392458 0.000000
vt -32.046041 -0.392458 0.000000
vt -40.056680 0.000000 0.000000
vt -32.046041 0.000000 0.000000
vt -32.046041 0.392458 0.000000
vt -24.035403 0.392458 0.000000
vt -24.035403 0.784916 0.000000
vt -16.024764 0.784916 0.000000
vt -20.595243 1.177375 0.000000
vt -10.299366 1.177375 0.000000
vt -8.014126 0.784916 0.000000
vt -0.003488 1.177375 0.000000
vt -0.015536 0.784916 0.000000
vt -0.023926 0.392458 0.000000
vt -8.014126 0.392458 0.000000
vt -0.028087 0.000000 0.000000
vt -8.014126 0.000000 0.000000
vt -8.014126 -0.392458 0.000000
vt -16.024764 0.000000 0.000000
vt -16.024764 -0.392458 0.000000
vt -24.035403 0.000000 0.000000
vt -24.035403 -0.392458 0.000000
vt -30.901533 -1.177375 0.000000
vt -24.035403 -0.784916 0.000000
vt -20.605655 -1.177375 0.000000
vt -16.024764 -0.784916 0.000000
vt -10.309777 -1.177375 0.000000
vt -8.014126 -0.784916 0.000000
vt -0.013899 -1.177375 0.000000
vt -0.022897 -0.784916 0.000000
vt -0.027736 -0.392458 0.000000
vt -30.891121 1.177375 0.000000
vt -32.046041 0.784916 0.000000
vt -40.056680 0.392458 0.000000
vt -48.067318 0.000000 0.000000
vt -48.067318 -0.392458 0.000000
vt -41.186999 1.177375 0.000000
vt -40.056680 0.784916 0.000000
vt -48.067318 0.392458 0.000000
vt -56.077957 0.000000 0.000000
vt -56.077957 -0.392458 0.000000
vt -48.067318 0.784916 0.000000
vt -51.482877 1.177375 0.000000
vt -56.077957 0.784916 0.000000
vt -56.077957 0.392458 0.000000
vt -16.024764 0.392458 0.000000
vt -0.051080 4.888963 0.000000
vt -0.200842 5.250545 0.000000
vt -0.000000 4.500867 0.000000
vt -0.439093 5.561002 0.000000
vt -0.439605 0.439340 0.000000
vt -0.750452 0.200962 0.000000
vt -0.749617 5.799202 0.000000
vt -1.112441 0.051111 0.000000
vt -1.111277 5.948931 0.000000
vt -1.500904 0.000000 0.000000
vt -1.499458 6.000000 0.000000
vt -2.000000 6.000000 0.000000
vt -2.000000 0.000000 0.000000
vt -0.000000 1.500000 0.000000
vt -0.201083 0.750000 0.000000
vt -0.051142 1.111771 0.000000
vt 72.027772 1.000542 0.000000
vt 61.738091 0.643399 0.000000
vt 72.027774 0.500000 0.000000
vt 72.027774 -2.000000 0.000000
vt 61.738091 -2.500000 0.000000
vt 72.027772 -2.500000 0.000000
vt 51.448409 0.286257 0.000000
vt 51.448409 -2.500000 0.000000
vt 41.158727 -0.070886 0.000000
vt 41.158727 -2.500000 0.000000
vt 30.869045 -0.428029 0.000000
vt 30.869045 -2.500000 0.000000
vt 20.579364 -0.785172 0.000000
vt 20.579364 -2.500000 0.000000
vt 10.289682 -1.142315 0.000000
vt 10.289682 -2.500000 0.000000
vt 0.000000 -1.499458 0.000000
vt -0.000000 -2.500000 0.000000
vt -61.696425 1.178097 0.000000
vt -71.986107 1.178097 0.000000
vt -64.020057 0.785398 0.000000
vt -71.996891 0.785398 0.000000
vt -64.020057 0.392699 0.000000
vt -72.006940 0.392699 0.000000
vt -64.020057 0.000000 0.000000
vt -72.015570 0.000000 0.000000
vt -64.020057 -0.392699 0.000000
vt -72.022191 -0.392699 0.000000
vt -64.020057 -0.785398 0.000000
vt -72.026354 -0.785398 0.000000
vt -72.027772 -1.178097 0.000000
vt -61.738091 -1.178097 0.000000
vt -56.012342 -0.785398 0.000000
vt -56.012342 -0.392699 0.000000
vt -56.012342 0.000000 0.000000
vt -56.012342 0.392699 0.000000
vt -56.012342 0.785398 0.000000
vt -51.406743 1.178097 0.000000
vt -48.004626 0.785398 0.000000
vt -41.117061 1.178097 0.000000
vt -39.996911 0.785398 0.000000
vt -31.989195 0.785398 0.000000
vt -31.989195 0.392699 0.000000
vt -23.981480 0.392699 0.000000
vt -23.981480 0.000000 0.000000
vt -15.973764 0.000000 0.000000
vt -15.973764 -0.392699 0.000000
vt -7.966049 -0.392699 0.000000
vt -7.966049 -0.785398 0.000000
vt 0.001420 -0.785398 0.000000
vt 0.000000 -1.178097 0.000000
vt -10.289682 -1.178097 0.000000
vt -15.973764 -0.785398 0.000000
vt -20.579364 -1.178097 0.000000
vt -23.981480 -0.785398 0.000000
vt -30.869045 -1.178097 0.000000
vt -31.989195 -0.785398 0.000000
vt -39.996911 -0.785398 0.000000
vt -39.996911 -0.392699 0.000000
vt -48.004626 -0.392699 0.000000
vt -48.004626 0.000000 0.000000
vt -51.448409 -1.178097 0.000000
vt -48.004626 -0.785398 0.000000
vt -41.158727 -1.178097 0.000000
vt 0.005582 -0.392699 0.000000
vt -7.966049 0.000000 0.000000
vt -15.973764 0.392699 0.000000
vt -23.981480 0.785398 0.000000
vt -30.827379 1.178097 0.000000
vt 0.012204 0.000000 0.000000
vt -7.966049 0.392699 0.000000
vt -15.973764 0.785398 0.000000
vt -20.537697 1.178097 0.000000
vt 0.020833 0.392699 0.000000
vt -7.966049 0.785398 0.000000
vt -10.248015 1.178097 0.000000
vt 0.030883 0.785398 0.000000
vt 0.041667 1.178097 0.000000
vt -48.004626 0.392699 0.000000
vt -39.996911 0.392699 0.000000
vt -39.996911 0.000000 0.000000
vt -31.989195 0.000000 0.000000
vt -23.981480 -0.392699 0.000000
vt -31.989195 -0.392699 0.000000
vt -0.888229 5.948869 0.000000
vt -0.500000 0.000000 0.000000
vt -0.500000 6.000000 0.000000
vt -0.000000 0.000000 0.000000
vt -0.000000 6.000000 0.000000
vt -0.888229 0.051111 0.000000
vt -1.250000 5.798961 0.000000
vt -1.250000 0.200962 0.000000
vt -1.560660 5.560491 0.000000
vt -1.560660 0.439340 0.000000
vt -2.000000 4.499421 0.000000
vt -2.000000 1.500000 0.000000
vt -1.799038 5.249711 0.000000
vt -1.948889 4.887800 0.000000
vt -1.948889 1.111771 0.000000
vt -1.799038 0.750000 0.000000
vt -10.309232 -1.178097 0.000000
vt -0.017319 -1.178097 0.000000
vt -8.027927 -0.785398 0.000000
vt -0.030799 -0.785398 0.000000
vt -0.043361 -0.392699 0.000000
vt -8.027927 -0.392699 0.000000
vt -0.054148 -0.000000 0.000000
vt -8.027927 -0.000000 0.000000
vt -0.062425 0.392699 0.000000
vt -8.027927 0.392699 0.000000
vt -0.067628 0.785398 0.000000
vt -8.027927 0.785398 0.000000
vt -0.069403 1.178097 0.000000
vt -10.361315 1.178097 0.000000
vt -16.038536 0.785398 0.000000
vt -20.653228 1.178097 0.000000
vt -24.049144 0.785398 0.000000
vt -30.945141 1.178097 0.000000
vt -32.059752 0.785398 0.000000
vt -40.070360 0.785398 0.000000
vt -32.059752 0.392699 0.000000
vt -40.070360 0.392699 0.000000
vt -32.059752 -0.000000 0.000000
vt -40.070360 -0.000000 0.000000
vt -32.059752 -0.392699 0.000000
vt -40.070360 -0.392699 0.000000
vt -32.059752 -0.785398 0.000000
vt -40.070360 -0.785398 0.000000
vt -41.184971 -1.178097 0.000000
vt -48.080968 -0.785398 0.000000
vt -51.476884 -1.178097 0.000000
vt -56.091576 -0.785398 0.000000
vt -61.768797 -1.178097 0.000000
vt -64.102184 -0.785398 0.000000
vt -72.060710 -1.178097 0.000000
vt -72.074190 -0.785398 0.000000
vt -64.102184 -0.392699 0.000000
vt -72.086752 -0.392699 0.000000
vt -64.102184 0.000000 0.000000
vt -72.097539 0.000000 0.000000
vt -64.102184 0.392699 0.000000
vt -72.105816 0.392699 0.000000
vt -64.102184 0.785398 0.000000
vt -72.111019 0.785398 0.000000
vt -72.112792 1.178097 0.000000
vt -61.820880 1.178097 0.000000
vt -56.091576 0.785398 0.000000
vt -51.528967 1.178097 0.000000
vt -48.080968 0.785398 0.000000
vt -41.237054 1.178097 0.000000
vt -30.893058 -1.178097 0.000000
vt -24.049144 -0.785398 0.000000
vt -24.049144 -0.392699 0.000000
vt -24.049144 -0.000000 0.000000
vt -24.049144 0.392699 0.000000
vt -20.601145 -1.178097 0.000000
vt -16.038536 -0.785398 0.000000
vt -16.038536 -0.392699 0.000000
vt -16.038536 -0.000000 0.000000
vt -16.038536 0.392699 0.000000
vt -48.080968 -0.392699 0.000000
vt -48.080968 -0.000000 0.000000
vt -48.080968 0.392699 0.000000
vt -56.091576 -0.392699 0.000000
vt -56.091576 0.000000 0.000000
vt -56.091576 0.392699 0.000000
vt -0.888723 1.948931 0.000000
vt -2.000000 0.500867 0.000000
vt -0.500542 2.000000 0.000000
vt 2.000000 0.499421 0.000000
vt 0.500000 2.000000 0.000000
vt 1.948889 0.887800 0.000000
vt 1.799038 1.249711 0.000000
vt -1.948920 0.888963 0.000000
vt -1.250383 1.799202 0.000000
vt -1.799158 1.250545 0.000000
vt -1.560907 1.561002 0.000000
vt -2.000000 -0.500000 0.000000
vt 2.000000 -0.500000 0.000000
vt -0.499096 -2.000000 0.000000
vt 0.500000 -2.000000 0.000000
vt -1.948858 -0.888229 0.000000
vt -1.798917 -1.250000 0.000000
vt -1.560395 -1.560660 0.000000
vt -1.249548 -1.799038 0.000000
vt -0.887559 -1.948889 0.000000
vt 0.888229 -1.948889 0.000000
vt 1.250000 -1.799038 0.000000
vt 1.948889 -0.888229 0.000000
vt 1.799038 -1.250000 0.000000
vt 1.560660 -1.560660 0.000000
vt 1.560660 1.560491 0.000000
vt 1.250000 1.798961 0.000000
vt 0.888229 1.948869 0.000000
vt 0.000000 1.500000 0.000000
vt 0.000000 2.499096 0.000000
vt -10.285714 1.500000 0.000000
vt -10.285714 2.856239 0.000000
vt -20.571429 1.500000 0.000000
vt -20.571429 3.213382 0.000000
vt -30.857143 1.500000 0.000000
vt -30.857143 3.570525 0.000000
vt -41.142858 1.500000 0.000000
vt -41.142858 3.927667 0.000000
vt -51.428572 1.500000 0.000000
vt -51.428572 4.284810 0.000000
vt -61.714287 1.500000 0.000000
vt -61.714287 4.641953 0.000000
vt -72.000001 2.000000 0.000000
vt -72.000001 4.500000 0.000000
vt -75.000001 4.500000 0.000000
vt -72.000001 4.999096 0.000000
vt -75.000001 6.500000 0.000000
vt -78.000000 6.500000 0.000000
vt -78.000000 0.000000 0.000000
vt -75.000001 2.000000 0.000000
vt -75.000001 0.000000 0.000000
vt -72.000001 1.500000 0.000000
vt -10.285714 -1.178097 0.000000
vt -0.000000 -1.178097 0.000000
vt -8.000000 -0.785398 0.000000
vt -0.000000 -0.785398 0.000000
vt -8.000000 -0.392699 0.000000
vt -0.000000 -0.392699 0.000000
vt -8.000000 0.000000 0.000000
vt -0.000000 0.000000 0.000000
vt -8.000000 0.392699 0.000000
vt -0.000000 0.392699 0.000000
vt -8.000000 0.785398 0.000000
vt -0.000000 0.785398 0.000000
vt -0.000000 1.178097 0.000000
vt -10.285714 1.178097 0.000000
vt -16.000000 0.785398 0.000000
vt -16.000000 0.392699 0.000000
vt -16.000000 0.000000 0.000000
vt -16.000000 -0.392699 0.000000
vt -16.000000 -0.785398 0.000000
vt -20.571429 -1.178097 0.000000
vt -24.000000 -0.785398 0.000000
vt -30.857143 -1.178097 0.000000
vt -32.000000 -0.785398 0.000000
vt -40.000001 -0.785398 0.000000
vt -40.000001 -0.392699 0.000000
vt -48.000001 -0.392699 0.000000
vt -48.000001 0.000000 0.000000
vt -56.000001 0.000000 0.000000
vt -56.000001 0.392699 0.000000
vt -64.000001 0.392699 0.000000
vt -64.000001 0.785398 0.000000
vt -72.000001 0.785398 0.000000
vt -72.000001 1.178097 0.000000
vt -61.714287 1.178097 0.000000
vt -56.000001 0.785398 0.000000
vt -51.428572 1.178097 0.000000
vt -48.000001 0.785398 0.000000
vt -41.142858 1.178097 0.000000
vt -40.000001 0.785398 0.000000
vt -32.000000 0.785398 0.000000
vt -32.000000 0.392699 0.000000
vt -24.000000 0.392699 0.000000
vt -24.000000 0.000000 0.000000
vt -20.571429 1.178097 0.000000
vt -24.000000 0.785398 0.000000
vt -30.857143 1.178097 0.000000
vt -72.000001 0.392699 0.000000
vt -64.000001 0.000000 0.000000
vt -56.000001 -0.392699 0.000000
vt -48.000001 -0.785398 0.000000
vt -41.142858 -1.178097 0.000000
vt -72.000001 0.000000 0.000000
vt -64.000001 -0.392699 0.000000
vt -56.000001 -0.785398 0.000000
vt -51.428572 -1.178097 0.000000
vt -72.000001 -0.392699 0.000000
vt -64.000001 -0.785398 0.000000
vt -61.714287 -1.178097 0.000000
vt -72.000001 -0.785398 0.000000
vt -72.000001 -1.178097 0.000000
vt -24.000000 -0.392699 0.000000
vt -32.000000 -0.392699 0.000000
vt -32.000000 0.000000 0.000000
vt -40.000001 0.000000 0.000000
vt -48.000001 0.392699 0.000000
vt -40.000001 0.392699 0.000000
vt 1.625000 1.178097 0.000000
vt -4.875000 1.178097 0.000000
vt 1.625000 0.785398 0.000000
vt -4.875000 0.785398 0.000000
vt 1.625000 0.392699 0.000000
vt -4.875000 0.392699 0.000000
vt 1.625000 0.000000 0.000000
vt -4.875000 0.000000 0.000000
vt 1.625000 -0.392699 0.000000
vt -4.875000 -0.392699 0.000000
vt 1.625000 -0.785398 0.000000
vt -4.875000 -0.785398 0.000000
vt 1.625000 -1.178097 0.000000
vt -4.875000 -1.178097 0.000000
vt -3.250000 -1.500000 0.000000
vt 3.250000 -1.500000 0.000000
vt -3.250000 3.000000 0.000000
vt 3.250000 3.000000 0.000000
vt 1.111771 7.448889 0.000000
vt 0.750000 7.299038 0.000000
vt 1.500000 7.500000 0.000000
vt 0.439340 7.060660 0.000000
vt 0.200962 6.750000 0.000000
vt 0.051111 6.388229 0.000000
vt 0.000000 6.000000 0.000000
vt 6.000000 3.000001 0.000000
vt -0.000000 3.000001 0.000000
vt 6.000000 7.500000 0.000000
vt -3.000000 0.000000 0.000000
vt -0.000000 0.000000 0.000000
vt -3.000000 6.000000 0.000000
vt -0.000000 6.000000 0.000000
vt -2.000000 0.000000 0.000000
vt -0.000000 0.000000 0.000000
vt -2.000000 6.000000 0.000000
vt -0.000000 6.000000 0.000000
vt -2.000000 0.000000 0.000000
vt -0.000000 0.000000 0.000000
vt -2.000000 6.000000 0.000000
vt -0.000000 6.000000 0.000000
vt -3.000000 0.000000 0.000000
vt -0.000000 0.000000 0.000000
vt -3.000000 6.000000 0.000000
vt -0.000000 6.000000 0.000000
vt 78.388229 -3.948889 0.000000
vt 79.500000 -2.500000 0.000000
vt 78.000000 -4.000000 0.000000
vt 75.000001 2.000000 0.000000
vt 75.000001 -4.000000 0.000000
vt 78.750000 -3.799038 0.000000
vt 79.060660 -3.560660 0.000000
vt 79.299038 -3.250000 0.000000
vt 79.448889 -2.888229 0.000000
vt 79.500000 2.000000 0.000000
vt 2.000000 0.000001 0.000000
vt 4.500000 0.000001 0.000000
vt 2.000000 3.000001 0.000000
vt 4.500000 3.000001 0.000000
vt 0.000000 7.500000 0.000000
vt 6.500000 7.500000 0.000000
vt 6.500000 3.000001 0.000000
vt 0.000000 3.000001 0.000000
vt 72.000001 0.499421 0.000000
vt 61.714287 0.213707 0.000000
vt 72.000001 -2.500000 0.000000
vt 61.714287 -2.500000 0.000000
vt 51.428572 -0.072007 0.000000
vt 51.428572 -2.500000 0.000000
vt 41.142858 -0.357721 0.000000
vt 41.142858 -2.500000 0.000000
vt 30.857143 -0.643436 0.000000
vt 30.857143 -2.500000 0.000000
vt 20.571429 -0.929150 0.000000
vt 20.571429 -2.500000 0.000000
vt 10.285714 -1.214864 0.000000
vt 10.285714 -2.500000 0.000000
vt 0.000000 -1.500579 0.000000
vt 0.000000 -2.500000 0.000000
vt 0.000000 1.500000 0.000000
vt 0.000000 2.500867 0.000000
vt -10.291913 1.500000 0.000000
vt -10.291913 2.786582 0.000000
vt -20.583826 1.500000 0.000000
vt -20.583826 3.072296 0.000000
vt -30.875738 1.500000 0.000000
vt -30.875738 3.358010 0.000000
vt -41.167651 1.500000 0.000000
vt -41.167651 3.643724 0.000000
vt -51.459564 1.500000 0.000000
vt -51.459564 3.929439 0.000000
vt -61.751477 1.500000 0.000000
vt -61.751477 4.215153 0.000000
vt -72.043390 1.500000 0.000000
vt -72.043390 4.500867 0.000000
vn -0.000000 0.999614 -0.027767
vn -0.000000 0.999614 -0.027767
vn 0.258508 0.965346 -0.035791
vn 0.258508 0.965346 -0.035791
vn 0.499421 0.865371 -0.041379
vn 0.499421 0.865371 -0.041379
vn 0.706341 0.706494 -0.044151
vn 0.706341 0.706494 -0.044151
vn 0.865183 0.499529 -0.043917
vn 0.865183 0.499529 -0.043917
vn 0.965137 0.258564 -0.040694
vn 0.965137 0.258564 -0.040694
vn 0.999398 -0.000000 -0.034701
vn 0.999398 -0.000000 -0.034701
vn 0.965137 0.258564 -0.040694
vn 0.999398 -0.000000 -0.034701
vn 0.965137 0.258564 -0.040694
vn 0.999398 -0.000000 -0.034701
vn 0.965137 0.258564 -0.040694
vn 0.965137 0.258564 -0.040694
vn 0.865183 0.499529 -0.043917
vn 0.865183 0.499529 -0.043917
vn 0.706341 0.706494 -0.044151
vn 0.706341 0.706494 -0.044151
vn 0.499421 0.865371 -0.041379
vn 0.499421 0.865371 -0.041379
vn 0.258508 0.965346 -0.035791
vn 0.258508 0.965346 -0.035791
vn -0.000000 0.999614 -0.027767
vn -0.000000 0.999614 -0.027767
vn 0.258508 0.965346 -0.035791
vn 0.000000 0.999614 -0.027767
vn 0.258508 0.965346 -0.035791
vn 0.499421 0.865371 -0.041379
vn 0.499421 0.865371 -0.041379
vn 0.706341 0.706494 -0.044151
vn 0.706341 0.706494 -0.044151
vn 0.865183 0.499529 -0.043917
vn 0.706341 0.706494 -0.044151
vn 0.865183 0.499529 -0.043917
vn 0.706341 0.706494 -0.044151
vn 0.865183 0.499529 -0.043917
vn 0.999398 -0.000000 -0.034701
vn 0.965137 0.258564 -0.040694
vn 0.999398 -0.000000 -0.034701
vn 0.965137 0.258564 -0.040694
vn 0.999398 -0.000000 -0.034701
vn 0.965137 0.258564 -0.040694
vn 0.999398 0.000000 -0.034701
vn 0.965137 0.258564 -0.040694
vn 0.865183 0.499529 -0.043917
vn -0.000000 0.999614 -0.027767
vn 0.258508 0.965346 -0.035791
vn 0.499421 0.865371 -0.041379
vn 0.706341 0.706494 -0.044151
vn 0.865183 0.499529 -0.043917
vn -0.000000 0.999614 -0.027767
vn 0.258508 0.965346 -0.035791
vn 0.499421 0.865371 -0.041379
vn 0.706341 0.706494 -0.044151
vn 0.865183 0.499529 -0.043917
vn 0.258508 0.965346 -0.035791
vn -0.000000 0.999614 -0.027767
vn 0.258508 0.965346 -0.035791
vn 0.499421 0.865371 -0.041379
vn 0.499421 0.865371 -0.041379
vn -0.000000 -0.000000 1.000000
vn -0.000000 -0.000000 1.000000
vn -0.000000 -0.000000 1.000000
vn -0.000000 -0.000000 1.000000
vn -0.000000 -0.000000 1.000000
vn -0.000000 -0.000000 1.000000
vn -0.000000 -0.000000 1.000000
vn -0.000000 -0.000000 1.000000
vn -0.000000 -0.000000 1.000000
vn -0.000000 -0.000000 1.000000
vn -0.000000 -0.000000 1.000000
vn -0.000000 -0.000000 1.000000
vn -0.000000 -0.000000 1.000000
vn -0.000000 -0.000000 1.000000
vn -0.000000 -0.000000 1.000000
vn -0.000000 -0.000000 1.000000
vn 0.000000 0.999614 -0.027767
vn 0.000000 0.999614 -0.027767
vn 0.000000 0.999614 -0.027767
vn 0.000000 0.999614 -0.027767
vn 0.000000 0.999614 -0.027767
vn 0.000000 0.999614 -0.027767
vn 0.000000 0.999614 -0.027767
vn 0.000000 0.999614 -0.027767
vn 0.000000 0.999614 -0.027767
vn 0.000000 0.999614 -0.027767
vn -1.000000 0.000000 -0.000000
vn -1.000000 -0.000000 0.000000
vn -0.965926 0.258719 -0.007187
vn -0.965926 0.258719 -0.007187
vn -0.866025 0.499807 -0.013884
vn -0.866025 0.499807 -0.013884
vn -0.707107 0.706834 -0.019634
vn -0.707107 0.706834 -0.019634
vn -0.500000 0.865691 -0.024047
vn -0.500000 0.865691 -0.024047
vn -0.258819 0.965553 -0.026821
vn -0.258819 0.965553 -0.026821
vn -0.258819 0.965553 -0.026821
vn -0.500000 0.865691 -0.024047
vn -0.707107 0.706834 -0.019634
vn -0.866025 0.499807 -0.013884
vn -0.965926 0.258719 -0.007187
vn -1.000000 -0.000000 0.000000
vn -0.965926 0.258719 -0.007187
vn -1.000000 0.000000 -0.000000
vn -0.965926 0.258719 -0.007187
vn -0.965926 0.258719 -0.007187
vn -0.866025 0.499807 -0.013884
vn -0.866025 0.499807 -0.013884
vn -0.707107 0.706834 -0.019634
vn -0.707107 0.706834 -0.019634
vn -0.500000 0.865691 -0.024047
vn -0.500000 0.865691 -0.024047
vn -0.258819 0.965553 -0.026821
vn -0.258819 0.965553 -0.026821
vn -0.258819 0.965553 -0.026821
vn -0.258819 0.965553 -0.026821
vn -0.258819 0.965553 -0.026821
vn -0.258819 0.965553 -0.026821
vn -0.500000 0.865691 -0.024047
vn -0.500000 0.865691 -0.024047
vn -0.707107 0.706834 -0.019634
vn -0.258819 0.965553 -0.026821
vn -0.500000 0.865691 -0.024047
vn -0.707107 0.706834 -0.019634
vn -0.866025 0.499807 -0.013884
vn -0.965926 0.258719 -0.007187
vn -1.000000 -0.000000 0.000000
vn -0.707107 0.706834 -0.019634
vn -0.866025 0.499807 -0.013884
vn -0.965926 0.258719 -0.007187
vn -1.000000 -0.000000 0.000000
vn -0.866025 0.499807 -0.013884
vn -0.965926 0.258719 -0.007187
vn -1.000000 -0.000000 0.000000
vn -0.965926 0.258719 -0.007187
vn -1.000000 -0.000000 0.000000
vn -0.866025 0.499807 -0.013884
vn -0.866025 0.499807 -0.013884
vn -0.707107 0.706834 -0.019634
vn -0.707107 0.706834 -0.019634
vn -0.500000 0.865691 -0.024047
vn -0.500000 0.865691 -0.024047
vn -0.000000 -0.000000 1.000000
vn -0.000000 -0.000000 1.000000
vn -0.000000 -0.000000 1.000000
vn -0.000000 -0.000000 1.000000
vn -0.000000 -0.000000 1.000000
vn -0.000000 -0.000000 1.000000
vn -0.000000 -0.000000 1.000000
vn -0.000000 -0.000000 1.000000
vn -0.000000 -0.000000 1.000000
vn -0.000000 -0.000000 1.000000
vn -0.000000 -0.000000 1.000000
vn -0.000000 -0.000000 1.000000
vn -0.000000 -0.000000 1.000000
vn -0.000000 -0.000000 1.000000
vn -0.000000 -0.000000 1.000000
vn -0.000000 -0.000000 1.000000
vn -0.000000 -1.000000 0.000000
vn -0.000000 -1.000000 0.000000
vn 0.258663 -0.965926 -0.008981
vn 0.258663 -0.965926 -0.008981
vn 0.499699 -0.866025 -0.017351
vn 0.499699 -0.866025 -0.017351
vn 0.706681 -0.707107 -0.024538
vn 0.706681 -0.707107 -0.024538
vn 0.865504 -0.500000 -0.030052
vn 0.865504 -0.500000 -0.030052
vn 0.965344 -0.258819 -0.033519
vn 0.965344 -0.258819 -0.033519
vn 0.999398 0.000000 -0.034701
vn 0.999398 0.000000 -0.034701
vn 0.965344 -0.258819 -0.033519
vn 0.999398 0.000000 -0.034701
vn 0.965344 -0.258819 -0.033519
vn 0.999398 0.000000 -0.034701
vn 0.965344 -0.258819 -0.033519
vn 0.965344 -0.258819 -0.033519
vn 0.865504 -0.500000 -0.030052
vn 0.865504 -0.500000 -0.030052
vn 0.706681 -0.707107 -0.024538
vn 0.706681 -0.707107 -0.024538
vn 0.499699 -0.866025 -0.017351
vn 0.499699 -0.866025 -0.017351
vn 0.258663 -0.965926 -0.008981
vn 0.258663 -0.965926 -0.008981
vn -0.000000 -1.000000 0.000000
vn 0.258663 -0.965926 -0.008981
vn 0.000000 -1.000000 0.000000
vn 0.258663 -0.965926 -0.008981
vn 0.000000 -1.000000 -0.000000
vn 0.258663 -0.965926 -0.008981
vn -0.000000 -1.000000 0.000000
vn 0.258663 -0.965926 -0.008981
vn 0.499699 -0.866025 -0.017351
vn 0.499699 -0.866025 -0.017351
vn 0.706681 -0.707107 -0.024538
vn 0.706681 -0.707107 -0.024538
vn 0.865504 -0.500000 -0.030052
vn 0.865504 -0.500000 -0.030052
vn 0.965344 -0.258819 -0.033519
vn 0.965344 -0.258819 -0.033519
vn 0.999398 0.000000 -0.034701
vn 0.999398 0.000000 -0.034701
vn 0.965344 -0.258819 -0.033519
vn 0.999398 0.000000 -0.034701
vn 0.965344 -0.258819 -0.033519
vn 0.999398 0.000000 -0.034701
vn -0.000000 -1.000000 0.000000
vn 0.258663 -0.965926 -0.008981
vn 0.499699 -0.866025 -0.017351
vn 0.706681 -0.707107 -0.024538
vn 0.865504 -0.500000 -0.030052
vn 0.000000 -1.000000 -0.000000
vn 0.258663 -0.965926 -0.008981
vn 0.499699 -0.866025 -0.017351
vn 0.706681 -0.707107 -0.024538
vn 0.865504 -0.500000 -0.030052
vn 0.499699 -0.866025 -0.017351
vn 0.706681 -0.707107 -0.024538
vn 0.865504 -0.500000 -0.030052
vn 0.499699 -0.866025 -0.017351
vn 0.706681 -0.707107 -0.024538
vn 0.865504 -0.500000 -0.030052
vn -0.000000 -0.000000 -1.000000
vn -0.000000 -0.000000 -1.000000
vn -0.000000 -0.000000 -1.000000
vn -0.000000 -0.000000 -1.000000
vn -0.000000 -0.000000 -1.000000
vn -0.000000 -0.000000 -1.000000
vn -0.000000 -0.000000 -1.000000
vn -0.000000 -0.000000 -1.000000
vn -0.000000 -0.000000 -1.000000
vn -0.000000 -0.000000 -1.000000
vn -0.000000 -0.000000 -1.000000
vn -0.000000 -0.000000 -1.000000
vn -0.000000 -0.000000 -1.000000
vn -0.000000 -0.000000 -1.000000
vn -0.000000 -0.000000 -1.000000
vn -0.000000 -0.000000 -1.000000
vn -0.000000 -0.000000 -1.000000
vn -0.000000 -0.000000 -1.000000
vn -0.000000 -0.000000 -1.000000
vn -0.000000 -0.000000 -1.000000
vn -0.000000 -0.000000 -1.000000
vn -0.000000 -0.000000 -1.000000
vn -0.000000 -0.000000 -1.000000
vn -0.000000 -0.000000 -1.000000
vn -0.000000 -0.000000 -1.000000
vn -0.000000 -0.000000 -1.000000
vn -0.000000 -0.000000 -1.000000
vn -0.000000 -0.000000 -1.000000
vn 0.000000 -1.000000 0.000000
vn 0.000000 -1.000000 0.000000
vn 0.000000 -1.000000 0.000000
vn 0.000000 -1.000000 0.000000
vn 0.000000 -1.000000 0.000000
vn 0.000000 -1.000000 0.000000
vn 0.000000 -1.000000 0.000000
vn 0.000000 -1.000000 0.000000
vn 0.000000 -1.000000 0.000000
vn 0.000000 -1.000000 0.000000
vn 0.000000 -1.000000 0.000000
vn 0.000000 -1.000000 0.000000
vn 0.000000 -1.000000 0.000000
vn 0.000000 -1.000000 0.000000
vn 0.000000 -1.000000 0.000000
vn 0.000000 -1.000000 0.000000
vn -1.000000 -0.000000 0.000000
vn -1.000000 -0.000000 0.000000
vn -0.965926 -0.258819 0.000000
vn -0.965926 -0.258819 0.000000
vn -0.866025 -0.500000 0.000000
vn -0.866025 -0.500000 0.000000
vn -0.707107 -0.707107 0.000000
vn -0.707107 -0.707107 0.000000
vn -0.500000 -0.866025 0.000000
vn -0.500000 -0.866025 0.000000
vn -0.258819 -0.965926 0.000000
vn -0.258819 -0.965926 0.000000
vn -0.258819 -0.965926 0.000000
vn -0.500000 -0.866025 0.000000
vn -0.707107 -0.707107 0.000000
vn -0.866025 -0.500000 0.000000
vn -0.965926 -0.258819 0.000000
vn -1.000000 -0.000000 0.000000
vn -0.965926 -0.258819 0.000000
vn -1.000000 -0.000000 0.000000
vn -0.965926 -0.258819 0.000000
vn -0.965926 -0.258819 0.000000
vn -0.866025 -0.500000 0.000000
vn -0.866025 -0.500000 0.000000
vn -0.707107 -0.707107 0.000000
vn -0.707107 -0.707107 0.000000
vn -0.500000 -0.866025 0.000000
vn -0.500000 -0.866025 0.000000
vn -0.258819 -0.965926 0.000000
vn -0.258819 -0.965926 0.000000
vn -0.258819 -0.965926 0.000000
vn -0.258819 -0.965926 0.000000
vn -0.258819 -0.965926 0.000000
vn -0.258819 -0.965926 0.000000
vn -0.500000 -0.866025 0.000000
vn -0.500000 -0.866025 0.000000
vn -0.707107 -0.707107 0.000000
vn -0.258819 -0.965926 0.000000
vn -0.500000 -0.866025 0.000000
vn -0.707107 -0.707107 0.000000
vn -0.866025 -0.500000 0.000000
vn -0.965926 -0.258819 0.000000
vn -1.000000 -0.000000 0.000000
vn -0.707107 -0.707107 0.000000
vn -0.866025 -0.500000 0.000000
vn -0.965926 -0.258819 0.000000
vn -1.000000 -0.000000 0.000000
vn -0.866025 -0.500000 0.000000
vn -0.965926 -0.258819 0.000000
vn -1.000000 -0.000000 0.000000
vn -0.965926 -0.258819 0.000000
vn -1.000000 -0.000000 0.000000
vn -0.866025 -0.500000 0.000000
vn -0.866025 -0.500000 0.000000
vn -0.707107 -0.707107 0.000000
vn -0.707107 -0.707107 0.000000
vn -0.500000 -0.866025 0.000000
vn -0.500000 -0.866025 0.000000
vn 0.000000 -0.965926 0.258819
vn 0.000000 -0.965926 0.258819
vn 0.000000 -0.866025 0.500000
vn 0.000000 -0.866025 0.500000
vn 0.000000 -0.707107 0.707107
vn 0.000000 -0.707107 0.707107
vn 0.000000 -0.500000 0.866025
vn 0.000000 -0.500000 0.866025
vn 0.000000 -0.258819 0.965926
vn 0.000000 -0.258819 0.965926
vn 0.000000 -0.000000 1.000000
vn 0.000000 -0.000000 1.000000
vn 0.000000 0.000000 1.000000
vn 0.000000 0.000000 1.000000
vn 1.000000 0.000000 0.000000
vn 1.000000 0.000000 0.000000
vn 1.000000 0.000000 0.000000
vn 1.000000 0.000000 0.000000
vn 1.000000 0.000000 0.000000
vn 1.000000 0.000000 0.000000
vn 1.000000 0.000000 0.000000
vn 1.000000 0.000000 0.000000
vn 1.000000 0.000000 0.000000
vn 1.000000 0.000000 0.000000
vn -1.000000 0.000000 -0.000000
vn -1.000000 0.000000 -0.000000
vn -1.000000 0.000000 -0.000000
vn -1.000000 0.000000 -0.000000
vn -0.000000 -0.000000 -1.000000
vn -0.000000 -0.000000 -1.000000
vn -0.000000 -0.000000 -1.000000
vn -0.000000 -0.000000 -1.000000
vn -0.000000 0.000000 -1.000000
vn -0.000000 0.000000 -1.000000
vn -0.000000 0.000000 -1.000000
vn -0.000000 0.000000 -1.000000
vn 1.000000 -0.000000 -0.000000
vn 1.000000 -0.000000 -0.000000
vn 1.000000 -0.000000 -0.000000
vn 1.000000 -0.000000 -0.000000
vn -1.000000 0.000000 0.000000
vn -1.000000 0.000000 0.000000
vn -1.000000 0.000000 0.000000
vn -1.000000 0.000000 0.000000
vn -1.000000 0.000000 0.000000
vn -1.000000 0.000000 0.000000
vn -1.000000 0.000000 0.000000
vn -1.000000 0.000000 0.000000
vn -1.000000 0.000000 0.000000
vn -1.000000 0.000000 0.000000
vn 0.000000 1.000000 -0.000000
vn 0.000000 1.000000 -0.000000
vn 0.000000 1.000000 -0.000000
vn 0.000000 1.000000 -0.000000
vn 0.000000 1.000000 -0.000000
vn 0.000000 1.000000 -0.000000
vn 0.000000 1.000000 -0.000000
vn 0.000000 1.000000 -0.000000
f 1041/1402/1336 1016/1403/1337 1042/1404/1338
f 1042/1404/1338 1016/1403/1337 1017/1405/1339
f 1042/1404/1338 1017/1405/1339 1050/1406/1340
f 1050/1406/1340 1017/1405/1339 1018/1407/1341
f 1050/1406/1340 1018/1407/1341 1058/1408/1342
f 1058/1408/1342 1018/1407/1341 1019/1409/1343
f 1058/1408/1342 1019/1409/1343 1020/1410/1344
f 1058/1408/1342 1020/1410/1344 1066/1411/1345
f 1066/1411/1345 1020/1410/1344 1021/1412/1346
f 1066/1411/1345 1021/1412/1346 1074/1413/1347
f 1074/1413/1347 1021/1412/1346 1022/1414/1348
f 1074/1413/1347 1022/1414/1348 1023/1415/1349
f 1074/1413/1347 1023/1415/1349 1075/1416/1350
f 1075/1416/1350 1023/1415/1349 1024/1417/1351
f 1075/1416/1350 1024/1417/1351 1076/1418/1352
f 1076/1418/1352 1024/1417/1351 1025/1419/1353
f 1076/1418/1352 1025/1419/1353 1077/1420/1354
f 1077/1420/1354 1025/1419/1353 1078/1421/1355
f 1077/1420/1354 1078/1421/1355 1069/1422/1356
f 1069/1422/1356 1078/1421/1355 1070/1423/1357
f 1069/1422/1356 1070/1423/1357 1061/1424/1358
f 1061/1424/1358 1070/1423/1357 1062/1425/1359
f 1061/1424/1358 1062/1425/1359 1054/1426/1360
f 1054/1426/1360 1062/1425/1359 1055/1427/1361
f 1054/1426/1360 1055/1427/1361 1047/1428/1362
f 1047/1428/1362 1055/1427/1361 1048/1429/1363
f 1047/1428/1362 1048/1429/1363 1037/1430/1364
f 1037/1430/1364 1048/1429/1363 1036/1431/1365
f 1036/1431/1365 1048/1429/1363 1049/1432/1366
f 1036/1431/1365 1049/1432/1366 1035/1433/1367
f 1035/1433/1367 1049/1432/1366 1034/1434/1368
f 1034/1434/1368 1049/1432/1366 1033/1435/1369
f 1033/1435/1369 1049/1432/1366 1057/1436/1370
f 1033/1435/1369 1057/1436/1370 1032/1437/1371
f 1032/1437/1371 1057/1436/1370 1065/1438/1372
f 1032/1437/1371 1065/1438/1372 1073/1439/1373
f 1073/1439/1373 1065/1438/1372 1064/1440/1374
f 1073/1439/1373 1064/1440/1374 1072/1441/1375
f 1072/1441/1375 1064/1440/1374 1063/1442/1376
f 1072/1441/1375 1063/1442/1376 1071/1443/1377
f 1071/1443/1377 1063/1442/1376 1062/1425/1359
f 1071/1443/1377 1062/1425/1359 1070/1423/1357
f 1025/1419/1353 1026/1444/1378 1078/1421/1355
f 1078/1421/1355 1026/1444/1378 1079/1445/1379
f 1078/1421/1355 1079/1445/1379 1070/1423/1357
f 1070/1423/1357 1079/1445/1379 1071/1443/1377
f 1026/1444/1378 1027/1446/1380 1079/1445/1379
f 1079/1445/1379 1027/1446/1380 1080/1447/1381
f 1079/1445/1379 1080/1447/1381 1071/1443/1377
f 1071/1443/1377 1080/1447/1381 1072/1441/1375
f 1027/1446/1380 1028/1448/1382 1080/1447/1381
f 1080/1447/1381 1028/1448/1382 1081/1449/1383
f 1080/1447/1381 1081/1449/1383 1072/1441/1375
f 1072/1441/1375 1081/1449/1383 1073/1439/1373
f 1028/1448/1382 1029/1450/1384 1081/1449/1383
f 1081/1449/1383 1029/1450/1384 1030/1451/1385
f 1081/1449/1383 1030/1451/1385 1031/1452/1386
f 1081/1449/1383 1031/1452/1386 1073/1439/1373
f 1073/1439/1373 1031/1452/1386 1032/1437/1371
f 1037/1430/1364 1038/1453/1387 1047/1428/1362
f 1047/1428/1362 1038/1453/1387 1046/1454/1388
f 1047/1428/1362 1046/1454/1388 1054/1426/1360
f 1054/1426/1360 1046/1454/1388 1053/1455/1389
f 1054/1426/1360 1053/1455/1389 1061/1424/1358
f 1061/1424/1358 1053/1455/1389 1060/1456/1390
f 1061/1424/1358 1060/1456/1390 1069/1422/1356
f 1069/1422/1356 1060/1456/1390 1068/1457/1391
f 1069/1422/1356 1068/1457/1391 1077/1420/1354
f 1077/1420/1354 1068/1457/1391 1076/1418/1352
f 1038/1453/1387 1039/1458/1392 1046/1454/1388
f 1046/1454/1388 1039/1458/1392 1045/1459/1393
f 1046/1454/1388 1045/1459/1393 1053/1455/1389
f 1053/1455/1389 1045/1459/1393 1052/1460/1394
f 1053/1455/1389 1052/1460/1394 1060/1456/1390
f 1060/1456/1390 1052/1460/1394 1059/1461/1395
f 1060/1456/1390 1059/1461/1395 1068/1457/1391
f 1068/1457/1391 1059/1461/1395 1067/1462/1396
f 1068/1457/1391 1067/1462/1396 1076/1418/1352
f 1076/1418/1352 1067/1462/1396 1075/1416/1350
f 1045/1459/1393 1039/1458/1392 1044/1463/1397
f 1044/1463/1397 1039/1458/1392 1040/1464/1398
f 1044/1463/1397 1040/1464/1398 1043/1465/1399
f 1043/1465/1399 1040/1464/1398 1041/1402/1336
f 1043/1465/1399 1041/1402/1336 1042/1404/1338
f 1043/1465/1399 1042/1404/1338 1050/1406/1340
f 1052/1460/1394 1045/1459/1393 1044/1463/1397
f 1044/1463/1397 1043/1465/1399 1051/1466/1400
f 1051/1466/1400 1043/1465/1399 1050/1406/1340
f 1051/1466/1400 1050/1406/1340 1058/1408/1342
f 1049/1432/1366 1048/1429/1363 1056/1467/1401
f 1056/1467/1401 1048/1429/1363 1055/1427/1361
f 1056/1467/1401 1055/1427/1361 1063/1442/1376
f 1063/1442/1376 1055/1427/1361 1062/1425/1359
f 1059/1461/1395 1052/1460/1394 1051/1466/1400
f 1051/1466/1400 1052/1460/1394 1044/1463/1397
f 1059/1461/1395 1051/1466/1400 1058/1408/1342
f 1049/1432/1366 1056/1467/1401 1057/1436/1370
f 1057/1436/1370 1056/1467/1401 1064/1440/1374
f 1057/1436/1370 1064/1440/1374 1065/1438/1372
f 1064/1440/1374 1056/1467/1401 1063/1442/1376
f 1067/1462/1396 1059/1461/1395 1058/1408/1342
f 1075/1416/1350 1067/1462/1396 1066/1411/1345
f 1066/1411/1345 1067/1462/1396 1058/1408/1342
f 1074/1413/1347 1075/1416/1350 1066/1411/1345
f 1021/1468/1402 1020/1469/1403 1022/1470/1404
f 1022/1470/1404 1020/1469/1403 1019/1471/1405
f 1022/1470/1404 1019/1471/1405 1087/1472/1406
f 1087/1472/1406 1019/1471/1405 1086/1473/1407
f 1086/1473/1407 1019/1471/1405 1018/1474/1408
f 1086/1473/1407 1018/1474/1408 1085/1475/1409
f 1085/1475/1409 1018/1474/1408 1017/1476/1410
f 1085/1475/1409 1017/1476/1410 1084/1477/1411
f 1084/1477/1411 1017/1476/1410 1016/1478/1412
f 1084/1477/1411 1016/1478/1412 1082/1479/1413
f 1082/1479/1413 1083/1480/1414 1084/1477/1411
f 1022/1470/1404 1087/1472/1406 1090/1481/1415
f 1090/1481/1415 1087/1472/1406 1088/1482/1416
f 1090/1481/1415 1088/1482/1416 1089/1483/1417
f 1016/1484/1337 1041/1485/1336 1082/1486/1418
f 1082/1486/1418 1041/1485/1336 1099/1487/1419
f 1099/1487/1419 1041/1485/1336 1097/1488/1420
f 1099/1487/1419 1097/1488/1420 1098/1489/1421
f 1041/1485/1336 1040/1490/1398 1097/1488/1420
f 1097/1488/1420 1040/1490/1398 1096/1491/1422
f 1096/1491/1422 1040/1490/1398 1039/1492/1392
f 1096/1491/1422 1039/1492/1392 1095/1493/1423
f 1095/1493/1423 1039/1492/1392 1038/1494/1387
f 1095/1493/1423 1038/1494/1387 1094/1495/1424
f 1094/1495/1424 1038/1494/1387 1037/1496/1364
f 1094/1495/1424 1037/1496/1364 1093/1497/1425
f 1093/1497/1425 1037/1496/1364 1036/1498/1365
f 1093/1497/1425 1036/1498/1365 1092/1499/1426
f 1092/1499/1426 1036/1498/1365 1035/1500/1367
f 1092/1499/1426 1035/1500/1367 1091/1501/1427
f 1117/1502/1428 1100/1503/1429 1118/1504/1430
f 1118/1504/1430 1100/1503/1429 1101/1505/1431
f 1118/1504/1430 1101/1505/1431 1126/1506/1432
f 1126/1506/1432 1101/1505/1431 1102/1507/1433
f 1126/1506/1432 1102/1507/1433 1134/1508/1434
f 1134/1508/1434 1102/1507/1433 1103/1509/1435
f 1134/1508/1434 1103/1509/1435 1142/1510/1436
f 1142/1510/1436 1103/1509/1435 1104/1511/1437
f 1142/1510/1436 1104/1511/1437 1150/1512/1438
f 1150/1512/1438 1104/1511/1437 1105/1513/1439
f 1150/1512/1438 1105/1513/1439 1098/1514/1421
f 1098/1514/1421 1097/1515/1420 1150/1512/1438
f 1150/1512/1438 1097/1515/1420 1151/1516/1440
f 1150/1512/1438 1151/1516/1440 1142/1510/1436
f 1142/1510/1436 1151/1516/1440 1143/1517/1441
f 1142/1510/1436 1143/1517/1441 1134/1508/1434
f 1134/1508/1434 1143/1517/1441 1135/1518/1442
f 1134/1508/1434 1135/1518/1442 1126/1506/1432
f 1126/1506/1432 1135/1518/1442 1127/1519/1443
f 1126/1506/1432 1127/1519/1443 1118/1504/1430
f 1118/1504/1430 1127/1519/1443 1119/1520/1444
f 1118/1504/1430 1119/1520/1444 1117/1502/1428
f 1117/1502/1428 1119/1520/1444 1116/1521/1445
f 1116/1521/1445 1119/1520/1444 1120/1522/1446
f 1116/1521/1445 1120/1522/1446 1115/1523/1447
f 1115/1523/1447 1120/1522/1446 1121/1524/1448
f 1115/1523/1447 1121/1524/1448 1122/1525/1449
f 1122/1525/1449 1121/1524/1448 1130/1526/1450
f 1122/1525/1449 1130/1526/1450 1131/1527/1451
f 1131/1527/1451 1130/1526/1450 1139/1528/1452
f 1131/1527/1451 1139/1528/1452 1140/1529/1453
f 1140/1529/1453 1139/1528/1452 1148/1530/1454
f 1140/1529/1453 1148/1530/1454 1149/1531/1455
f 1149/1531/1455 1148/1530/1454 1157/1532/1456
f 1149/1531/1455 1157/1532/1456 1106/1533/1457
f 1106/1533/1457 1157/1532/1456 1091/1534/1427
f 1091/1534/1427 1157/1532/1456 1092/1535/1426
f 1092/1535/1426 1157/1532/1456 1156/1536/1458
f 1092/1535/1426 1156/1536/1458 1093/1537/1425
f 1093/1537/1425 1156/1536/1458 1155/1538/1459
f 1093/1537/1425 1155/1538/1459 1094/1539/1424
f 1094/1539/1424 1155/1538/1459 1154/1540/1460
f 1094/1539/1424 1154/1540/1460 1153/1541/1461
f 1153/1541/1461 1154/1540/1460 1145/1542/1462
f 1153/1541/1461 1145/1542/1462 1144/1543/1463
f 1144/1543/1463 1145/1542/1462 1136/1544/1464
f 1144/1543/1463 1136/1544/1464 1135/1518/1442
f 1135/1518/1442 1136/1544/1464 1127/1519/1443
f 1097/1515/1420 1096/1545/1422 1151/1516/1440
f 1151/1516/1440 1096/1545/1422 1152/1546/1465
f 1151/1516/1440 1152/1546/1465 1143/1517/1441
f 1143/1517/1441 1152/1546/1465 1144/1543/1463
f 1143/1517/1441 1144/1543/1463 1135/1518/1442
f 1096/1545/1422 1095/1547/1423 1152/1546/1465
f 1152/1546/1465 1095/1547/1423 1153/1541/1461
f 1152/1546/1465 1153/1541/1461 1144/1543/1463
f 1095/1547/1423 1094/1539/1424 1153/1541/1461
f 1106/1533/1457 1107/1548/1466 1149/1531/1455
f 1149/1531/1455 1107/1548/1466 1141/1549/1467
f 1149/1531/1455 1141/1549/1467 1140/1529/1453
f 1140/1529/1453 1141/1549/1467 1132/1550/1468
f 1140/1529/1453 1132/1550/1468 1131/1527/1451
f 1131/1527/1451 1132/1550/1468 1123/1551/1469
f 1131/1527/1451 1123/1551/1469 1122/1525/1449
f 1122/1525/1449 1123/1551/1469 1114/1552/1470
f 1122/1525/1449 1114/1552/1470 1115/1523/1447
f 1107/1548/1466 1108/1553/1471 1141/1549/1467
f 1141/1549/1467 1108/1553/1471 1133/1554/1472
f 1141/1549/1467 1133/1554/1472 1132/1550/1468
f 1132/1550/1468 1133/1554/1472 1124/1555/1473
f 1132/1550/1468 1124/1555/1473 1123/1551/1469
f 1123/1551/1469 1124/1555/1473 1113/1556/1474
f 1123/1551/1469 1113/1556/1474 1114/1552/1470
f 1108/1553/1471 1109/1557/1475 1133/1554/1472
f 1133/1554/1472 1109/1557/1475 1125/1558/1476
f 1133/1554/1472 1125/1558/1476 1124/1555/1473
f 1124/1555/1473 1125/1558/1476 1112/1559/1477
f 1124/1555/1473 1112/1559/1477 1113/1556/1474
f 1109/1557/1475 1110/1560/1478 1125/1558/1476
f 1125/1558/1476 1110/1560/1478 1111/1561/1479
f 1125/1558/1476 1111/1561/1479 1112/1559/1477
f 1120/1522/1446 1119/1520/1444 1128/1562/1480
f 1128/1562/1480 1119/1520/1444 1127/1519/1443
f 1128/1562/1480 1127/1519/1443 1136/1544/1464
f 1121/1524/1448 1120/1522/1446 1129/1563/1481
f 1129/1563/1481 1120/1522/1446 1128/1562/1480
f 1129/1563/1481 1128/1562/1480 1137/1564/1482
f 1137/1564/1482 1128/1562/1480 1136/1544/1464
f 1137/1564/1482 1136/1544/1464 1145/1542/1462
f 1121/1524/1448 1129/1563/1481 1130/1526/1450
f 1130/1526/1450 1129/1563/1481 1138/1565/1483
f 1130/1526/1450 1138/1565/1483 1139/1528/1452
f 1139/1528/1452 1138/1565/1483 1147/1566/1484
f 1139/1528/1452 1147/1566/1484 1148/1530/1454
f 1148/1530/1454 1147/1566/1484 1156/1536/1458
f 1148/1530/1454 1156/1536/1458 1157/1532/1456
f 1138/1565/1483 1129/1563/1481 1137/1564/1482
f 1138/1565/1483 1137/1564/1482 1146/1567/1485
f 1146/1567/1485 1137/1564/1482 1145/1542/1462
f 1146/1567/1485 1145/1542/1462 1154/1540/1460
f 1138/1565/1483 1146/1567/1485 1147/1566/1484
f 1147/1566/1484 1146/1567/1485 1155/1538/1459
f 1147/1566/1484 1155/1538/1459 1156/1536/1458
f 1155/1538/1459 1146/1567/1485 1154/1540/1460
f 1105/1568/1486 1164/1569/1487 1098/1570/1488
f 1098/1570/1488 1164/1569/1487 1165/1571/1489
f 1098/1570/1488 1165/1571/1489 1099/1572/1490
f 1164/1569/1487 1105/1568/1486 1163/1573/1491
f 1163/1573/1491 1105/1568/1486 1104/1574/1492
f 1163/1573/1491 1104/1574/1492 1162/1575/1493
f 1162/1575/1493 1104/1574/1492 1103/1576/1494
f 1162/1575/1493 1103/1576/1494 1161/1577/1495
f 1161/1577/1495 1103/1576/1494 1100/1578/1496
f 1161/1577/1495 1100/1578/1496 1158/1579/1497
f 1103/1576/1494 1102/1580/1498 1100/1578/1496
f 1100/1578/1496 1102/1580/1498 1101/1581/1499
f 1159/1582/1500 1160/1583/1501 1158/1579/1497
f 1158/1579/1497 1160/1583/1501 1161/1577/1495
f 1184/1584/1502 1166/1585/1503 1185/1586/1504
f 1185/1586/1504 1166/1585/1503 1167/1587/1505
f 1185/1586/1504 1167/1587/1505 1168/1588/1506
f 1185/1586/1504 1168/1588/1506 1193/1589/1507
f 1193/1589/1507 1168/1588/1506 1169/1590/1508
f 1193/1589/1507 1169/1590/1508 1201/1591/1509
f 1201/1591/1509 1169/1590/1508 1170/1592/1510
f 1201/1591/1509 1170/1592/1510 1209/1593/1511
f 1209/1593/1511 1170/1592/1510 1171/1594/1512
f 1209/1593/1511 1171/1594/1512 1217/1595/1513
f 1217/1595/1513 1171/1594/1512 1172/1596/1514
f 1217/1595/1513 1172/1596/1514 1173/1597/1515
f 1217/1595/1513 1173/1597/1515 1218/1598/1516
f 1218/1598/1516 1173/1597/1515 1174/1599/1517
f 1218/1598/1516 1174/1599/1517 1219/1600/1518
f 1219/1600/1518 1174/1599/1517 1175/1601/1519
f 1219/1600/1518 1175/1601/1519 1220/1602/1520
f 1220/1602/1520 1175/1601/1519 1221/1603/1521
f 1220/1602/1520 1221/1603/1521 1212/1604/1522
f 1212/1604/1522 1221/1603/1521 1213/1605/1523
f 1212/1604/1522 1213/1605/1523 1204/1606/1524
f 1204/1606/1524 1213/1605/1523 1205/1607/1525
f 1204/1606/1524 1205/1607/1525 1196/1608/1526
f 1196/1608/1526 1205/1607/1525 1197/1609/1527
f 1196/1608/1526 1197/1609/1527 1188/1610/1528
f 1188/1610/1528 1197/1609/1527 1189/1611/1529
f 1188/1610/1528 1189/1611/1529 1181/1612/1530
f 1181/1612/1530 1189/1611/1529 1190/1613/1531
f 1181/1612/1530 1190/1613/1531 1180/1614/1532
f 1180/1614/1532 1190/1613/1531 1191/1615/1533
f 1180/1614/1532 1191/1615/1533 1179/1616/1534
f 1179/1616/1534 1191/1615/1533 1192/1617/1535
f 1179/1616/1534 1192/1617/1535 1084/1618/1536
f 1084/1618/1536 1192/1617/1535 1085/1619/1537
f 1085/1619/1537 1192/1617/1535 1200/1620/1538
f 1085/1619/1537 1200/1620/1538 1086/1621/1539
f 1086/1621/1539 1200/1620/1538 1208/1622/1540
f 1086/1621/1539 1208/1622/1540 1087/1623/1541
f 1087/1623/1541 1208/1622/1540 1216/1624/1542
f 1087/1623/1541 1216/1624/1542 1088/1625/1543
f 1088/1625/1543 1216/1624/1542 1224/1626/1544
f 1088/1625/1543 1224/1626/1544 1089/1627/1545
f 1089/1627/1545 1224/1626/1544 1090/1628/1546
f 1090/1628/1546 1224/1626/1544 1178/1629/1547
f 1178/1629/1547 1224/1626/1544 1223/1630/1548
f 1178/1629/1547 1223/1630/1548 1177/1631/1549
f 1177/1631/1549 1223/1630/1548 1222/1632/1550
f 1177/1631/1549 1222/1632/1550 1176/1633/1551
f 1176/1633/1551 1222/1632/1550 1221/1603/1521
f 1176/1633/1551 1221/1603/1521 1175/1601/1519
f 1181/1612/1530 1182/1634/1552 1188/1610/1528
f 1188/1610/1528 1182/1634/1552 1187/1635/1553
f 1188/1610/1528 1187/1635/1553 1196/1608/1526
f 1196/1608/1526 1187/1635/1553 1195/1636/1554
f 1196/1608/1526 1195/1636/1554 1204/1606/1524
f 1204/1606/1524 1195/1636/1554 1203/1637/1555
f 1204/1606/1524 1203/1637/1555 1212/1604/1522
f 1212/1604/1522 1203/1637/1555 1211/1638/1556
f 1212/1604/1522 1211/1638/1556 1220/1602/1520
f 1220/1602/1520 1211/1638/1556 1219/1600/1518
f 1182/1634/1552 1183/1639/1557 1187/1635/1553
f 1187/1635/1553 1183/1639/1557 1186/1640/1558
f 1187/1635/1553 1186/1640/1558 1195/1636/1554
f 1195/1636/1554 1186/1640/1558 1194/1641/1559
f 1195/1636/1554 1194/1641/1559 1203/1637/1555
f 1203/1637/1555 1194/1641/1559 1202/1642/1560
f 1203/1637/1555 1202/1642/1560 1211/1638/1556
f 1211/1638/1556 1202/1642/1560 1210/1643/1561
f 1211/1638/1556 1210/1643/1561 1219/1600/1518
f 1219/1600/1518 1210/1643/1561 1218/1598/1516
f 1183/1639/1557 1184/1584/1502 1186/1640/1558
f 1186/1640/1558 1184/1584/1502 1185/1586/1504
f 1186/1640/1558 1185/1586/1504 1194/1641/1559
f 1194/1641/1559 1185/1586/1504 1193/1589/1507
f 1194/1641/1559 1193/1589/1507 1202/1642/1560
f 1202/1642/1560 1193/1589/1507 1201/1591/1509
f 1202/1642/1560 1201/1591/1509 1210/1643/1561
f 1210/1643/1561 1201/1591/1509 1209/1593/1511
f 1210/1643/1561 1209/1593/1511 1218/1598/1516
f 1218/1598/1516 1209/1593/1511 1217/1595/1513
f 1190/1613/1531 1189/1611/1529 1198/1644/1562
f 1198/1644/1562 1189/1611/1529 1197/1609/1527
f 1198/1644/1562 1197/1609/1527 1206/1645/1563
f 1206/1645/1563 1197/1609/1527 1205/1607/1525
f 1206/1645/1563 1205/1607/1525 1214/1646/1564
f 1214/1646/1564 1205/1607/1525 1213/1605/1523
f 1214/1646/1564 1213/1605/1523 1222/1632/1550
f 1222/1632/1550 1213/1605/1523 1221/1603/1521
f 1200/1620/1538 1192/1617/1535 1191/1615/1533
f 1191/1615/1533 1190/1613/1531 1199/1647/1565
f 1199/1647/1565 1190/1613/1531 1198/1644/1562
f 1199/1647/1565 1198/1644/1562 1207/1648/1566
f 1207/1648/1566 1198/1644/1562 1206/1645/1563
f 1207/1648/1566 1206/1645/1563 1215/1649/1567
f 1215/1649/1567 1206/1645/1563 1214/1646/1564
f 1215/1649/1567 1214/1646/1564 1223/1630/1548
f 1223/1630/1548 1214/1646/1564 1222/1632/1550
f 1208/1622/1540 1200/1620/1538 1199/1647/1565
f 1199/1647/1565 1200/1620/1538 1191/1615/1533
f 1208/1622/1540 1199/1647/1565 1207/1648/1566
f 1216/1624/1542 1208/1622/1540 1207/1648/1566
f 1216/1624/1542 1207/1648/1566 1215/1649/1567
f 1224/1626/1544 1216/1624/1542 1215/1649/1567
f 1224/1626/1544 1215/1649/1567 1223/1630/1548
f 1034/1650/1568 1029/1651/1569 1035/1652/1570
f 1035/1652/1570 1029/1651/1569 1111/1653/1571
f 1035/1652/1570 1111/1653/1571 1091/1654/1572
f 1091/1654/1572 1111/1653/1571 1110/1655/1573
f 1091/1654/1572 1110/1655/1573 1109/1656/1574
f 1029/1651/1569 1034/1650/1568 1030/1657/1575
f 1030/1657/1575 1034/1650/1568 1033/1658/1576
f 1030/1657/1575 1033/1658/1576 1031/1659/1577
f 1031/1659/1577 1033/1658/1576 1032/1660/1578
f 1029/1651/1569 1172/1661/1579 1111/1653/1571
f 1111/1653/1571 1172/1661/1579 1231/1662/1580
f 1231/1662/1580 1172/1661/1579 1166/1663/1581
f 1231/1662/1580 1166/1663/1581 1225/1664/1582
f 1171/1665/1583 1170/1666/1584 1172/1661/1579
f 1172/1661/1579 1170/1666/1584 1169/1667/1585
f 1172/1661/1579 1169/1667/1585 1168/1668/1586
f 1168/1668/1586 1167/1669/1587 1172/1661/1579
f 1172/1661/1579 1167/1669/1587 1166/1663/1581
f 1225/1664/1582 1226/1670/1588 1231/1662/1580
f 1231/1662/1580 1226/1670/1588 1227/1671/1589
f 1231/1662/1580 1227/1671/1589 1230/1672/1590
f 1230/1672/1590 1227/1671/1589 1229/1673/1591
f 1229/1673/1591 1227/1671/1589 1228/1674/1592
f 1109/1656/1574 1108/1675/1593 1091/1654/1572
f 1091/1654/1572 1108/1675/1593 1107/1676/1594
f 1091/1654/1572 1107/1676/1594 1106/1677/1595
f 1225/1678/1596 1166/1679/1503 1243/1680/1597
f 1243/1680/1597 1166/1679/1503 1184/1681/1502
f 1243/1680/1597 1184/1681/1502 1242/1682/1598
f 1242/1682/1598 1184/1681/1502 1183/1683/1557
f 1242/1682/1598 1183/1683/1557 1241/1684/1599
f 1241/1684/1599 1183/1683/1557 1182/1685/1552
f 1241/1684/1599 1182/1685/1552 1240/1686/1600
f 1240/1686/1600 1182/1685/1552 1181/1687/1530
f 1240/1686/1600 1181/1687/1530 1239/1688/1601
f 1239/1688/1601 1181/1687/1530 1180/1689/1532
f 1239/1688/1601 1180/1689/1532 1238/1690/1602
f 1238/1690/1602 1180/1689/1532 1179/1691/1534
f 1238/1690/1602 1179/1691/1534 1165/1692/1603
f 1165/1692/1603 1179/1691/1534 1083/1693/1604
f 1165/1692/1603 1083/1693/1604 1232/1694/1605
f 1179/1691/1534 1084/1695/1536 1083/1693/1604
f 1233/1696/1606 1234/1697/1607 1232/1694/1605
f 1232/1694/1605 1234/1697/1607 1235/1698/1608
f 1232/1694/1605 1235/1698/1608 1237/1699/1609
f 1237/1699/1609 1235/1698/1608 1236/1700/1610
f 1237/1699/1609 1165/1692/1603 1232/1694/1605
f 1165/1692/1603 1164/1701/1611 1238/1690/1602
f 1249/1702/1612 1231/1703/1613 1250/1704/1614
f 1250/1704/1614 1231/1703/1613 1230/1705/1615
f 1250/1704/1614 1230/1705/1615 1258/1706/1616
f 1258/1706/1616 1230/1705/1615 1229/1707/1617
f 1258/1706/1616 1229/1707/1617 1266/1708/1618
f 1266/1708/1618 1229/1707/1617 1228/1709/1619
f 1266/1708/1618 1228/1709/1619 1274/1710/1620
f 1274/1710/1620 1228/1709/1619 1227/1711/1621
f 1274/1710/1620 1227/1711/1621 1282/1712/1622
f 1282/1712/1622 1227/1711/1621 1226/1713/1623
f 1282/1712/1622 1226/1713/1623 1225/1714/1596
f 1225/1714/1596 1243/1715/1597 1282/1712/1622
f 1282/1712/1622 1243/1715/1597 1283/1716/1624
f 1282/1712/1622 1283/1716/1624 1274/1710/1620
f 1274/1710/1620 1283/1716/1624 1275/1717/1625
f 1274/1710/1620 1275/1717/1625 1266/1708/1618
f 1266/1708/1618 1275/1717/1625 1267/1718/1626
f 1266/1708/1618 1267/1718/1626 1258/1706/1616
f 1258/1706/1616 1267/1718/1626 1259/1719/1627
f 1258/1706/1616 1259/1719/1627 1250/1704/1614
f 1250/1704/1614 1259/1719/1627 1251/1720/1628
f 1250/1704/1614 1251/1720/1628 1249/1702/1612
f 1249/1702/1612 1251/1720/1628 1248/1721/1629
f 1248/1721/1629 1251/1720/1628 1252/1722/1630
f 1248/1721/1629 1252/1722/1630 1247/1723/1631
f 1247/1723/1631 1252/1722/1630 1253/1724/1632
f 1247/1723/1631 1253/1724/1632 1254/1725/1633
f 1254/1725/1633 1253/1724/1632 1262/1726/1634
f 1254/1725/1633 1262/1726/1634 1263/1727/1635
f 1263/1727/1635 1262/1726/1634 1271/1728/1636
f 1263/1727/1635 1271/1728/1636 1272/1729/1637
f 1272/1729/1637 1271/1728/1636 1280/1730/1638
f 1272/1729/1637 1280/1730/1638 1281/1731/1639
f 1281/1731/1639 1280/1730/1638 1289/1732/1640
f 1281/1731/1639 1289/1732/1640 1163/1733/1641
f 1163/1733/1641 1289/1732/1640 1164/1734/1611
f 1164/1734/1611 1289/1732/1640 1238/1735/1602
f 1238/1735/1602 1289/1732/1640 1288/1736/1642
f 1238/1735/1602 1288/1736/1642 1239/1737/1601
f 1239/1737/1601 1288/1736/1642 1287/1738/1643
f 1239/1737/1601 1287/1738/1643 1240/1739/1600
f 1240/1739/1600 1287/1738/1643 1286/1740/1644
f 1240/1739/1600 1286/1740/1644 1285/1741/1645
f 1285/1741/1645 1286/1740/1644 1277/1742/1646
f 1285/1741/1645 1277/1742/1646 1276/1743/1647
f 1276/1743/1647 1277/1742/1646 1268/1744/1648
f 1276/1743/1647 1268/1744/1648 1267/1718/1626
f 1267/1718/1626 1268/1744/1648 1259/1719/1627
f 1243/1715/1597 1242/1745/1598 1283/1716/1624
f 1283/1716/1624 1242/1745/1598 1284/1746/1649
f 1283/1716/1624 1284/1746/1649 1275/1717/1625
f 1275/1717/1625 1284/1746/1649 1276/1743/1647
f 1275/1717/1625 1276/1743/1647 1267/1718/1626
f 1242/1745/1598 1241/1747/1599 1284/1746/1649
f 1284/1746/1649 1241/1747/1599 1285/1741/1645
f 1284/1746/1649 1285/1741/1645 1276/1743/1647
f 1241/1747/1599 1240/1739/1600 1285/1741/1645
f 1163/1733/1641 1162/1748/1650 1281/1731/1639
f 1281/1731/1639 1162/1748/1650 1273/1749/1651
f 1281/1731/1639 1273/1749/1651 1272/1729/1637
f 1272/1729/1637 1273/1749/1651 1264/1750/1652
f 1272/1729/1637 1264/1750/1652 1263/1727/1635
f 1263/1727/1635 1264/1750/1652 1255/1751/1653
f 1263/1727/1635 1255/1751/1653 1254/1725/1633
f 1254/1725/1633 1255/1751/1653 1246/1752/1654
f 1254/1725/1633 1246/1752/1654 1247/1723/1631
f 1162/1748/1650 1161/1753/1655 1273/1749/1651
f 1273/1749/1651 1161/1753/1655 1265/1754/1656
f 1273/1749/1651 1265/1754/1656 1264/1750/1652
f 1264/1750/1652 1265/1754/1656 1256/1755/1657
f 1264/1750/1652 1256/1755/1657 1255/1751/1653
f 1255/1751/1653 1256/1755/1657 1245/1756/1658
f 1255/1751/1653 1245/1756/1658 1246/1752/1654
f 1161/1753/1655 1160/1757/1659 1265/1754/1656
f 1265/1754/1656 1160/1757/1659 1257/1758/1660
f 1265/1754/1656 1257/1758/1660 1256/1755/1657
f 1256/1755/1657 1257/1758/1660 1244/1759/1661
f 1256/1755/1657 1244/1759/1661 1245/1756/1658
f 1160/1757/1659 1159/1760/1662 1257/1758/1660
f 1257/1758/1660 1159/1760/1662 1158/1761/1663
f 1257/1758/1660 1158/1761/1663 1244/1759/1661
f 1252/1722/1630 1251/1720/1628 1260/1762/1664
f 1260/1762/1664 1251/1720/1628 1259/1719/1627
f 1260/1762/1664 1259/1719/1627 1268/1744/1648
f 1253/1724/1632 1252/1722/1630 1261/1763/1665
f 1261/1763/1665 1252/1722/1630 1260/1762/1664
f 1261/1763/1665 1260/1762/1664 1269/1764/1666
f 1269/1764/1666 1260/1762/1664 1268/1744/1648
f 1269/1764/1666 1268/1744/1648 1277/1742/1646
f 1253/1724/1632 1261/1763/1665 1262/1726/1634
f 1262/1726/1634 1261/1763/1665 1270/1765/1667
f 1262/1726/1634 1270/1765/1667 1271/1728/1636
f 1271/1728/1636 1270/1765/1667 1279/1766/1668
f 1271/1728/1636 1279/1766/1668 1280/1730/1638
f 1280/1730/1638 1279/1766/1668 1288/1736/1642
f 1280/1730/1638 1288/1736/1642 1289/1732/1640
f 1270/1765/1667 1261/1763/1665 1269/1764/1666
f 1270/1765/1667 1269/1764/1666 1278/1767/1669
f 1278/1767/1669 1269/1764/1666 1277/1742/1646
f 1278/1767/1669 1277/1742/1646 1286/1740/1644
f 1270/1765/1667 1278/1767/1669 1279/1766/1668
f 1279/1766/1668 1278/1767/1669 1287/1738/1643
f 1279/1766/1668 1287/1738/1643 1288/1736/1642
f 1287/1738/1643 1278/1767/1669 1286/1740/1644
f 1235/1768/1608 1234/1769/1607 1301/1770/1670
f 1301/1770/1670 1234/1769/1607 1290/1771/1671
f 1301/1770/1670 1290/1771/1671 1300/1772/1672
f 1300/1772/1672 1290/1771/1671 1291/1773/1673
f 1300/1772/1672 1291/1773/1673 1299/1774/1674
f 1299/1774/1674 1291/1773/1673 1292/1775/1675
f 1299/1774/1674 1292/1775/1675 1298/1776/1676
f 1298/1776/1676 1292/1775/1675 1293/1777/1677
f 1298/1776/1676 1293/1777/1677 1297/1778/1678
f 1297/1778/1678 1293/1777/1677 1294/1779/1679
f 1297/1778/1678 1294/1779/1679 1296/1780/1680
f 1296/1780/1680 1294/1779/1679 1295/1781/1681
f 1296/1782/1680 1295/1783/1681 1303/1784/1682
f 1303/1784/1682 1295/1783/1681 1302/1785/1683
f 1294/1786/1684 1293/1787/1685 1295/1788/1686
f 1295/1788/1686 1293/1787/1685 1292/1789/1687
f 1295/1788/1686 1292/1789/1687 1291/1790/1688
f 1291/1790/1688 1290/1791/1689 1295/1788/1686
f 1295/1788/1686 1290/1791/1689 1234/1792/1690
f 1295/1788/1686 1234/1792/1690 1304/1793/1691
f 1304/1793/1691 1234/1792/1690 1233/1794/1692
f 1304/1793/1691 1302/1795/1693 1295/1788/1686
f 1165/1796/1694 1237/1797/1695 1099/1798/1696
f 1099/1798/1696 1237/1797/1695 1305/1799/1697
f 1237/1800/1698 1236/1801/1699 1305/1802/1700
f 1305/1802/1700 1236/1801/1699 1306/1803/1701
f 1233/1804/1702 1232/1805/1703 1304/1806/1704
f 1304/1806/1704 1232/1805/1703 1307/1807/1705
f 1232/1808/1706 1083/1809/1707 1307/1810/1708
f 1307/1810/1708 1083/1809/1707 1082/1811/1709
f 1301/1812/1710 1296/1813/1711 1235/1814/1712
f 1235/1814/1712 1296/1813/1711 1306/1815/1713
f 1235/1814/1712 1306/1815/1713 1236/1816/1714
f 1301/1812/1710 1300/1817/1715 1296/1813/1711
f 1296/1813/1711 1300/1817/1715 1299/1818/1716
f 1296/1813/1711 1299/1818/1716 1298/1819/1717
f 1298/1819/1717 1297/1820/1718 1296/1813/1711
f 1296/1813/1711 1303/1821/1719 1306/1815/1713
f 1082/1822/1720 1099/1823/1721 1307/1824/1722
f 1307/1824/1722 1099/1823/1721 1305/1825/1723
f 1307/1824/1722 1305/1825/1723 1302/1826/1724
f 1302/1826/1724 1305/1825/1723 1303/1827/1725
f 1303/1827/1725 1305/1825/1723 1306/1828/1726
f 1302/1826/1724 1304/1829/1727 1307/1824/1722
f 1100/1830/1429 1117/1831/1428 1158/1832/1663
f 1158/1832/1663 1117/1831/1428 1244/1833/1661
f 1244/1833/1661 1117/1831/1428 1116/1834/1445
f 1244/1833/1661 1116/1834/1445 1245/1835/1658
f 1245/1835/1658 1116/1834/1445 1115/1836/1447
f 1245/1835/1658 1115/1836/1447 1246/1837/1654
f 1246/1837/1654 1115/1836/1447 1114/1838/1470
f 1246/1837/1654 1114/1838/1470 1247/1839/1631
f 1247/1839/1631 1114/1838/1470 1113/1840/1474
f 1247/1839/1631 1113/1840/1474 1248/1841/1629
f 1248/1841/1629 1113/1840/1474 1112/1842/1477
f 1248/1841/1629 1112/1842/1477 1249/1843/1612
f 1249/1843/1612 1112/1842/1477 1111/1844/1479
f 1249/1843/1612 1111/1844/1479 1231/1845/1613
f 1172/1846/1514 1029/1847/1384 1173/1848/1515
f 1173/1848/1515 1029/1847/1384 1028/1849/1382
f 1173/1848/1515 1028/1849/1382 1174/1850/1517
f 1174/1850/1517 1028/1849/1382 1027/1851/1380
f 1174/1850/1517 1027/1851/1380 1175/1852/1519
f 1175/1852/1519 1027/1851/1380 1026/1853/1378
f 1175/1852/1519 1026/1853/1378 1176/1854/1551
f 1176/1854/1551 1026/1853/1378 1025/1855/1353
f 1176/1854/1551 1025/1855/1353 1177/1856/1549
f 1177/1856/1549 1025/1855/1353 1024/1857/1351
f 1177/1856/1549 1024/1857/1351 1178/1858/1547
f 1178/1858/1547 1024/1857/1351 1023/1859/1349
f 1178/1858/1547 1023/1859/1349 1090/1860/1546
f 1090/1860/1546 1023/1859/1349 1022/1861/1348
g Body1:2

v 14.500000 90.200000 75.000001
v 14.500000 90.200000 73.500001
v 16.500000 90.200000 73.500001
v 16.500000 90.200000 75.000001
v 14.500000 87.700000 73.500001
v 14.500000 87.700000 75.000001
v 16.500000 87.700000 75.000001
v 16.500000 87.700000 73.500001
v 16.500000 1.500000 72.000001
v 16.500000 11.966667 72.000001
v 16.500000 22.433333 72.000001
v 16.500000 32.900000 72.000001
v 16.500000 43.366667 72.000001
v 16.500000 53.833333 72.000001
v 16.500000 64.300000 72.000001
v 16.500000 74.766667 72.000001
v 16.500000 85.233333 72.000001
v 16.500000 95.700000 72.000001
v 16.500000 95.700000 75.000001
v 16.500000 78.925000 75.000001
v 16.500000 70.150000 75.000001
v 16.500000 61.375000 75.000001
v 16.500000 52.600000 75.000001
v 16.500000 52.600000 73.500000
v 16.500000 44.600000 73.500000
v 16.500000 44.600000 75.000001
v 16.500000 35.825000 75.000001
v 16.500000 27.050000 75.000001
v 16.500000 18.275000 75.000001
v 16.500000 9.500000 75.000001
v 16.500000 9.500000 73.500001
v 16.500000 7.000000 73.500001
v 16.500000 7.000000 75.000001
v 16.500000 1.500000 75.000001
v 16.448889 96.088229 75.000001
v 16.299038 96.450000 75.000001
v 16.060660 96.760660 75.000001
v 15.750000 96.999038 75.000001
v 15.388229 97.148889 75.000001
v 15.000000 97.200000 75.000001
v 14.500000 97.200000 75.000001
v 14.500000 9.500000 73.500001
v 14.500000 7.000000 73.500001
v 14.500000 9.500000 75.000001
v 14.500000 7.000000 75.000001
v 14.500000 97.200000 72.000001
v 14.500000 86.400000 72.000001
v 14.500000 75.600000 72.000001
v 14.500000 64.800000 72.000001
v 14.500000 54.000000 72.000001
v 14.500000 43.200000 72.000001
v 14.500000 32.400000 72.000001
v 14.500000 21.600000 72.000001
v 14.500000 10.800000 72.000001
v 14.500000 0.000000 72.000001
v 14.500000 0.000000 75.000001
v 14.500000 18.275000 75.000001
v 14.500000 27.050000 75.000001
v 14.500000 35.825000 75.000001
v 14.500000 44.600000 75.000001
v 14.500000 44.600000 73.500000
v 14.500000 52.600000 73.500000
v 14.500000 52.600000 75.000001
v 14.500000 61.375000 75.000001
v 14.500000 70.150000 75.000001
v 14.500000 78.925000 75.000001
v 16.448889 96.088229 72.000001
v 16.299038 96.450000 72.000001
v 16.060660 96.760660 72.000001
v 15.750000 96.999038 72.000001
v 15.388229 97.148889 72.000001
v 15.000000 97.200000 72.000001
v 16.448889 1.111771 72.000001
v 16.299038 0.750000 72.000001
v 16.060660 0.439340 72.000001
v 15.750000 0.200962 72.000001
v 15.388229 0.051111 72.000001
v 15.000000 0.000000 72.000001
v 16.448889 1.111771 75.000001
v 16.299038 0.750000 75.000001
v 16.060660 0.439340 75.000001
v 15.750000 0.200962 75.000001
v 15.388229 0.051111 75.000001
v 15.000000 0.000000 75.000001
vt 0.000000 4.500000 0.000000
vt 1.500000 4.500000 0.000000
vt 0.000000 6.500000 0.000000
vt 1.500000 6.500000 0.000000
vt 0.000000 4.500000 0.000000
vt 1.500000 4.500000 0.000000
vt 0.000000 6.500000 0.000000
vt 1.500000 6.500000 0.000000
vt 0.000000 4.500000 0.000000
vt 2.500000 4.500000 0.000000
vt 0.000000 6.500000 0.000000
vt 2.500000 6.500000 0.000000
vt -0.000000 1.500000 0.000000
vt 3.000000 1.500000 0.000000
vt 1.500000 7.000000 0.000000
vt 3.000000 11.966667 0.000000
vt 1.500000 9.500000 0.000000
vt -0.000000 18.275000 0.000000
vt 0.000000 9.500000 0.000000
vt 3.000000 22.433333 0.000000
vt -0.000000 27.050000 0.000000
vt 3.000000 32.900000 0.000000
vt -0.000000 35.825000 0.000000
vt 1.500001 44.600000 0.000000
vt -0.000000 44.600000 0.000000
vt 3.000000 43.366667 0.000000
vt 1.500001 52.600000 0.000000
vt 3.000000 53.833333 0.000000
vt 3.000000 64.300000 0.000000
vt 3.000000 74.766667 0.000000
vt -0.000000 70.150000 0.000000
vt -0.000000 61.375000 0.000000
vt -0.000000 52.600000 0.000000
vt -0.000000 78.925000 0.000000
vt 3.000000 85.233333 0.000000
vt 1.500000 87.700000 0.000000
vt 1.500000 90.200000 0.000000
vt 3.000000 95.700000 0.000000
vt -0.000000 95.700000 0.000000
vt 0.000000 90.200000 0.000000
vt 0.000000 87.700000 0.000000
vt 0.000000 7.000000 0.000000
vt 2.000000 90.200000 0.000000
vt 1.250000 96.999038 0.000000
vt 0.000000 90.200000 0.000000
vt 0.888229 97.148889 0.000000
vt 0.500000 97.200000 0.000000
vt 1.560660 96.760660 0.000000
vt 2.000000 95.700000 0.000000
vt 1.799038 96.450000 0.000000
vt 1.948889 96.088229 0.000000
vt 0.000000 97.200000 0.000000
vt -2.500000 4.500000 0.000000
vt -0.000000 4.500000 0.000000
vt -2.500000 6.500000 0.000000
vt -0.000000 6.500000 0.000000
vt -1.500000 4.500000 0.000000
vt -0.000000 4.500000 0.000000
vt -1.500000 6.500000 0.000000
vt -0.000000 6.500000 0.000000
vt 0.000000 4.500000 0.000000
vt -0.000000 6.500000 0.000000
vt -1.500000 4.500000 0.000000
vt -1.500000 6.500000 0.000000
vt 3.000000 97.200000 0.000000
vt 0.000000 97.200000 0.000000
vt 1.500000 90.200000 0.000000
vt 0.000000 86.400000 0.000000
vt 1.500000 87.700000 0.000000
vt 0.000000 75.600000 0.000000
vt 3.000000 78.925000 0.000000
vt 3.000000 70.150000 0.000000
vt 0.000000 64.800000 0.000000
vt 3.000000 61.375000 0.000000
vt 1.499999 52.600000 0.000000
vt 3.000000 52.600000 0.000000
vt 0.000000 54.000000 0.000000
vt 0.000000 43.200000 0.000000
vt 1.499999 44.600000 0.000000
vt 0.000000 32.400000 0.000000
vt 3.000000 35.825000 0.000000
vt 3.000000 27.050000 0.000000
vt 0.000000 21.600000 0.000000
vt 3.000000 18.275000 0.000000
vt 1.500000 9.500000 0.000000
vt 3.000000 9.500000 0.000000
vt 0.000000 10.800000 0.000000
vt 1.500000 7.000000 0.000000
vt 0.000000 0.000000 0.000000
vt 3.000000 0.000000 0.000000
vt 3.000000 7.000000 0.000000
vt 3.000000 44.600000 0.000000
vt 3.000000 87.700000 0.000000
vt 3.000000 90.200000 0.000000
vt 0.000000 9.500000 0.000000
vt 2.000000 9.500000 0.000000
vt 0.000000 18.275000 0.000000
vt 2.000000 18.275000 0.000000
vt 0.000000 27.050000 0.000000
vt 2.000000 27.050000 0.000000
vt 0.000000 35.825000 0.000000
vt 2.000000 35.825000 0.000000
vt 0.000000 44.600000 0.000000
vt 2.000000 44.600000 0.000000
vt 0.750000 1.178097 0.000000
vt -2.250000 1.178097 0.000000
vt 0.750000 0.785398 0.000000
vt -2.250000 0.785398 0.000000
vt 0.750000 0.392699 0.000000
vt -2.250000 0.392699 0.000000
vt 0.750000 0.000000 0.000000
vt -2.250000 0.000000 0.000000
vt 0.750000 -0.392699 0.000000
vt -2.250000 -0.392699 0.000000
vt 0.750000 -0.785398 0.000000
vt -2.250000 -0.785398 0.000000
vt 0.750000 -1.178097 0.000000
vt -2.250000 -1.178097 0.000000
vt 2.000000 97.200000 0.000000
vt 1.500000 97.200000 0.000000
vt 2.000000 86.400000 0.000000
vt 1.111771 97.148889 0.000000
vt 0.750000 96.999038 0.000000
vt -0.000000 85.233333 0.000000
vt 0.439340 96.760660 0.000000
vt -0.000000 95.700000 0.000000
vt 0.200962 96.450000 0.000000
vt 0.051111 96.088229 0.000000
vt 2.000000 75.600000 0.000000
vt -0.000000 74.766667 0.000000
vt 2.000000 64.800000 0.000000
vt -0.000000 64.300000 0.000000
vt 2.000000 54.000000 0.000000
vt -0.000000 53.833333 0.000000
vt 2.000000 43.200000 0.000000
vt -0.000000 43.366667 0.000000
vt -0.000000 32.900000 0.000000
vt 2.000000 32.400000 0.000000
vt -0.000000 22.433333 0.000000
vt 2.000000 21.600000 0.000000
vt -0.000000 11.966667 0.000000
vt 2.000000 10.800000 0.000000
vt 0.750000 0.200962 0.000000
vt 1.111771 0.051111 0.000000
vt 0.439340 0.439340 0.000000
vt -0.000000 1.500000 0.000000
vt 0.200962 0.750000 0.000000
vt 0.051111 1.111771 0.000000
vt 1.500000 0.000000 0.000000
vt 2.000000 0.000000 0.000000
vt 2.250000 1.178097 0.000000
vt -0.750000 1.178097 0.000000
vt 2.250000 0.785398 0.000000
vt -0.750000 0.785398 0.000000
vt 2.250000 0.392699 0.000000
vt -0.750000 0.392699 0.000000
vt 2.250000 0.000000 0.000000
vt -0.750000 0.000000 0.000000
vt 2.250000 -0.392699 0.000000
vt -0.750000 -0.392699 0.000000
vt 2.250000 -0.785398 0.000000
vt -0.750000 -0.785398 0.000000
vt 2.250000 -1.178097 0.000000
vt -0.750000 -1.178097 0.000000
vt 0.000000 7.000000 0.000000
vt 1.250000 0.200962 0.000000
vt 2.000000 7.000000 0.000000
vt 1.560660 0.439340 0.000000
vt 2.000000 1.500000 0.000000
vt 1.799038 0.750000 0.000000
vt 1.948889 1.111771 0.000000
vt 0.000000 0.000000 0.000000
vt 0.500000 0.000000 0.000000
vt 0.888229 0.051111 0.000000
vt 2.000000 87.700000 0.000000
vt 0.000000 87.700000 0.000000
vt 2.000000 78.925000 0.000000
vt 0.000000 78.925000 0.000000
vt 2.000000 70.150000 0.000000
vt 0.000000 70.150000 0.000000
vt 2.000000 61.375000 0.000000
vt 0.000000 61.375000 0.000000
vt 2.000000 52.600000 0.000000
vt 0.000000 52.600000 0.000000
vt -0.000000 210.500000 0.000000
vt -1.500001 210.500000 0.000000
vt -0.000000 208.500000 0.000000
vt -1.500001 208.500000 0.000000
vt -0.000000 210.500000 0.000000
vt -8.000000 210.500000 0.000000
vt -0.000000 208.500000 0.000000
vt -8.000000 208.500000 0.000000
vt 0.000001 210.500000 0.000000
vt -1.500000 210.500000 0.000000
vt 0.000001 208.500000 0.000000
vt -1.500000 208.500000 0.000000
vt -0.500000 1.500000 0.000000
vt -1.000000 1.500000 0.000000
vt -0.500000 -1.500000 0.000000
vt -1.000000 -1.500000 0.000000
vt 1.500000 -0.500000 0.000000
vt -1.500000 -0.500000 0.000000
vt 1.500000 -1.000000 0.000000
vt -1.500000 -1.000000 0.000000
vn -0.000000 -1.000000 -0.000000
vn -0.000000 -1.000000 -0.000000
vn -0.000000 -1.000000 -0.000000
vn -0.000000 -1.000000 -0.000000
vn -0.000000 1.000000 -0.000000
vn -0.000000 1.000000 -0.000000
vn -0.000000 1.000000 -0.000000
vn -0.000000 1.000000 -0.000000
vn -0.000000 -0.000000 1.000000
vn -0.000000 -0.000000 1.000000
vn -0.000000 -0.000000 1.000000
vn -0.000000 -0.000000 1.000000
vn 1.000000 0.000000 0.000000
vn 1.000000 0.000000 0.000000
vn 1.000000 0.000000 0.000000
vn 1.000000 0.000000 0.000000
vn 1.000000 0.000000 0.000000
vn 1.000000 0.000000 0.000000
vn 1.000000 0.000000 0.000000
vn 1.000000 0.000000 0.000000
vn 1.000000 0.000000 0.000000
vn 1.000000 0.000000 0.000000
vn 1.000000 0.000000 0.000000
vn 1.000000 0.000000 0.000000
vn 1.000000 0.000000 0.000000
vn 1.000000 0.000000 0.000000
vn 1.000000 0.000000 0.000000
vn 1.000000 0.000000 0.000000
vn 1.000000 0.000000 0.000000
vn 1.000000 0.000000 0.000000
vn 1.000000 0.000000 0.000000
vn 1.000000 0.000000 0.000000
vn 1.000000 0.000000 0.000000
vn 1.000000 0.000000 0.000000
vn 1.000000 0.000000 0.000000
vn 1.000000 0.000000 0.000000
vn 1.000000 0.000000 0.000000
vn 1.000000 0.000000 0.000000
vn 1.000000 0.000000 0.000000
vn 1.000000 0.000000 0.000000
vn 1.000000 0.000000 0.000000
vn 1.000000 0.000000 0.000000
vn 0.000000 -0.000000 1.000000
vn 0.000000 -0.000000 1.000000
vn 0.000000 -0.000000 1.000000
vn 0.000000 -0.000000 1.000000
vn 0.000000 -0.000000 1.000000
vn 0.000000 -0.000000 1.000000
vn 0.000000 -0.000000 1.000000
vn 0.000000 -0.000000 1.000000
vn 0.000000 -0.000000 1.000000
vn 0.000000 -0.000000 1.000000
vn -0.000000 -0.000000 1.000000
vn -0.000000 -0.000000 1.000000
vn -0.000000 -0.000000 1.000000
vn -0.000000 -0.000000 1.000000
vn -0.000000 -1.000000 -0.000000
vn -0.000000 -1.000000 -0.000000
vn -0.000000 -1.000000 -0.000000
vn -0.000000 -1.000000 -0.000000
vn -0.000000 1.000000 -0.000000
vn -0.000000 1.000000 -0.000000
vn -0.000000 1.000000 -0.000000
vn -0.000000 1.000000 -0.000000
vn -1.000000 0.000000 0.000000
vn -1.000000 0.000000 0.000000
vn -1.000000 0.000000 0.000000
vn -1.000000 0.000000 0.000000
vn -1.000000 0.000000 0.000000
vn -1.000000 0.000000 0.000000
vn -1.000000 0.000000 0.000000
vn -1.000000 0.000000 0.000000
vn -1.000000 0.000000 0.000000
vn -1.000000 0.000000 0.000000
vn -1.000000 0.000000 0.000000
vn -1.000000 0.000000 0.000000
vn -1.000000 0.000000 0.000000
vn -1.000000 0.000000 0.000000
vn -1.000000 0.000000 0.000000
vn -1.000000 0.000000 0.000000
vn -1.000000 0.000000 0.000000
vn -1.000000 0.000000 0.000000
vn -1.000000 0.000000 0.000000
vn -1.000000 0.000000 0.000000
vn -1.000000 0.000000 0.000000
vn -1.000000 0.000000 0.000000
vn -1.000000 0.000000 0.000000
vn -1.000000 0.000000 0.000000
vn -1.000000 0.000000 0.000000
vn -1.000000 0.000000 0.000000
vn -1.000000 0.000000 0.000000
vn -1.000000 0.000000 0.000000
vn -1.000000 0.000000 0.000000
vn -1.000000 0.000000 0.000000
vn 0.000000 -0.000000 1.000000
vn 0.000000 -0.000000 1.000000
vn 0.000000 -0.000000 1.000000
vn 0.000000 -0.000000 1.000000
vn 0.000000 -0.000000 1.000000
vn 0.000000 -0.000000 1.000000
vn 0.000000 -0.000000 1.000000
vn 0.000000 -0.000000 1.000000
vn 0.000000 -0.000000 1.000000
vn 0.000000 -0.000000 1.000000
vn 0.965926 0.258819 0.000000
vn 0.965926 0.258819 0.000000
vn 0.866025 0.500000 0.000000
vn 0.866025 0.500000 0.000000
vn 0.707107 0.707107 0.000000
vn 0.707107 0.707107 0.000000
vn 0.500000 0.866025 0.000000
vn 0.500000 0.866025 0.000000
vn 0.258819 0.965926 0.000000
vn 0.258819 0.965926 0.000000
vn 0.000000 1.000000 0.000000
vn 0.000000 1.000000 0.000000
vn 0.000000 0.000000 -1.000000
vn 0.000000 0.000000 -1.000000
vn 0.000000 0.000000 -1.000000
vn 0.000000 0.000000 -1.000000
vn 0.000000 0.000000 -1.000000
vn 0.000000 0.000000 -1.000000
vn 0.000000 0.000000 -1.000000
vn 0.000000 0.000000 -1.000000
vn 0.000000 0.000000 -1.000000
vn 0.000000 0.000000 -1.000000
vn 0.000000 0.000000 -1.000000
vn 0.000000 0.000000 -1.000000
vn 0.000000 0.000000 -1.000000
vn 0.000000 0.000000 -1.000000
vn 0.000000 0.000000 -1.000000
vn 0.000000 0.000000 -1.000000
vn 0.000000 0.000000 -1.000000
vn 0.000000 0.000000 -1.000000
vn 0.000000 0.000000 -1.000000
vn 0.000000 0.000000 -1.000000
vn 0.000000 0.000000 -1.000000
vn 0.000000 0.000000 -1.000000
vn 0.000000 0.000000 -1.000000
vn 0.000000 0.000000 -1.000000
vn 0.000000 0.000000 -1.000000
vn 0.000000 0.000000 -1.000000
vn 0.000000 0.000000 -1.000000
vn 0.000000 0.000000 -1.000000
vn 0.000000 0.000000 -1.000000
vn 0.000000 0.000000 -1.000000
vn 0.000000 0.000000 -1.000000
vn 0.000000 0.000000 -1.000000
vn 0.965926 -0.258819 0.000000
vn 0.965926 -0.258819 0.000000
vn 0.866025 -0.500000 0.000000
vn 0.866025 -0.500000 0.000000
vn 0.707107 -0.707107 0.000000
vn 0.707107 -0.707107 0.000000
vn 0.500000 -0.866025 0.000000
vn 0.500000 -0.866025 0.000000
vn 0.258819 -0.965926 0.000000
vn 0.258819 -0.965926 0.000000
vn 0.000000 -1.000000 0.000000
vn 0.000000 -1.000000 0.000000
vn 0.000000 -0.000000 1.000000
vn 0.000000 -0.000000 1.000000
vn 0.000000 -0.000000 1.000000
vn 0.000000 -0.000000 1.000000
vn 0.000000 -0.000000 1.000000
vn 0.000000 -0.000000 1.000000
vn 0.000000 -0.000000 1.000000
vn 0.000000 -0.000000 1.000000
vn 0.000000 -0.000000 1.000000
vn 0.000000 -0.000000 1.000000
vn 0.000000 -0.000000 1.000000
vn 0.000000 -0.000000 1.000000
vn 0.000000 -0.000000 1.000000
vn 0.000000 -0.000000 1.000000
vn 0.000000 -0.000000 1.000000
vn 0.000000 -0.000000 1.000000
vn 0.000000 -0.000000 1.000000
vn 0.000000 -0.000000 1.000000
vn 0.000000 -0.000000 1.000000
vn 0.000000 -0.000000 1.000000
vn 0.000000 1.000000 0.000000
vn 0.000000 1.000000 0.000000
vn 0.000000 1.000000 0.000000
vn 0.000000 1.000000 0.000000
vn -0.000000 -0.000000 1.000000
vn -0.000000 -0.000000 1.000000
vn -0.000000 -0.000000 1.000000
vn -0.000000 -0.000000 1.000000
vn -0.000000 -1.000000 0.000000
vn -0.000000 -1.000000 0.000000
vn -0.000000 -1.000000 0.000000
vn -0.000000 -1.000000 0.000000
vn 0.000000 -1.000000 0.000000
vn 0.000000 -1.000000 0.000000
vn 0.000000 1.000000 0.000000
vn 0.000000 1.000000 0.000000
f 1308/1862/1728 1309/1863/1729 1311/1864/1730
f 1311/1864/1730 1309/1863/1729 1310/1865/1731
f 1312/1866/1732 1313/1867/1733 1315/1868/1734
f 1315/1868/1734 1313/1867/1733 1314/1869/1735
f 1309/1870/1736 1312/1871/1737 1310/1872/1738
f 1310/1872/1738 1312/1871/1737 1315/1873/1739
f 1341/1874/1740 1316/1875/1741 1339/1876/1742
f 1339/1876/1742 1316/1875/1741 1317/1877/1743
f 1339/1876/1742 1317/1877/1743 1338/1878/1744
f 1338/1878/1744 1317/1877/1743 1336/1879/1745
f 1338/1878/1744 1336/1879/1745 1337/1880/1746
f 1317/1877/1743 1318/1881/1747 1336/1879/1745
f 1336/1879/1745 1318/1881/1747 1335/1882/1748
f 1335/1882/1748 1318/1881/1747 1319/1883/1749
f 1335/1882/1748 1319/1883/1749 1334/1884/1750
f 1334/1884/1750 1319/1883/1749 1332/1885/1751
f 1334/1884/1750 1332/1885/1751 1333/1886/1752
f 1319/1883/1749 1320/1887/1753 1332/1885/1751
f 1332/1885/1751 1320/1887/1753 1331/1888/1754
f 1331/1888/1754 1320/1887/1753 1321/1889/1755
f 1331/1888/1754 1321/1889/1755 1322/1890/1756
f 1323/1891/1757 1328/1892/1758 1322/1890/1756
f 1322/1890/1756 1328/1892/1758 1329/1893/1759
f 1322/1890/1756 1329/1893/1759 1331/1888/1754
f 1331/1888/1754 1329/1893/1759 1330/1894/1760
f 1328/1892/1758 1323/1891/1757 1327/1895/1761
f 1327/1895/1761 1323/1891/1757 1324/1896/1762
f 1327/1895/1761 1324/1896/1762 1315/1897/1763
f 1315/1897/1763 1324/1896/1762 1310/1898/1764
f 1310/1898/1764 1324/1896/1762 1325/1899/1765
f 1310/1898/1764 1325/1899/1765 1326/1900/1766
f 1326/1900/1766 1311/1901/1767 1310/1898/1764
f 1315/1897/1763 1314/1902/1768 1327/1895/1761
f 1339/1876/1742 1340/1903/1769 1341/1874/1740
f 1311/1904/1770 1345/1905/1771 1308/1906/1772
f 1308/1906/1772 1345/1905/1771 1346/1907/1773
f 1308/1906/1772 1346/1907/1773 1347/1908/1774
f 1345/1905/1771 1311/1904/1770 1344/1909/1775
f 1344/1909/1775 1311/1904/1770 1326/1910/1776
f 1344/1909/1775 1326/1910/1776 1343/1911/1777
f 1343/1911/1777 1326/1910/1776 1342/1912/1778
f 1347/1908/1774 1348/1913/1779 1308/1906/1772
f 1349/1914/1780 1350/1915/1781 1338/1916/1782
f 1338/1916/1782 1350/1915/1781 1339/1917/1783
f 1351/1918/1784 1349/1919/1785 1337/1920/1786
f 1337/1920/1786 1349/1919/1785 1338/1921/1787
f 1352/1922/1788 1340/1923/1789 1350/1924/1790
f 1350/1924/1790 1340/1923/1789 1339/1925/1791
f 1348/1926/1792 1353/1927/1793 1309/1928/1794
f 1309/1928/1794 1353/1927/1793 1354/1929/1795
f 1309/1928/1794 1354/1929/1795 1312/1930/1796
f 1312/1930/1796 1354/1929/1795 1355/1931/1797
f 1312/1930/1796 1355/1931/1797 1373/1932/1798
f 1373/1932/1798 1355/1931/1797 1372/1933/1799
f 1372/1933/1799 1355/1931/1797 1356/1934/1800
f 1372/1933/1799 1356/1934/1800 1371/1935/1801
f 1371/1935/1801 1356/1934/1800 1369/1936/1802
f 1371/1935/1801 1369/1936/1802 1370/1937/1803
f 1356/1934/1800 1357/1938/1804 1369/1936/1802
f 1369/1936/1802 1357/1938/1804 1358/1939/1805
f 1369/1936/1802 1358/1939/1805 1368/1940/1806
f 1368/1940/1806 1358/1939/1805 1359/1941/1807
f 1368/1940/1806 1359/1941/1807 1366/1942/1808
f 1366/1942/1808 1359/1941/1807 1365/1943/1809
f 1365/1943/1809 1359/1941/1807 1360/1944/1810
f 1365/1943/1809 1360/1944/1810 1364/1945/1811
f 1364/1945/1811 1360/1944/1810 1349/1946/1812
f 1364/1945/1811 1349/1946/1812 1351/1947/1813
f 1360/1944/1810 1361/1948/1814 1349/1946/1812
f 1349/1946/1812 1361/1948/1814 1350/1949/1815
f 1350/1949/1815 1361/1948/1814 1362/1950/1816
f 1350/1949/1815 1362/1950/1816 1363/1951/1817
f 1363/1951/1817 1352/1952/1818 1350/1949/1815
f 1366/1942/1808 1367/1953/1819 1368/1940/1806
f 1373/1932/1798 1313/1954/1820 1312/1930/1796
f 1309/1928/1794 1308/1955/1821 1348/1926/1792
f 1351/1956/1822 1337/1957/1823 1364/1958/1824
f 1364/1958/1824 1337/1957/1823 1336/1959/1825
f 1364/1958/1824 1336/1959/1825 1365/1960/1826
f 1365/1960/1826 1336/1959/1825 1335/1961/1827
f 1365/1960/1826 1335/1961/1827 1366/1962/1828
f 1366/1962/1828 1335/1961/1827 1334/1963/1829
f 1366/1962/1828 1334/1963/1829 1367/1964/1830
f 1367/1964/1830 1334/1963/1829 1333/1965/1831
f 1326/1966/1766 1325/1967/1765 1342/1968/1832
f 1342/1968/1832 1325/1967/1765 1374/1969/1833
f 1342/1968/1832 1374/1969/1833 1343/1970/1834
f 1343/1970/1834 1374/1969/1833 1375/1971/1835
f 1343/1970/1834 1375/1971/1835 1344/1972/1836
f 1344/1972/1836 1375/1971/1835 1376/1973/1837
f 1344/1972/1836 1376/1973/1837 1345/1974/1838
f 1345/1974/1838 1376/1973/1837 1377/1975/1839
f 1345/1974/1838 1377/1975/1839 1346/1976/1840
f 1346/1976/1840 1377/1975/1839 1378/1977/1841
f 1346/1976/1840 1378/1977/1841 1347/1978/1842
f 1347/1978/1842 1378/1977/1841 1379/1979/1843
f 1353/1980/1844 1379/1981/1845 1354/1982/1846
f 1354/1982/1846 1379/1981/1845 1378/1983/1847
f 1354/1982/1846 1378/1983/1847 1377/1984/1848
f 1354/1982/1846 1377/1984/1848 1324/1985/1849
f 1324/1985/1849 1377/1984/1848 1376/1986/1850
f 1324/1985/1849 1376/1986/1850 1325/1987/1851
f 1325/1987/1851 1376/1986/1850 1375/1988/1852
f 1325/1987/1851 1375/1988/1852 1374/1989/1853
f 1354/1982/1846 1324/1985/1849 1355/1990/1854
f 1355/1990/1854 1324/1985/1849 1323/1991/1855
f 1355/1990/1854 1323/1991/1855 1356/1992/1856
f 1356/1992/1856 1323/1991/1855 1322/1993/1857
f 1356/1992/1856 1322/1993/1857 1357/1994/1858
f 1357/1994/1858 1322/1993/1857 1321/1995/1859
f 1357/1994/1858 1321/1995/1859 1358/1996/1860
f 1358/1996/1860 1321/1995/1859 1320/1997/1861
f 1358/1996/1860 1320/1997/1861 1319/1998/1862
f 1358/1996/1860 1319/1998/1862 1359/1999/1863
f 1359/1999/1863 1319/1998/1862 1318/2000/1864
f 1359/1999/1863 1318/2000/1864 1360/2001/1865
f 1360/2001/1865 1318/2000/1864 1317/2002/1866
f 1360/2001/1865 1317/2002/1866 1361/2003/1867
f 1361/2003/1867 1317/2002/1866 1383/2004/1868
f 1361/2003/1867 1383/2004/1868 1384/2005/1869
f 1383/2004/1868 1317/2002/1866 1382/2006/1870
f 1382/2006/1870 1317/2002/1866 1316/2007/1871
f 1382/2006/1870 1316/2007/1871 1381/2008/1872
f 1381/2008/1872 1316/2007/1871 1380/2009/1873
f 1384/2005/1869 1385/2010/1874 1361/2003/1867
f 1361/2003/1867 1385/2010/1874 1362/2011/1875
f 1316/2012/1741 1341/2013/1740 1380/2014/1876
f 1380/2014/1876 1341/2013/1740 1386/2015/1877
f 1380/2014/1876 1386/2015/1877 1381/2016/1878
f 1381/2016/1878 1386/2015/1877 1387/2017/1879
f 1381/2016/1878 1387/2017/1879 1382/2018/1880
f 1382/2018/1880 1387/2017/1879 1388/2019/1881
f 1382/2018/1880 1388/2019/1881 1383/2020/1882
f 1383/2020/1882 1388/2019/1881 1389/2021/1883
f 1383/2020/1882 1389/2021/1883 1384/2022/1884
f 1384/2022/1884 1389/2021/1883 1390/2023/1885
f 1384/2022/1884 1390/2023/1885 1385/2024/1886
f 1385/2024/1886 1390/2023/1885 1391/2025/1887
f 1352/2026/1888 1389/2027/1889 1340/2028/1890
f 1340/2028/1890 1389/2027/1889 1388/2029/1891
f 1340/2028/1890 1388/2029/1891 1341/2030/1892
f 1341/2030/1892 1388/2029/1891 1387/2031/1893
f 1341/2030/1892 1387/2031/1893 1386/2032/1894
f 1363/2033/1895 1391/2034/1896 1352/2026/1888
f 1352/2026/1888 1391/2034/1896 1390/2035/1897
f 1352/2026/1888 1390/2035/1897 1389/2027/1889
f 1314/2036/1898 1313/2037/1899 1327/2038/1900
f 1327/2038/1900 1313/2037/1899 1373/2039/1901
f 1327/2038/1900 1373/2039/1901 1328/2040/1902
f 1328/2040/1902 1373/2039/1901 1372/2041/1903
f 1328/2040/1902 1372/2041/1903 1329/2042/1904
f 1329/2042/1904 1372/2041/1903 1371/2043/1905
f 1329/2042/1904 1371/2043/1905 1330/2044/1906
f 1330/2044/1906 1371/2043/1905 1370/2045/1907
f 1368/2046/1908 1367/2047/1909 1332/2048/1910
f 1332/2048/1910 1367/2047/1909 1333/2049/1911
f 1369/2050/1912 1368/2051/1913 1331/2052/1914
f 1331/2052/1914 1368/2051/1913 1332/2053/1915
f 1370/2054/1916 1369/2055/1917 1330/2056/1918
f 1330/2056/1918 1369/2055/1917 1331/2057/1919
f 1391/2058/1887 1363/2059/1920 1385/2060/1886
f 1385/2060/1886 1363/2059/1920 1362/2061/1921
f 1347/2062/1842 1379/2063/1843 1348/2064/1922
f 1348/2064/1922 1379/2063/1843 1353/2065/1923
g Body2

v 12.000000 87.700000 75.000001
v 12.000000 87.700000 73.500001
v 10.000000 87.700000 73.500001
v 10.000000 87.700000 75.000001
v 12.000000 90.200000 73.500001
v 12.000000 90.200000 75.000001
v 10.000000 90.200000 75.000001
v 10.000000 90.200000 73.500001
v 12.000000 0.000000 72.000001
v 12.000000 10.800000 72.000001
v 12.000000 21.600000 72.000001
v 12.000000 32.400000 72.000001
v 12.000000 43.200000 72.000001
v 12.000000 54.000000 72.000001
v 12.000000 64.800000 72.000001
v 12.000000 75.600000 72.000001
v 12.000000 86.400000 72.000001
v 12.000000 97.200000 72.000001
v 12.000000 97.200000 75.000001
v 12.000000 78.925000 75.000001
v 12.000000 70.150000 75.000001
v 12.000000 61.375000 75.000001
v 12.000000 52.600000 75.000001
v 12.000000 52.600000 73.500000
v 12.000000 44.600000 73.500000
v 12.000000 44.600000 75.000001
v 12.000000 35.825000 75.000001
v 12.000000 27.050000 75.000001
v 12.000000 18.275000 75.000001
v 12.000000 9.500000 75.000001
v 12.000000 9.500000 73.500001
v 12.000000 7.000000 73.500001
v 12.000000 7.000000 75.000001
v 12.000000 0.000000 75.000001
v 11.500000 97.200000 75.000001
v 11.111771 97.148889 75.000001
v 10.750000 96.999038 75.000001
v 10.439340 96.760660 75.000001
v 10.200962 96.450000 75.000001
v 10.051111 96.088229 75.000001
v 10.000000 95.700000 75.000001
v 10.000000 78.925000 75.000001
v 10.000000 70.150000 75.000001
v 10.000000 61.375000 75.000001
v 10.000000 52.600000 75.000001
v 10.000000 95.700000 72.000001
v 10.000000 85.233333 72.000001
v 10.000000 74.766667 72.000001
v 10.000000 64.300000 72.000001
v 10.000000 53.833333 72.000001
v 10.000000 43.366667 72.000001
v 10.000000 32.900000 72.000001
v 10.000000 22.433333 72.000001
v 10.000000 11.966667 72.000001
v 10.000000 1.500000 72.000001
v 10.000000 1.500000 75.000001
v 10.000000 7.000000 75.000001
v 10.000000 7.000000 73.500001
v 10.000000 9.500000 73.500001
v 10.000000 9.500000 75.000001
v 10.000000 18.275000 75.000001
v 10.000000 27.050000 75.000001
v 10.000000 35.825000 75.000001
v 10.000000 44.600000 75.000001
v 10.000000 44.600000 73.500000
v 10.000000 52.600000 73.500000
v 10.051111 1.111771 75.000001
v 10.200962 0.750000 75.000001
v 10.439340 0.439340 75.000001
v 10.750000 0.200962 75.000001
v 11.111771 0.051111 75.000001
v 11.500000 0.000000 75.000001
v 11.500000 97.200000 72.000001
v 11.111771 97.148889 72.000001
v 10.750000 96.999038 72.000001
v 10.439340 96.760660 72.000001
v 10.200962 96.450000 72.000001
v 10.051111 96.088229 72.000001
v 10.051111 1.111771 72.000001
v 10.200962 0.750000 72.000001
v 10.439340 0.439340 72.000001
v 10.750000 0.200962 72.000001
v 11.111771 0.051111 72.000001
v 11.500000 0.000000 72.000001
vt 1.500000 2.000000 0.000000
vt 0.000000 2.000000 0.000000
vt 1.500000 0.000000 0.000000
vt 0.000000 0.000000 0.000000
vt -0.000000 2.000000 0.000000
vt 0.000000 0.000000 0.000000
vt 1.500000 2.000000 0.000000
vt 1.500000 0.000000 0.000000
vt 2.500000 2.000000 0.000000
vt 0.000000 2.000000 0.000000
vt 2.500000 0.000000 0.000000
vt 0.000000 0.000000 0.000000
vt 0.000000 0.000000 0.000000
vt 3.000000 0.000000 0.000000
vt 1.500000 7.000000 0.000000
vt 3.000000 10.800000 0.000000
vt 1.500000 9.500000 0.000000
vt 3.000000 21.600000 0.000000
vt 0.000000 18.275000 0.000000
vt 0.000000 27.050000 0.000000
vt 3.000000 32.400000 0.000000
vt 0.000000 35.825000 0.000000
vt 1.500001 44.600000 0.000000
vt 0.000000 44.600000 0.000000
vt 3.000000 43.200000 0.000000
vt 1.500001 52.600000 0.000000
vt 3.000000 54.000000 0.000000
vt 3.000000 64.800000 0.000000
vt 3.000000 75.600000 0.000000
vt 0.000000 70.150000 0.000000
vt 0.000000 61.375000 0.000000
vt 0.000000 52.600000 0.000000
vt 3.000000 86.400000 0.000000
vt 1.500000 87.700000 0.000000
vt 0.000000 78.925000 0.000000
vt 1.500000 90.200000 0.000000
vt 3.000000 97.200000 0.000000
vt 0.000000 97.200000 0.000000
vt 0.000000 90.200000 0.000000
vt 0.000000 87.700000 0.000000
vt 0.000000 9.500000 0.000000
vt 0.000000 7.000000 0.000000
vt 2.000000 90.200000 0.000000
vt 0.750000 96.999038 0.000000
vt 0.000000 90.200000 0.000000
vt 0.439340 96.760660 0.000000
vt 0.000000 95.700000 0.000000
vt 0.200962 96.450000 0.000000
vt 0.051111 96.088229 0.000000
vt 2.000000 97.200000 0.000000
vt 1.500000 97.200000 0.000000
vt 1.111771 97.148889 0.000000
vt 2.000000 87.700000 0.000000
vt 0.000000 87.700000 0.000000
vt 2.000000 78.925000 0.000000
vt 0.000000 78.925000 0.000000
vt 2.000000 70.150000 0.000000
vt 0.000000 70.150000 0.000000
vt 2.000000 61.375000 0.000000
vt 0.000000 61.375000 0.000000
vt 2.000000 52.600000 0.000000
vt 0.000000 52.600000 0.000000
vt 3.000000 87.700000 0.000000
vt 1.500000 87.700000 0.000000
vt 3.000000 78.925000 0.000000
vt 0.000000 85.233333 0.000000
vt 0.000000 74.766667 0.000000
vt 1.500000 90.200000 0.000000
vt 0.000000 95.700000 0.000000
vt 3.000000 95.700000 0.000000
vt 3.000000 90.200000 0.000000
vt 3.000000 70.150000 0.000000
vt 0.000000 64.300000 0.000000
vt 3.000000 61.375000 0.000000
vt 1.499999 52.600000 0.000000
vt 3.000000 52.600000 0.000000
vt 0.000000 53.833333 0.000000
vt 0.000000 43.366667 0.000000
vt 1.499999 44.600000 0.000000
vt 0.000000 32.900000 0.000000
vt 3.000000 35.825000 0.000000
vt 3.000000 27.050000 0.000000
vt 0.000000 22.433333 0.000000
vt 3.000000 18.275000 0.000000
vt 0.000000 11.966667 0.000000
vt 1.500000 9.500000 0.000000
vt 1.500000 7.000000 0.000000
vt 0.000000 1.500000 0.000000
vt 3.000000 1.500000 0.000000
vt 3.000000 7.000000 0.000000
vt 3.000000 9.500000 0.000000
vt 3.000000 44.600000 0.000000
vt 0.000000 2.000000 0.000000
vt -1.500000 2.000000 0.000000
vt -0.000000 0.000000 0.000000
vt -1.500000 0.000000 0.000000
vt -1.500000 2.000000 0.000000
vt -1.500000 0.000000 0.000000
vt -0.000000 2.000000 0.000000
vt -0.000000 0.000000 0.000000
vt -0.000000 2.000000 0.000000
vt -2.500000 2.000000 0.000000
vt -0.000000 0.000000 0.000000
vt -2.500000 0.000000 0.000000
vt 0.000000 9.500000 0.000000
vt 2.000000 9.500000 0.000000
vt 0.000000 18.275000 0.000000
vt 2.000000 18.275000 0.000000
vt 0.000000 27.050000 0.000000
vt 2.000000 27.050000 0.000000
vt 0.000000 35.825000 0.000000
vt 2.000000 35.825000 0.000000
vt 0.000000 44.600000 0.000000
vt 2.000000 44.600000 0.000000
vt 0.000000 7.000000 0.000000
vt 0.750000 0.200962 0.000000
vt 2.000000 7.000000 0.000000
vt 1.111771 0.051111 0.000000
vt 1.500000 0.000000 0.000000
vt 0.439340 0.439340 0.000000
vt 0.000000 1.500000 0.000000
vt 0.200962 0.750000 0.000000
vt 0.051111 1.111771 0.000000
vt 2.000000 0.000000 0.000000
vt 0.750000 1.178097 0.000000
vt -2.250000 1.178097 0.000000
vt 0.750000 0.785398 0.000000
vt -2.250000 0.785398 0.000000
vt 0.750000 0.392699 0.000000
vt -2.250000 0.392699 0.000000
vt 0.750000 0.000000 0.000000
vt -2.250000 0.000000 0.000000
vt 0.750000 -0.392699 0.000000
vt -2.250000 -0.392699 0.000000
vt 0.750000 -0.785398 0.000000
vt -2.250000 -0.785398 0.000000
vt 0.750000 -1.178097 0.000000
vt -2.250000 -1.178097 0.000000
vt 0.750000 1.178097 0.000000
vt -2.250000 1.178097 0.000000
vt 0.750000 0.785398 0.000000
vt -2.250000 0.785398 0.000000
vt 0.750000 0.392699 0.000000
vt -2.250000 0.392699 0.000000
vt 0.750000 0.000000 0.000000
vt -2.250000 0.000000 0.000000
vt 0.750000 -0.392699 0.000000
vt -2.250000 -0.392699 0.000000
vt 0.750000 -0.785398 0.000000
vt -2.250000 -0.785398 0.000000
vt 0.750000 -1.178097 0.000000
vt -2.250000 -1.178097 0.000000
vt -1.500000 213.000000 0.000000
vt 0.000001 213.000000 0.000000
vt -1.500000 215.000000 0.000000
vt 0.000001 215.000000 0.000000
vt -8.000000 213.000000 0.000000
vt -0.000000 213.000000 0.000000
vt -8.000000 215.000000 0.000000
vt -0.000000 215.000000 0.000000
vt -1.500001 213.000000 0.000000
vt -0.000000 213.000000 0.000000
vt -1.500001 215.000000 0.000000
vt -0.000000 215.000000 0.000000
vt 1.948889 96.088229 0.000000
vt 1.799038 96.450000 0.000000
vt 2.000000 95.700000 0.000000
vt 1.560660 96.760660 0.000000
vt 2.000000 85.233333 0.000000
vt 1.250000 96.999038 0.000000
vt 0.000000 86.400000 0.000000
vt 0.888229 97.148889 0.000000
vt 0.500000 97.200000 0.000000
vt 0.000000 97.200000 0.000000
vt 0.000000 75.600000 0.000000
vt 2.000000 74.766667 0.000000
vt 0.000000 64.800000 0.000000
vt 2.000000 64.300000 0.000000
vt 0.000000 54.000000 0.000000
vt 2.000000 53.833333 0.000000
vt 0.000000 43.200000 0.000000
vt 2.000000 43.366667 0.000000
vt 2.000000 32.900000 0.000000
vt 0.000000 32.400000 0.000000
vt 2.000000 22.433333 0.000000
vt 0.000000 21.600000 0.000000
vt 2.000000 11.966667 0.000000
vt 0.000000 10.800000 0.000000
vt 1.250000 0.200962 0.000000
vt 0.888229 0.051111 0.000000
vt 0.500000 0.000000 0.000000
vt 0.000000 0.000000 0.000000
vt 1.560660 0.439340 0.000000
vt 2.000000 1.500000 0.000000
vt 1.799038 0.750000 0.000000
vt 1.948889 1.111771 0.000000
vt 0.500000 -1.500000 0.000000
vt 1.000000 -1.500000 0.000000
vt 0.500000 1.500000 0.000000
vt 1.000000 1.500000 0.000000
vt -1.500000 0.500000 0.000000
vt 1.500000 0.500000 0.000000
vt -1.500000 1.000000 0.000000
vt 1.500000 1.000000 0.000000
vn -0.000000 1.000000 -0.000000
vn -0.000000 1.000000 -0.000000
vn -0.000000 1.000000 -0.000000
vn -0.000000 1.000000 -0.000000
vn -0.000000 -1.000000 -0.000000
vn -0.000000 -1.000000 -0.000000
vn -0.000000 -1.000000 -0.000000
vn -0.000000 -1.000000 -0.000000
vn -0.000000 -0.000000 1.000000
vn -0.000000 -0.000000 1.000000
vn -0.000000 -0.000000 1.000000
vn -0.000000 -0.000000 1.000000
vn 1.000000 -0.000000 0.000000
vn 1.000000 -0.000000 0.000000
vn 1.000000 -0.000000 0.000000
vn 1.000000 -0.000000 0.000000
vn 1.000000 -0.000000 0.000000
vn 1.000000 -0.000000 0.000000
vn 1.000000 -0.000000 0.000000
vn 1.000000 -0.000000 0.000000
vn 1.000000 -0.000000 0.000000
vn 1.000000 -0.000000 0.000000
vn 1.000000 -0.000000 0.000000
vn 1.000000 -0.000000 0.000000
vn 1.000000 -0.000000 0.000000
vn 1.000000 -0.000000 0.000000
vn 1.000000 -0.000000 0.000000
vn 1.000000 -0.000000 0.000000
vn 1.000000 -0.000000 0.000000
vn 1.000000 -0.000000 0.000000
vn 1.000000 -0.000000 0.000000
vn 1.000000 -0.000000 0.000000
vn 1.000000 -0.000000 0.000000
vn 1.000000 -0.000000 0.000000
vn 1.000000 -0.000000 0.000000
vn 1.000000 -0.000000 0.000000
vn 1.000000 -0.000000 0.000000
vn 1.000000 -0.000000 0.000000
vn 1.000000 -0.000000 0.000000
vn 1.000000 -0.000000 0.000000
vn 1.000000 -0.000000 0.000000
vn 1.000000 -0.000000 0.000000
vn 0.000000 0.000000 1.000000
vn 0.000000 0.000000 1.000000
vn 0.000000 0.000000 1.000000
vn 0.000000 0.000000 1.000000
vn 0.000000 0.000000 1.000000
vn 0.000000 0.000000 1.000000
vn 0.000000 0.000000 1.000000
vn 0.000000 0.000000 1.000000
vn 0.000000 0.000000 1.000000
vn 0.000000 0.000000 1.000000
vn 0.000000 0.000000 1.000000
vn 0.000000 0.000000 1.000000
vn 0.000000 0.000000 1.000000
vn 0.000000 0.000000 1.000000
vn 0.000000 0.000000 1.000000
vn 0.000000 0.000000 1.000000
vn 0.000000 0.000000 1.000000
vn 0.000000 0.000000 1.000000
vn 0.000000 0.000000 1.000000
vn 0.000000 0.000000 1.000000
vn -1.000000 0.000000 0.000000
vn -1.000000 0.000000 0.000000
vn -1.000000 0.000000 0.000000
vn -1.000000 0.000000 0.000000
vn -1.000000 0.000000 0.000000
vn -1.000000 0.000000 0.000000
vn -1.000000 0.000000 0.000000
vn -1.000000 0.000000 0.000000
vn -1.000000 0.000000 0.000000
vn -1.000000 0.000000 0.000000
vn -1.000000 0.000000 0.000000
vn -1.000000 0.000000 0.000000
vn -1.000000 0.000000 0.000000
vn -1.000000 0.000000 0.000000
vn -1.000000 0.000000 0.000000
vn -1.000000 0.000000 0.000000
vn -1.000000 0.000000 0.000000
vn -1.000000 0.000000 0.000000
vn -1.000000 0.000000 0.000000
vn -1.000000 0.000000 0.000000
vn -1.000000 0.000000 0.000000
vn -1.000000 0.000000 0.000000
vn -1.000000 0.000000 0.000000
vn -1.000000 0.000000 0.000000
vn -1.000000 0.000000 0.000000
vn -1.000000 0.000000 0.000000
vn -1.000000 0.000000 0.000000
vn -1.000000 0.000000 0.000000
vn -1.000000 0.000000 0.000000
vn -1.000000 0.000000 0.000000
vn -0.000000 1.000000 -0.000000
vn -0.000000 1.000000 -0.000000
vn -0.000000 1.000000 -0.000000
vn -0.000000 1.000000 -0.000000
vn -0.000000 -1.000000 -0.000000
vn -0.000000 -1.000000 -0.000000
vn -0.000000 -1.000000 -0.000000
vn -0.000000 -1.000000 -0.000000
vn -0.000000 -0.000000 1.000000
vn -0.000000 -0.000000 1.000000
vn -0.000000 -0.000000 1.000000
vn -0.000000 -0.000000 1.000000
vn 0.000000 0.000000 1.000000
vn 0.000000 0.000000 1.000000
vn 0.000000 0.000000 1.000000
vn 0.000000 0.000000 1.000000
vn 0.000000 0.000000 1.000000
vn 0.000000 0.000000 1.000000
vn 0.000000 0.000000 1.000000
vn 0.000000 0.000000 1.000000
vn 0.000000 0.000000 1.000000
vn 0.000000 0.000000 1.000000
vn 0.000000 0.000000 1.000000
vn 0.000000 0.000000 1.000000
vn 0.000000 0.000000 1.000000
vn 0.000000 0.000000 1.000000
vn 0.000000 0.000000 1.000000
vn 0.000000 0.000000 1.000000
vn 0.000000 0.000000 1.000000
vn 0.000000 0.000000 1.000000
vn 0.000000 0.000000 1.000000
vn 0.000000 0.000000 1.000000
vn -0.965926 0.258819 -0.000000
vn -0.965926 0.258819 -0.000000
vn -0.866025 0.500000 -0.000000
vn -0.866025 0.500000 -0.000000
vn -0.707107 0.707107 -0.000000
vn -0.707107 0.707107 -0.000000
vn -0.500000 0.866025 -0.000000
vn -0.500000 0.866025 -0.000000
vn -0.258819 0.965926 -0.000000
vn -0.258819 0.965926 -0.000000
vn -0.000000 1.000000 -0.000000
vn -0.000000 1.000000 -0.000000
vn -0.000000 -1.000000 0.000000
vn -0.000000 -1.000000 0.000000
vn -0.258819 -0.965926 0.000000
vn -0.258819 -0.965926 0.000000
vn -0.500000 -0.866025 0.000000
vn -0.500000 -0.866025 0.000000
vn -0.707107 -0.707107 0.000000
vn -0.707107 -0.707107 0.000000
vn -0.866025 -0.500000 0.000000
vn -0.866025 -0.500000 0.000000
vn -0.965926 -0.258819 0.000000
vn -0.965926 -0.258819 0.000000
vn -0.000000 -1.000000 0.000000
vn -0.000000 -1.000000 0.000000
vn -0.000000 -1.000000 0.000000
vn -0.000000 -1.000000 0.000000
vn -0.000000 -0.000000 1.000000
vn -0.000000 -0.000000 1.000000
vn -0.000000 -0.000000 1.000000
vn -0.000000 -0.000000 1.000000
vn 0.000000 1.000000 0.000000
vn 0.000000 1.000000 0.000000
vn 0.000000 1.000000 0.000000
vn 0.000000 1.000000 0.000000
vn 0.000000 0.000000 -1.000000
vn 0.000000 0.000000 -1.000000
vn 0.000000 0.000000 -1.000000
vn 0.000000 0.000000 -1.000000
vn 0.000000 0.000000 -1.000000
vn 0.000000 0.000000 -1.000000
vn 0.000000 0.000000 -1.000000
vn 0.000000 0.000000 -1.000000
vn 0.000000 0.000000 -1.000000
vn 0.000000 0.000000 -1.000000
vn 0.000000 0.000000 -1.000000
vn 0.000000 0.000000 -1.000000
vn 0.000000 0.000000 -1.000000
vn 0.000000 0.000000 -1.000000
vn 0.000000 0.000000 -1.000000
vn 0.000000 0.000000 -1.000000
vn 0.000000 0.000000 -1.000000
vn 0.000000 0.000000 -1.000000
vn 0.000000 0.000000 -1.000000
vn 0.000000 0.000000 -1.000000
vn 0.000000 0.000000 -1.000000
vn 0.000000 0.000000 -1.000000
vn 0.000000 0.000000 -1.000000
vn 0.000000 0.000000 -1.000000
vn 0.000000 0.000000 -1.000000
vn 0.000000 0.000000 -1.000000
vn 0.000000 0.000000 -1.000000
vn 0.000000 0.000000 -1.000000
vn 0.000000 0.000000 -1.000000
vn 0.000000 0.000000 -1.000000
vn 0.000000 0.000000 -1.000000
vn 0.000000 0.000000 -1.000000
vn 0.000000 -1.000000 0.000000
vn 0.000000 -1.000000 0.000000
vn 0.000000 1.000000 0.000000
vn 0.000000 1.000000 0.000000
f 1392/2066/1924 1393/2067/1925 1395/2068/1926
f 1395/2068/1926 1393/2067/1925 1394/2069/1927
f 1397/2070/1928 1398/2071/1929 1396/2072/1930
f 1396/2072/1930 1398/2071/1929 1399/2073/1931
f 1393/2074/1932 1396/2075/1933 1394/2076/1934
f 1394/2076/1934 1396/2075/1933 1399/2077/1935
f 1425/2078/1936 1400/2079/1937 1423/2080/1938
f 1423/2080/1938 1400/2079/1937 1401/2081/1939
f 1423/2080/1938 1401/2081/1939 1422/2082/1940
f 1422/2082/1940 1401/2081/1939 1402/2083/1941
f 1422/2082/1940 1402/2083/1941 1420/2084/1942
f 1420/2084/1942 1402/2083/1941 1419/2085/1943
f 1419/2085/1943 1402/2083/1941 1403/2086/1944
f 1419/2085/1943 1403/2086/1944 1418/2087/1945
f 1418/2087/1945 1403/2086/1944 1416/2088/1946
f 1418/2087/1945 1416/2088/1946 1417/2089/1947
f 1403/2086/1944 1404/2090/1948 1416/2088/1946
f 1416/2088/1946 1404/2090/1948 1415/2091/1949
f 1415/2091/1949 1404/2090/1948 1405/2092/1950
f 1415/2091/1949 1405/2092/1950 1406/2093/1951
f 1407/2094/1952 1412/2095/1953 1406/2093/1951
f 1406/2093/1951 1412/2095/1953 1413/2096/1954
f 1406/2093/1951 1413/2096/1954 1415/2091/1949
f 1415/2091/1949 1413/2096/1954 1414/2097/1955
f 1408/2098/1956 1393/2099/1957 1407/2094/1952
f 1407/2094/1952 1393/2099/1957 1411/2100/1958
f 1407/2094/1952 1411/2100/1958 1412/2095/1953
f 1393/2099/1957 1408/2098/1956 1396/2101/1959
f 1396/2101/1959 1408/2098/1956 1409/2102/1960
f 1396/2101/1959 1409/2102/1960 1410/2103/1961
f 1410/2103/1961 1397/2104/1962 1396/2101/1959
f 1393/2099/1957 1392/2105/1963 1411/2100/1958
f 1420/2084/1942 1421/2106/1964 1422/2082/1940
f 1423/2080/1938 1424/2107/1965 1425/2078/1936
f 1397/2108/1966 1428/2109/1967 1398/2110/1968
f 1398/2110/1968 1428/2109/1967 1429/2111/1969
f 1398/2110/1968 1429/2111/1969 1432/2112/1970
f 1432/2112/1970 1429/2111/1969 1430/2113/1971
f 1432/2112/1970 1430/2113/1971 1431/2114/1972
f 1410/2115/1973 1426/2116/1974 1397/2108/1966
f 1397/2108/1966 1426/2116/1974 1427/2117/1975
f 1397/2108/1966 1427/2117/1975 1428/2109/1967
f 1392/2118/1976 1395/2119/1977 1411/2120/1978
f 1411/2120/1978 1395/2119/1977 1433/2121/1979
f 1411/2120/1978 1433/2121/1979 1412/2122/1980
f 1412/2122/1980 1433/2121/1979 1434/2123/1981
f 1412/2122/1980 1434/2123/1981 1413/2124/1982
f 1413/2124/1982 1434/2123/1981 1435/2125/1983
f 1413/2124/1982 1435/2125/1983 1414/2126/1984
f 1414/2126/1984 1435/2125/1983 1436/2127/1985
f 1395/2128/1986 1394/2129/1987 1433/2130/1988
f 1433/2130/1988 1394/2129/1987 1438/2131/1989
f 1433/2130/1988 1438/2131/1989 1439/2132/1990
f 1394/2129/1987 1399/2133/1991 1438/2131/1989
f 1438/2131/1989 1399/2133/1991 1437/2134/1992
f 1437/2134/1992 1399/2133/1991 1432/2135/1993
f 1432/2135/1993 1399/2133/1991 1398/2136/1994
f 1433/2130/1988 1439/2132/1990 1434/2137/1995
f 1434/2137/1995 1439/2132/1990 1440/2138/1996
f 1434/2137/1995 1440/2138/1996 1435/2139/1997
f 1435/2139/1997 1440/2138/1996 1457/2140/1998
f 1435/2139/1997 1457/2140/1998 1436/2141/1999
f 1440/2138/1996 1441/2142/2000 1457/2140/1998
f 1457/2140/1998 1441/2142/2000 1442/2143/2001
f 1457/2140/1998 1442/2143/2001 1456/2144/2002
f 1456/2144/2002 1442/2143/2001 1443/2145/2003
f 1456/2144/2002 1443/2145/2003 1454/2146/2004
f 1454/2146/2004 1443/2145/2003 1453/2147/2005
f 1453/2147/2005 1443/2145/2003 1444/2148/2006
f 1453/2147/2005 1444/2148/2006 1452/2149/2007
f 1452/2149/2007 1444/2148/2006 1445/2150/2008
f 1452/2149/2007 1445/2150/2008 1450/2151/2009
f 1450/2151/2009 1445/2150/2008 1449/2152/2010
f 1449/2152/2010 1445/2150/2008 1446/2153/2011
f 1449/2152/2010 1446/2153/2011 1447/2154/2012
f 1447/2154/2012 1448/2155/2013 1449/2152/2010
f 1450/2151/2009 1451/2156/2014 1452/2149/2007
f 1454/2146/2004 1455/2157/2015 1456/2144/2002
f 1424/2158/2016 1423/2159/2017 1448/2160/2018
f 1448/2160/2018 1423/2159/2017 1449/2161/2019
f 1421/2162/2020 1451/2163/2021 1422/2164/2022
f 1422/2164/2022 1451/2163/2021 1450/2165/2023
f 1423/2166/2024 1422/2167/2025 1449/2168/2026
f 1449/2168/2026 1422/2167/2025 1450/2169/2027
f 1451/2170/2028 1421/2171/2029 1452/2172/2030
f 1452/2172/2030 1421/2171/2029 1420/2173/2031
f 1452/2172/2030 1420/2173/2031 1453/2174/2032
f 1453/2174/2032 1420/2173/2031 1419/2175/2033
f 1453/2174/2032 1419/2175/2033 1454/2176/2034
f 1454/2176/2034 1419/2175/2033 1418/2177/2035
f 1454/2176/2034 1418/2177/2035 1455/2178/2036
f 1455/2178/2036 1418/2177/2035 1417/2179/2037
f 1448/2180/2038 1461/2181/2039 1424/2182/2040
f 1424/2182/2040 1461/2181/2039 1462/2183/2041
f 1424/2182/2040 1462/2183/2041 1463/2184/2042
f 1461/2181/2039 1448/2180/2038 1460/2185/2043
f 1460/2185/2043 1448/2180/2038 1447/2186/2044
f 1460/2185/2043 1447/2186/2044 1459/2187/2045
f 1459/2187/2045 1447/2186/2044 1458/2188/2046
f 1463/2184/2042 1425/2189/2047 1424/2182/2040
f 1437/2190/1992 1432/2191/1993 1469/2192/2048
f 1469/2192/2048 1432/2191/1993 1431/2193/2049
f 1469/2192/2048 1431/2193/2049 1468/2194/2050
f 1468/2194/2050 1431/2193/2049 1430/2195/2051
f 1468/2194/2050 1430/2195/2051 1467/2196/2052
f 1467/2196/2052 1430/2195/2051 1429/2197/2053
f 1467/2196/2052 1429/2197/2053 1466/2198/2054
f 1466/2198/2054 1429/2197/2053 1428/2199/2055
f 1466/2198/2054 1428/2199/2055 1465/2200/2056
f 1465/2200/2056 1428/2199/2055 1427/2201/2057
f 1465/2200/2056 1427/2201/2057 1464/2202/2058
f 1464/2202/2058 1427/2201/2057 1426/2203/2059
f 1475/2204/2060 1463/2205/2061 1474/2206/2062
f 1474/2206/2062 1463/2205/2061 1462/2207/2063
f 1474/2206/2062 1462/2207/2063 1473/2208/2064
f 1473/2208/2064 1462/2207/2063 1461/2209/2065
f 1473/2208/2064 1461/2209/2065 1472/2210/2066
f 1472/2210/2066 1461/2209/2065 1460/2211/2067
f 1472/2210/2066 1460/2211/2067 1471/2212/2068
f 1471/2212/2068 1460/2211/2067 1459/2213/2069
f 1471/2212/2068 1459/2213/2069 1470/2214/2070
f 1470/2214/2070 1459/2213/2069 1458/2215/2071
f 1470/2214/2070 1458/2215/2071 1446/2216/2011
f 1446/2216/2011 1458/2215/2071 1447/2217/2012
f 1415/2218/2072 1414/2219/2073 1457/2220/2074
f 1457/2220/2074 1414/2219/2073 1436/2221/2075
f 1416/2222/2076 1415/2223/2077 1456/2224/2078
f 1456/2224/2078 1415/2223/2077 1457/2225/2079
f 1417/2226/2080 1416/2227/2081 1455/2228/2082
f 1455/2228/2082 1416/2227/2081 1456/2229/2083
f 1469/2230/2084 1468/2231/2085 1437/2232/2086
f 1437/2232/2086 1468/2231/2085 1467/2233/2087
f 1437/2232/2086 1467/2233/2087 1438/2234/2088
f 1438/2234/2088 1467/2233/2087 1466/2235/2089
f 1438/2234/2088 1466/2235/2089 1408/2236/2090
f 1408/2236/2090 1466/2235/2089 1465/2237/2091
f 1408/2236/2090 1465/2237/2091 1464/2238/2092
f 1464/2238/2092 1409/2239/2093 1408/2236/2090
f 1408/2236/2090 1407/2240/2094 1438/2234/2088
f 1438/2234/2088 1407/2240/2094 1439/2241/2095
f 1439/2241/2095 1407/2240/2094 1406/2242/2096
f 1439/2241/2095 1406/2242/2096 1440/2243/2097
f 1440/2243/2097 1406/2242/2096 1405/2244/2098
f 1440/2243/2097 1405/2244/2098 1441/2245/2099
f 1441/2245/2099 1405/2244/2098 1404/2246/2100
f 1441/2245/2099 1404/2246/2100 1442/2247/2101
f 1442/2247/2101 1404/2246/2100 1443/2248/2102
f 1443/2248/2102 1404/2246/2100 1403/2249/2103
f 1443/2248/2102 1403/2249/2103 1444/2250/2104
f 1444/2250/2104 1403/2249/2103 1402/2251/2105
f 1444/2250/2104 1402/2251/2105 1445/2252/2106
f 1445/2252/2106 1402/2251/2105 1401/2253/2107
f 1445/2252/2106 1401/2253/2107 1473/2254/2108
f 1473/2254/2108 1401/2253/2107 1474/2255/2109
f 1474/2255/2109 1401/2253/2107 1475/2256/2110
f 1475/2256/2110 1401/2253/2107 1400/2257/2111
f 1473/2254/2108 1472/2258/2112 1445/2252/2106
f 1445/2252/2106 1472/2258/2112 1446/2259/2113
f 1446/2259/2113 1472/2258/2112 1471/2260/2114
f 1446/2259/2113 1471/2260/2114 1470/2261/2115
f 1475/2262/2060 1400/2263/2116 1463/2264/2061
f 1463/2264/2061 1400/2263/2116 1425/2265/2117
f 1464/2266/2058 1426/2267/2059 1409/2268/2118
f 1409/2268/2118 1426/2267/2059 1410/2269/2119
g Body1:3

v 16.500000 92.699133 72.000000
v 16.448920 92.311037 72.000001
v 16.299158 91.949455 72.000001
v 16.060907 91.638998 72.000001
v 15.750383 91.400798 72.000001
v 15.388723 91.251069 72.000001
v 15.000542 91.200000 72.000000
v 14.643399 91.485714 61.714286
v 14.286257 91.771429 51.428571
v 13.929114 92.057143 41.142857
v 13.571971 92.342857 30.857143
v 13.214828 92.628571 20.571429
v 12.857685 92.914286 10.285714
v 12.500542 93.200000 0.000000
v 12.888723 93.251069 0.000000
v 13.250383 93.400798 0.000000
v 13.560907 93.638998 0.000000
v 13.799158 93.949455 0.000000
v 13.948920 94.311037 0.000000
v 14.000000 94.699133 0.000000
v 14.357143 94.413418 10.285714
v 14.714286 94.127704 20.571429
v 15.071429 93.841990 30.857143
v 15.428571 93.556276 41.142857
v 15.785714 93.270561 51.428571
v 16.142857 92.984847 61.714286
v 16.171228 92.533191 64.002455
v 15.893355 92.755489 55.999724
v 15.615483 92.977787 47.996994
v 15.337610 93.200085 39.994263
v 15.059737 93.422383 31.991532
v 14.781865 93.644681 23.988802
v 14.503992 93.866979 15.986071
v 14.226120 94.089277 7.983340
v 16.021298 92.171743 63.997621
v 15.743425 92.394041 55.994890
v 15.465552 92.616339 47.992159
v 15.187680 92.838637 39.989429
v 14.909807 93.060935 31.986698
v 14.631935 93.283233 23.983967
v 14.354062 93.505531 15.981237
v 14.076189 93.727830 7.978506
v 15.783034 91.861296 63.997270
v 15.505161 92.083594 55.994540
v 15.227289 92.305892 47.991809
v 14.949416 92.528190 39.989078
v 14.671544 92.750489 31.986348
v 14.393671 92.972787 23.983617
v 14.115798 93.195085 15.980886
v 13.837926 93.417383 7.978155
v 15.472655 91.622981 64.001428
v 15.194782 91.845279 55.998697
v 14.916909 92.067577 47.995966
v 14.639037 92.289875 39.993235
v 14.361164 92.512173 31.990505
v 14.083292 92.734471 23.987774
v 13.805419 92.956770 15.985043
v 13.527546 93.179068 7.982313
v 15.111285 91.473018 64.009810
v 14.833413 91.695316 56.007079
v 14.555540 91.917615 48.004348
v 14.277668 92.139913 40.001617
v 13.999795 92.362211 31.998887
v 13.721922 92.584509 23.996156
v 13.444050 92.806807 15.993425
v 13.166177 93.029105 7.990695
v 14.000000 95.700000 0.000000
v 14.357143 95.700000 10.285714
v 14.714286 95.700000 20.571429
v 15.071429 95.700000 30.857143
v 15.428571 95.700000 41.142857
v 15.785714 95.700000 51.428571
v 16.142857 95.700000 61.714286
v 16.500000 95.700000 72.000000
v 11.500000 93.200000 0.000000
v 11.111771 93.251131 0.000000
v 10.750000 93.401039 0.000000
v 10.439340 93.639509 0.000000
v 10.200962 93.950289 0.000000
v 10.051111 94.312200 0.000000
v 10.000000 94.700579 0.000000
v 10.000000 95.700000 0.000000
v 10.051111 96.088229 0.000000
v 10.200962 96.450000 0.000000
v 10.439340 96.760660 0.000000
v 10.750000 96.999038 0.000000
v 11.111771 97.148889 0.000000
v 11.500000 97.200000 0.000000
v 12.499096 97.200000 0.000000
v 12.887559 97.148889 0.000000
v 13.249548 96.999038 0.000000
v 13.560395 96.760660 0.000000
v 13.798917 96.450000 0.000000
v 13.948858 96.088229 0.000000
v 12.856239 97.200000 10.285714
v 13.213382 97.200000 20.571429
v 13.570525 97.200000 30.857143
v 13.927667 97.200000 41.142858
v 14.284810 97.200000 51.428572
v 14.641953 97.200000 61.714287
v 14.999096 97.200000 72.000001
v 15.387559 97.148889 72.000001
v 15.749548 96.999038 72.000001
v 16.060395 96.760660 72.000001
v 16.298917 96.450000 72.000001
v 16.448858 96.088229 72.000001
v 14.225091 96.088229 7.955505
v 14.503069 96.088229 15.961289
v 14.781048 96.088229 23.967072
v 15.059027 96.088229 31.972856
v 15.337005 96.088229 39.978639
v 15.614984 96.088229 47.984423
v 15.892962 96.088229 55.990207
v 16.170941 96.088229 63.995990
v 14.075330 96.450000 7.960705
v 14.353309 96.450000 15.966489
v 14.631288 96.450000 23.972272
v 14.909266 96.450000 31.978056
v 15.187245 96.450000 39.983839
v 15.465223 96.450000 47.989623
v 15.743202 96.450000 55.995407
v 16.021181 96.450000 64.001190
v 13.837096 96.760660 7.968977
v 14.115075 96.760660 15.974761
v 14.393053 96.760660 23.980544
v 14.671032 96.760660 31.986328
v 14.949010 96.760660 39.992111
v 15.226989 96.760660 47.997895
v 15.504968 96.760660 56.003679
v 15.782946 96.760660 64.009462
v 13.526623 96.999038 7.979758
v 13.804602 96.999038 15.985541
v 14.082580 96.999038 23.991325
v 14.360559 96.999038 31.997108
v 14.638537 96.999038 40.002892
v 14.916516 96.999038 48.008675
v 15.194495 96.999038 56.014459
v 15.472473 96.999038 64.020242
v 13.165069 97.148889 7.992312
v 13.443048 97.148889 15.998095
v 13.721027 97.148889 24.003879
v 13.999005 97.148889 32.009662
v 14.276984 97.148889 40.015446
v 14.554962 97.148889 48.021229
v 14.832941 97.148889 56.027013
v 15.110920 97.148889 64.032796
v 11.500000 97.200000 10.285714
v 11.500000 97.200000 20.571429
v 11.500000 97.200000 30.857143
v 11.500000 97.200000 41.142858
v 11.500000 97.200000 51.428572
v 11.500000 97.200000 61.714287
v 11.500000 97.200000 72.000001
v 12.000000 97.200000 72.000001
v 12.000000 97.200000 75.000001
v 10.000000 97.200000 75.000001
v 10.000000 97.200000 78.000000
v 16.500000 97.200000 78.000000
v 16.500000 97.200000 75.000001
v 14.500000 97.200000 75.000001
v 14.500000 97.200000 72.000001
v 10.000000 95.700000 10.285714
v 10.000000 95.700000 20.571429
v 10.000000 95.700000 30.857143
v 10.000000 95.700000 41.142858
v 10.000000 95.700000 51.428572
v 10.000000 95.700000 61.714287
v 10.000000 95.700000 72.000001
v 10.051111 96.088229 72.000001
v 10.200962 96.450000 72.000001
v 10.439340 96.760660 72.000001
v 10.750000 96.999038 72.000001
v 11.111771 97.148889 72.000001
v 11.111771 97.148889 8.000000
v 11.111771 97.148889 16.000000
v 11.111771 97.148889 24.000000
v 11.111771 97.148889 32.000000
v 11.111771 97.148889 40.000001
v 11.111771 97.148889 48.000001
v 11.111771 97.148889 56.000001
v 11.111771 97.148889 64.000001
v 10.750000 96.999038 8.000000
v 10.750000 96.999038 16.000000
v 10.750000 96.999038 24.000000
v 10.750000 96.999038 32.000000
v 10.750000 96.999038 40.000001
v 10.750000 96.999038 48.000001
v 10.750000 96.999038 56.000001
v 10.750000 96.999038 64.000001
v 10.439340 96.760660 8.000000
v 10.439340 96.760660 16.000000
v 10.439340 96.760660 24.000000
v 10.439340 96.760660 32.000000
v 10.439340 96.760660 40.000001
v 10.439340 96.760660 48.000001
v 10.439340 96.760660 56.000001
v 10.439340 96.760660 64.000001
v 10.200962 96.450000 8.000000
v 10.200962 96.450000 16.000000
v 10.200962 96.450000 24.000000
v 10.200962 96.450000 32.000000
v 10.200962 96.450000 40.000001
v 10.200962 96.450000 48.000001
v 10.200962 96.450000 56.000001
v 10.200962 96.450000 64.000001
v 10.051111 96.088229 8.000000
v 10.051111 96.088229 16.000000
v 10.051111 96.088229 24.000000
v 10.051111 96.088229 32.000000
v 10.051111 96.088229 40.000001
v 10.051111 96.088229 48.000001
v 10.051111 96.088229 56.000001
v 10.051111 96.088229 64.000001
v 10.000000 94.414864 10.285714
v 10.000000 94.129150 20.571429
v 10.000000 93.843436 30.857143
v 10.000000 93.557721 41.142858
v 10.000000 93.272007 51.428572
v 10.000000 92.986293 61.714287
v 10.000000 92.700579 72.000001
v 11.500000 91.200000 72.000000
v 11.111771 91.251131 72.000001
v 10.750000 91.401039 72.000001
v 10.439340 91.639509 72.000001
v 10.200962 91.950289 72.000001
v 10.051111 92.312200 72.000001
v 11.500000 92.914286 10.285714
v 11.500000 92.628571 20.571429
v 11.500000 92.342857 30.857143
v 11.500000 92.057143 41.142857
v 11.500000 91.771429 51.428571
v 11.500000 91.485714 61.714286
v 11.111771 91.473442 63.996791
v 11.111771 91.695793 55.992164
v 11.111771 91.918144 47.987536
v 11.111771 92.140495 39.982908
v 11.111771 92.362845 31.978280
v 11.111771 92.585196 23.973652
v 11.111771 92.807547 15.969024
v 11.111771 93.029898 7.964396
v 10.750000 91.623235 64.000952
v 10.750000 91.845586 55.996324
v 10.750000 92.067937 47.991697
v 10.750000 92.290288 39.987069
v 10.750000 92.512638 31.982441
v 10.750000 92.734989 23.977813
v 10.750000 92.957340 15.973185
v 10.750000 93.179691 7.968557
v 10.439340 91.861521 64.007571
v 10.439340 92.083872 56.002943
v 10.439340 92.306223 47.998316
v 10.439340 92.528574 39.993688
v 10.439340 92.750924 31.989060
v 10.439340 92.973275 23.984432
v 10.439340 93.195626 15.979804
v 10.439340 93.417977 7.975176
v 10.200962 92.172062 64.016197
v 10.200962 92.394412 56.011570
v 10.200962 92.616763 48.006942
v 10.200962 92.839114 40.002314
v 10.200962 93.061465 31.997686
v 10.200962 93.283815 23.993058
v 10.200962 93.506166 15.988430
v 10.200962 93.728517 7.983803
v 10.051111 92.533694 64.026243
v 10.051111 92.756044 56.021615
v 10.051111 92.978395 48.016987
v 10.051111 93.200746 40.012359
v 10.051111 93.423097 32.007731
v 10.051111 93.645447 24.003104
v 10.051111 93.867798 15.998476
v 10.051111 94.090149 7.993848
v 14.500000 91.200000 72.000001
v 12.000000 91.200000 72.000001
v 16.500000 95.700000 79.500000
v 16.500000 96.088229 79.448889
v 16.500000 96.450000 79.299038
v 16.500000 96.760660 79.060660
v 16.500000 96.999038 78.750000
v 16.500000 97.148889 78.388229
v 10.000000 97.148889 78.388229
v 10.000000 96.999038 78.750000
v 10.000000 96.760660 79.060660
v 10.000000 96.450000 79.299038
v 10.000000 96.088229 79.448889
v 10.000000 95.700000 79.500000
v 16.500000 91.200000 79.500000
v 16.500000 91.200000 75.000001
v 12.000000 91.200000 75.000001
v 10.000000 91.200000 75.000001
v 14.500000 91.200000 75.000001
v 10.000000 91.200000 79.500000
vt -61.789167 1.177375 0.000000
vt -72.085045 1.177375 0.000000
vt -64.088595 0.784916 0.000000
vt -72.094044 0.784916 0.000000
vt -64.088595 0.392458 0.000000
vt -72.098883 0.392458 0.000000
vt -64.088595 -0.000000 0.000000
vt -72.099234 -0.000000 0.000000
vt -72.095072 -0.392458 0.000000
vt -64.088595 -0.392458 0.000000
vt -72.086682 -0.784916 0.000000
vt -64.088595 -0.784916 0.000000
vt -72.074633 -1.177375 0.000000
vt -61.778755 -1.177375 0.000000
vt -56.077957 -0.784916 0.000000
vt -51.482877 -1.177375 0.000000
vt -48.067318 -0.784916 0.000000
vt -41.186999 -1.177375 0.000000
vt -40.056680 -0.784916 0.000000
vt -32.046041 -0.784916 0.000000
vt -40.056680 -0.392458 0.000000
vt -32.046041 -0.392458 0.000000
vt -40.056680 -0.000000 0.000000
vt -32.046041 -0.000000 0.000000
vt -32.046041 0.392458 0.000000
vt -24.035403 0.392458 0.000000
vt -24.035403 0.784916 0.000000
vt -16.024764 0.784916 0.000000
vt -20.605655 1.177375 0.000000
vt -10.309777 1.177375 0.000000
vt -8.014126 0.784916 0.000000
vt -0.013899 1.177375 0.000000
vt -0.022897 0.784916 0.000000
vt -0.027736 0.392458 0.000000
vt -8.014126 0.392458 0.000000
vt -0.028087 -0.000000 0.000000
vt -8.014126 -0.000000 0.000000
vt -8.014126 -0.392458 0.000000
vt -16.024764 -0.000000 0.000000
vt -16.024764 -0.392458 0.000000
vt -24.035403 -0.000000 0.000000
vt -24.035403 -0.392458 0.000000
vt -30.891121 -1.177375 0.000000
vt -24.035403 -0.784916 0.000000
vt -20.595243 -1.177375 0.000000
vt -16.024764 -0.784916 0.000000
vt -10.299366 -1.177375 0.000000
vt -8.014126 -0.784916 0.000000
vt -0.003488 -1.177375 0.000000
vt -0.015536 -0.784916 0.000000
vt -0.023926 -0.392458 0.000000
vt -30.901533 1.177375 0.000000
vt -32.046041 0.784916 0.000000
vt -40.056680 0.392458 0.000000
vt -48.067318 -0.000000 0.000000
vt -48.067318 -0.392458 0.000000
vt -41.197411 1.177375 0.000000
vt -40.056680 0.784916 0.000000
vt -48.067318 0.392458 0.000000
vt -56.077957 -0.000000 0.000000
vt -56.077957 -0.392458 0.000000
vt -48.067318 0.784916 0.000000
vt -51.493289 1.177375 0.000000
vt -56.077957 0.784916 0.000000
vt -56.077957 0.392458 0.000000
vt -16.024764 0.392458 0.000000
vt 72.043390 4.500867 0.000000
vt 61.751477 4.215153 0.000000
vt 72.043390 1.500000 0.000000
vt 61.751477 1.500000 0.000000
vt 51.459564 3.929439 0.000000
vt 51.459564 1.500000 0.000000
vt 41.167651 3.643724 0.000000
vt 41.167651 1.500000 0.000000
vt 30.875738 3.358010 0.000000
vt 30.875738 1.500000 0.000000
vt 20.583826 3.072296 0.000000
vt 20.583826 1.500000 0.000000
vt 10.291913 2.786582 0.000000
vt 10.291913 1.500000 0.000000
vt -0.000000 2.500867 0.000000
vt -0.000000 1.500000 0.000000
vt 1.948920 0.888963 0.000000
vt 0.888723 1.948931 0.000000
vt 2.000000 0.500867 0.000000
vt 0.500542 2.000000 0.000000
vt -2.000000 0.499421 0.000000
vt -0.500000 2.000000 0.000000
vt -1.948889 0.887800 0.000000
vt -1.799038 1.249711 0.000000
vt -1.560660 1.560491 0.000000
vt -1.250000 1.798961 0.000000
vt -0.888229 1.948869 0.000000
vt 1.250383 1.799202 0.000000
vt 1.799158 1.250545 0.000000
vt 1.560907 1.561002 0.000000
vt 2.000000 -0.500000 0.000000
vt -2.000000 -0.500000 0.000000
vt 0.499096 -2.000000 0.000000
vt -0.500000 -2.000000 0.000000
vt -0.888229 -1.948889 0.000000
vt -1.250000 -1.799038 0.000000
vt -1.948889 -0.888229 0.000000
vt -1.799038 -1.250000 0.000000
vt -1.560660 -1.560660 0.000000
vt 0.887559 -1.948889 0.000000
vt 1.249548 -1.799038 0.000000
vt 1.560395 -1.560660 0.000000
vt 1.798917 -1.250000 0.000000
vt 1.948858 -0.888229 0.000000
vt -10.361315 -1.178097 0.000000
vt -0.069403 -1.178097 0.000000
vt -8.027927 -0.785398 0.000000
vt -0.067628 -0.785398 0.000000
vt -8.027927 -0.392699 0.000000
vt -0.062425 -0.392699 0.000000
vt -8.027927 0.000000 0.000000
vt -0.054148 0.000000 0.000000
vt -8.027927 0.392699 0.000000
vt -0.043361 0.392699 0.000000
vt -8.027927 0.785398 0.000000
vt -0.030799 0.785398 0.000000
vt -0.017319 1.178097 0.000000
vt -10.309232 1.178097 0.000000
vt -16.038536 0.785398 0.000000
vt -16.038536 0.392699 0.000000
vt -16.038536 -0.000000 0.000000
vt -16.038536 -0.392699 0.000000
vt -16.038536 -0.785398 0.000000
vt -20.653228 -1.178097 0.000000
vt -24.049144 -0.785398 0.000000
vt -30.945141 -1.178097 0.000000
vt -32.059752 -0.785398 0.000000
vt -40.070360 -0.785398 0.000000
vt -40.070360 -0.392699 0.000000
vt -48.080968 -0.392699 0.000000
vt -48.080968 -0.000000 0.000000
vt -56.091576 -0.000000 0.000000
vt -56.091576 0.392699 0.000000
vt -64.102184 0.392699 0.000000
vt -64.102184 0.785398 0.000000
vt -72.074190 0.785398 0.000000
vt -72.060710 1.178097 0.000000
vt -61.768797 1.178097 0.000000
vt -56.091576 0.785398 0.000000
vt -51.476884 1.178097 0.000000
vt -48.080968 0.785398 0.000000
vt -41.184971 1.178097 0.000000
vt -40.070360 0.785398 0.000000
vt -32.059752 0.785398 0.000000
vt -32.059752 0.392699 0.000000
vt -24.049144 0.392699 0.000000
vt -24.049144 -0.000000 0.000000
vt -20.601145 1.178097 0.000000
vt -24.049144 0.785398 0.000000
vt -30.893058 1.178097 0.000000
vt -72.086752 0.392699 0.000000
vt -64.102184 -0.000000 0.000000
vt -56.091576 -0.392699 0.000000
vt -48.080968 -0.785398 0.000000
vt -41.237054 -1.178097 0.000000
vt -72.097539 -0.000000 0.000000
vt -64.102184 -0.392699 0.000000
vt -56.091576 -0.785398 0.000000
vt -51.528967 -1.178097 0.000000
vt -72.105816 -0.392699 0.000000
vt -64.102184 -0.785398 0.000000
vt -61.820880 -1.178097 0.000000
vt -72.111019 -0.785398 0.000000
vt -72.112792 -1.178097 0.000000
vt -24.049144 -0.392699 0.000000
vt -32.059752 -0.392699 0.000000
vt -32.059752 -0.000000 0.000000
vt -40.070360 -0.000000 0.000000
vt -48.080968 0.392699 0.000000
vt -40.070360 0.392699 0.000000
vt 72.000001 4.999096 0.000000
vt 61.714287 4.641953 0.000000
vt 72.000001 4.500000 0.000000
vt 72.000001 2.000000 0.000000
vt 75.000001 2.000000 0.000000
vt 61.714287 1.500000 0.000000
vt 51.428572 4.284810 0.000000
vt 51.428572 1.500000 0.000000
vt 41.142858 3.927667 0.000000
vt 41.142858 1.500000 0.000000
vt 30.857143 3.570525 0.000000
vt 30.857143 1.500000 0.000000
vt 20.571429 3.213382 0.000000
vt 20.571429 1.500000 0.000000
vt 10.285714 2.856239 0.000000
vt 10.285714 1.500000 0.000000
vt -0.000000 2.499096 0.000000
vt -0.000000 1.500000 0.000000
vt 72.000001 1.500000 0.000000
vt 75.000001 0.000000 0.000000
vt 78.000000 0.000000 0.000000
vt 75.000001 4.500000 0.000000
vt 78.000000 6.500000 0.000000
vt 75.000001 6.500000 0.000000
vt -10.285714 -1.178097 0.000000
vt -0.000000 -1.178097 0.000000
vt -8.000000 -0.785398 0.000000
vt -0.000000 -0.785398 0.000000
vt -8.000000 -0.392699 0.000000
vt -0.000000 -0.392699 0.000000
vt -8.000000 -0.000000 0.000000
vt -0.000000 -0.000000 0.000000
vt -8.000000 0.392699 0.000000
vt -0.000000 0.392699 0.000000
vt -8.000000 0.785398 0.000000
vt -0.000000 0.785398 0.000000
vt -0.000000 1.178097 0.000000
vt -10.285714 1.178097 0.000000
vt -16.000000 0.785398 0.000000
vt -16.000000 0.392699 0.000000
vt -16.000000 -0.000000 0.000000
vt -16.000000 -0.392699 0.000000
vt -16.000000 -0.785398 0.000000
vt -20.571429 -1.178097 0.000000
vt -24.000000 -0.785398 0.000000
vt -30.857143 -1.178097 0.000000
vt -32.000000 -0.785398 0.000000
vt -40.000001 -0.785398 0.000000
vt -40.000001 -0.392699 0.000000
vt -48.000001 -0.392699 0.000000
vt -48.000001 -0.000000 0.000000
vt -56.000001 -0.000000 0.000000
vt -56.000001 0.392699 0.000000
vt -64.000001 0.392699 0.000000
vt -64.000001 0.785398 0.000000
vt -72.000001 0.785398 0.000000
vt -72.000001 1.178097 0.000000
vt -61.714287 1.178097 0.000000
vt -56.000001 0.785398 0.000000
vt -51.428572 1.178097 0.000000
vt -48.000001 0.785398 0.000000
vt -41.142858 1.178097 0.000000
vt -40.000001 0.785398 0.000000
vt -32.000000 0.785398 0.000000
vt -32.000000 0.392699 0.000000
vt -24.000000 0.392699 0.000000
vt -24.000000 -0.000000 0.000000
vt -20.571429 1.178097 0.000000
vt -24.000000 0.785398 0.000000
vt -30.857143 1.178097 0.000000
vt -72.000001 0.392699 0.000000
vt -64.000001 -0.000000 0.000000
vt -56.000001 -0.392699 0.000000
vt -48.000001 -0.785398 0.000000
vt -41.142858 -1.178097 0.000000
vt -72.000001 -0.000000 0.000000
vt -64.000001 -0.392699 0.000000
vt -56.000001 -0.785398 0.000000
vt -51.428572 -1.178097 0.000000
vt -72.000001 -0.392699 0.000000
vt -64.000001 -0.785398 0.000000
vt -61.714287 -1.178097 0.000000
vt -72.000001 -0.785398 0.000000
vt -72.000001 -1.178097 0.000000
vt -24.000000 -0.392699 0.000000
vt -32.000000 -0.392699 0.000000
vt -32.000000 -0.000000 0.000000
vt -40.000001 -0.000000 0.000000
vt -48.000001 0.392699 0.000000
vt -40.000001 0.392699 0.000000
vt -72.000001 0.499421 0.000000
vt -72.000001 -2.500000 0.000000
vt -61.714287 0.213707 0.000000
vt -61.714287 -2.500000 0.000000
vt -51.428572 -0.072007 0.000000
vt -51.428572 -2.500000 0.000000
vt -41.142858 -0.357721 0.000000
vt -41.142858 -2.500000 0.000000
vt -30.857143 -0.643436 0.000000
vt -30.857143 -2.500000 0.000000
vt -20.571429 -0.929150 0.000000
vt -20.571429 -2.500000 0.000000
vt -10.285714 -1.214864 0.000000
vt -10.285714 -2.500000 0.000000
vt -0.000000 -1.500579 0.000000
vt -0.000000 -2.500000 0.000000
vt -61.738091 1.178097 0.000000
vt -72.027772 1.178097 0.000000
vt -64.020057 0.785398 0.000000
vt -72.026354 0.785398 0.000000
vt -72.022191 0.392699 0.000000
vt -64.020057 0.392699 0.000000
vt -72.015570 0.000000 0.000000
vt -64.020057 0.000000 0.000000
vt -72.006940 -0.392699 0.000000
vt -64.020057 -0.392699 0.000000
vt -71.996891 -0.785398 0.000000
vt -64.020057 -0.785398 0.000000
vt -71.986107 -1.178097 0.000000
vt -61.696425 -1.178097 0.000000
vt -56.012342 -0.785398 0.000000
vt -51.406743 -1.178097 0.000000
vt -48.004626 -0.785398 0.000000
vt -41.117061 -1.178097 0.000000
vt -39.996911 -0.785398 0.000000
vt -31.989195 -0.785398 0.000000
vt -39.996911 -0.392699 0.000000
vt -31.989195 -0.392699 0.000000
vt -39.996911 0.000000 0.000000
vt -31.989195 0.000000 0.000000
vt -39.996911 0.392699 0.000000
vt -31.989195 0.392699 0.000000
vt -39.996911 0.785398 0.000000
vt -31.989195 0.785398 0.000000
vt -30.869045 1.178097 0.000000
vt -23.981480 0.785398 0.000000
vt -20.579364 1.178097 0.000000
vt -15.973764 0.785398 0.000000
vt -10.289682 1.178097 0.000000
vt -7.966049 0.785398 0.000000
vt 0.000000 1.178097 0.000000
vt 0.001420 0.785398 0.000000
vt -7.966049 0.392699 0.000000
vt 0.005582 0.392699 0.000000
vt -7.966049 0.000000 0.000000
vt 0.012204 0.000000 0.000000
vt -7.966049 -0.392699 0.000000
vt 0.020833 -0.392699 0.000000
vt -7.966049 -0.785398 0.000000
vt 0.030883 -0.785398 0.000000
vt 0.041667 -1.178097 0.000000
vt -10.248015 -1.178097 0.000000
vt -15.973764 -0.785398 0.000000
vt -20.537697 -1.178097 0.000000
vt -23.981480 -0.785398 0.000000
vt -30.827379 -1.178097 0.000000
vt -41.158727 1.178097 0.000000
vt -48.004626 0.785398 0.000000
vt -48.004626 0.392699 0.000000
vt -48.004626 0.000000 0.000000
vt -48.004626 -0.392699 0.000000
vt -51.448409 1.178097 0.000000
vt -56.012342 0.785398 0.000000
vt -56.012342 0.392699 0.000000
vt -56.012342 0.000000 0.000000
vt -56.012342 -0.392699 0.000000
vt -23.981480 0.392699 0.000000
vt -23.981480 0.000000 0.000000
vt -23.981480 -0.392699 0.000000
vt -15.973764 0.392699 0.000000
vt -15.973764 0.000000 0.000000
vt -15.973764 -0.392699 0.000000
vt 0.000000 -2.500000 0.000000
vt -0.000000 -1.499458 0.000000
vt -10.289682 -2.500000 0.000000
vt -10.289682 -1.142315 0.000000
vt -20.579364 -2.500000 0.000000
vt -20.579364 -0.785172 0.000000
vt -30.869045 -2.500000 0.000000
vt -30.869045 -0.428029 0.000000
vt -41.158727 -2.500000 0.000000
vt -41.158727 -0.070886 0.000000
vt -51.448409 -2.500000 0.000000
vt -51.448409 0.286257 0.000000
vt -61.738091 -2.500000 0.000000
vt -61.738091 0.643399 0.000000
vt -72.027774 -2.000000 0.000000
vt -72.027774 0.500000 0.000000
vt -72.027772 1.000542 0.000000
vt -72.027772 -2.500000 0.000000
vt 1.625000 1.178097 0.000000
vt -4.875000 1.178097 0.000000
vt 1.625000 0.785398 0.000000
vt -4.875000 0.785398 0.000000
vt 1.625000 0.392699 0.000000
vt -4.875000 0.392699 0.000000
vt 1.625000 -0.000000 0.000000
vt -4.875000 -0.000000 0.000000
vt 1.625000 -0.392699 0.000000
vt -4.875000 -0.392699 0.000000
vt 1.625000 -0.785398 0.000000
vt -4.875000 -0.785398 0.000000
vt 1.625000 -1.178097 0.000000
vt -4.875000 -1.178097 0.000000
vt -0.051111 6.388229 0.000000
vt -1.500000 7.500000 0.000000
vt -0.000000 6.000000 0.000000
vt -6.000000 3.000001 0.000000
vt 0.000000 3.000001 0.000000
vt -0.200962 6.750000 0.000000
vt -0.439340 7.060660 0.000000
vt -0.750000 7.299038 0.000000
vt -1.111771 7.448889 0.000000
vt -6.000000 7.500000 0.000000
vt 0.000000 0.000000 0.000000
vt 3.000000 0.000000 0.000000
vt 0.000000 6.000000 0.000000
vt 3.000000 6.000000 0.000000
vt 0.000000 0.000000 0.000000
vt 2.000000 0.000000 0.000000
vt 0.000000 6.000000 0.000000
vt 2.000000 6.000000 0.000000
vt 0.888229 0.051111 0.000000
vt 0.888229 5.948869 0.000000
vt 0.500000 0.000000 0.000000
vt 0.500000 6.000000 0.000000
vt 0.000000 0.000000 0.000000
vt 0.000000 6.000000 0.000000
vt 1.250000 5.798961 0.000000
vt 1.250000 0.200962 0.000000
vt 1.560660 5.560491 0.000000
vt 1.560660 0.439340 0.000000
vt 2.000000 4.499421 0.000000
vt 2.000000 1.500000 0.000000
vt 1.799038 0.750000 0.000000
vt 1.948889 1.111771 0.000000
vt 1.948889 4.887800 0.000000
vt 1.799038 5.249711 0.000000
vt 0.000000 0.000000 0.000000
vt 2.000000 0.000000 0.000000
vt 0.000000 6.000000 0.000000
vt 2.000000 6.000000 0.000000
vt 0.000000 0.000000 0.000000
vt 3.000000 0.000000 0.000000
vt 0.000000 6.000000 0.000000
vt 3.000000 6.000000 0.000000
vt 2.000000 6.000000 0.000000
vt 1.499458 6.000000 0.000000
vt 1.500904 0.000000 0.000000
vt 1.111277 5.948931 0.000000
vt 1.112441 0.051111 0.000000
vt 0.749617 5.799202 0.000000
vt 0.750452 0.200962 0.000000
vt 0.439093 5.561002 0.000000
vt 0.439605 0.439340 0.000000
vt 0.000000 4.500867 0.000000
vt 0.000000 1.500000 0.000000
vt 0.200842 5.250545 0.000000
vt 0.051080 4.888963 0.000000
vt 0.051142 1.111771 0.000000
vt 0.201083 0.750000 0.000000
vt 2.000000 0.000000 0.000000
vt -79.448889 -2.888229 0.000000
vt -79.299038 -3.250000 0.000000
vt -79.500000 -2.500000 0.000000
vt -79.060660 -3.560660 0.000000
vt -78.750000 -3.799038 0.000000
vt -78.388229 -3.948889 0.000000
vt -78.000000 -4.000000 0.000000
vt -75.000001 2.000000 0.000000
vt -75.000001 -4.000000 0.000000
vt -79.500000 2.000000 0.000000
vt -4.500000 0.000001 0.000000
vt -2.000000 0.000001 0.000000
vt -4.500000 3.000001 0.000000
vt -2.000000 3.000001 0.000000
vt -6.500000 7.500000 0.000000
vt -0.000000 7.500000 0.000000
vt -0.000000 3.000001 0.000000
vt -6.500000 3.000001 0.000000
vt -3.250000 -1.500000 0.000000
vt 3.250000 -1.500000 0.000000
vt -3.250000 3.000000 0.000000
vt 3.250000 3.000000 0.000000
vn 0.999398 0.000000 -0.034701
vn 0.999398 0.000000 -0.034701
vn 0.965137 -0.258564 -0.040694
vn 0.965137 -0.258564 -0.040694
vn 0.865183 -0.499529 -0.043917
vn 0.865183 -0.499529 -0.043917
vn 0.706341 -0.706494 -0.044151
vn 0.706341 -0.706494 -0.044151
vn 0.499421 -0.865371 -0.041379
vn 0.499421 -0.865371 -0.041379
vn 0.258508 -0.965346 -0.035791
vn 0.258508 -0.965346 -0.035791
vn -0.000000 -0.999614 -0.027767
vn -0.000000 -0.999614 -0.027767
vn 0.258508 -0.965346 -0.035791
vn -0.000000 -0.999614 -0.027767
vn 0.258508 -0.965346 -0.035791
vn -0.000000 -0.999614 -0.027767
vn 0.258508 -0.965346 -0.035791
vn 0.258508 -0.965346 -0.035791
vn 0.499421 -0.865371 -0.041379
vn 0.499421 -0.865371 -0.041379
vn 0.706341 -0.706494 -0.044151
vn 0.706341 -0.706494 -0.044151
vn 0.865183 -0.499529 -0.043917
vn 0.865183 -0.499529 -0.043917
vn 0.965137 -0.258564 -0.040694
vn 0.965137 -0.258564 -0.040694
vn 0.999398 0.000000 -0.034701
vn 0.999398 0.000000 -0.034701
vn 0.965137 -0.258564 -0.040694
vn 0.999398 -0.000000 -0.034701
vn 0.965137 -0.258564 -0.040694
vn 0.865183 -0.499529 -0.043917
vn 0.865183 -0.499529 -0.043917
vn 0.706341 -0.706494 -0.044151
vn 0.706341 -0.706494 -0.044151
vn 0.499421 -0.865371 -0.041379
vn 0.706341 -0.706494 -0.044151
vn 0.499421 -0.865371 -0.041379
vn 0.706341 -0.706494 -0.044151
vn 0.499421 -0.865371 -0.041379
vn -0.000000 -0.999614 -0.027767
vn 0.258508 -0.965346 -0.035791
vn -0.000000 -0.999614 -0.027767
vn 0.258508 -0.965346 -0.035791
vn 0.000000 -0.999614 -0.027767
vn 0.258508 -0.965346 -0.035791
vn 0.000000 -0.999614 -0.027767
vn 0.258508 -0.965346 -0.035791
vn 0.499421 -0.865371 -0.041379
vn 0.999398 0.000000 -0.034701
vn 0.965137 -0.258564 -0.040694
vn 0.865183 -0.499529 -0.043917
vn 0.706341 -0.706494 -0.044151
vn 0.499421 -0.865371 -0.041379
vn 0.999398 0.000000 -0.034701
vn 0.965137 -0.258564 -0.040694
vn 0.865183 -0.499529 -0.043917
vn 0.706341 -0.706494 -0.044151
vn 0.499421 -0.865371 -0.041379
vn 0.965137 -0.258564 -0.040694
vn 0.999398 0.000000 -0.034701
vn 0.965137 -0.258564 -0.040694
vn 0.865183 -0.499529 -0.043917
vn 0.865183 -0.499529 -0.043917
vn 0.999398 0.000000 -0.034701
vn 0.999398 0.000000 -0.034701
vn 0.999398 0.000000 -0.034701
vn 0.999398 0.000000 -0.034701
vn 0.999398 0.000000 -0.034701
vn 0.999398 0.000000 -0.034701
vn 0.999398 0.000000 -0.034701
vn 0.999398 0.000000 -0.034701
vn 0.000000 0.000000 -1.000000
vn 0.000000 0.000000 -1.000000
vn 0.000000 0.000000 -1.000000
vn 0.000000 0.000000 -1.000000
vn 0.000000 0.000000 -1.000000
vn 0.000000 0.000000 -1.000000
vn 0.000000 0.000000 -1.000000
vn 0.000000 0.000000 -1.000000
vn 0.000000 0.000000 -1.000000
vn 0.000000 0.000000 -1.000000
vn 0.000000 0.000000 -1.000000
vn 0.000000 0.000000 -1.000000
vn 0.000000 0.000000 -1.000000
vn 0.000000 0.000000 -1.000000
vn 0.000000 0.000000 -1.000000
vn 0.000000 0.000000 -1.000000
vn 0.000000 0.000000 -1.000000
vn 0.000000 0.000000 -1.000000
vn 0.000000 0.000000 -1.000000
vn 0.000000 0.000000 -1.000000
vn 0.000000 0.000000 -1.000000
vn 0.000000 0.000000 -1.000000
vn 0.000000 0.000000 -1.000000
vn 0.000000 0.000000 -1.000000
vn 0.000000 0.000000 -1.000000
vn 0.000000 0.000000 -1.000000
vn 0.000000 0.000000 -1.000000
vn 0.000000 0.000000 -1.000000
vn 0.965344 0.258819 -0.033519
vn 0.965344 0.258819 -0.033519
vn 0.865504 0.500000 -0.030052
vn 0.865504 0.500000 -0.030052
vn 0.706681 0.707107 -0.024538
vn 0.706681 0.707107 -0.024538
vn 0.499699 0.866025 -0.017351
vn 0.499699 0.866025 -0.017351
vn 0.258663 0.965926 -0.008981
vn 0.258663 0.965926 -0.008981
vn -0.000000 1.000000 0.000000
vn 0.000000 1.000000 0.000000
vn 0.258663 0.965926 -0.008981
vn 0.499699 0.866025 -0.017351
vn 0.706681 0.707107 -0.024538
vn 0.865504 0.500000 -0.030052
vn 0.965344 0.258819 -0.033519
vn 0.965344 0.258819 -0.033519
vn 0.965344 0.258819 -0.033519
vn 0.965344 0.258819 -0.033519
vn 0.865504 0.500000 -0.030052
vn 0.865504 0.500000 -0.030052
vn 0.706681 0.707107 -0.024538
vn 0.706681 0.707107 -0.024538
vn 0.499699 0.866025 -0.017351
vn 0.499699 0.866025 -0.017351
vn 0.258663 0.965926 -0.008981
vn 0.258663 0.965926 -0.008981
vn -0.000000 1.000000 0.000000
vn -0.000000 1.000000 0.000000
vn 0.258663 0.965926 -0.008981
vn 0.000000 1.000000 -0.000000
vn 0.258663 0.965926 -0.008981
vn -0.000000 1.000000 0.000000
vn 0.258663 0.965926 -0.008981
vn 0.258663 0.965926 -0.008981
vn 0.499699 0.866025 -0.017351
vn 0.499699 0.866025 -0.017351
vn 0.706681 0.707107 -0.024538
vn 0.000000 1.000000 -0.000000
vn 0.258663 0.965926 -0.008981
vn -0.000000 1.000000 0.000000
vn 0.499699 0.866025 -0.017351
vn 0.706681 0.707107 -0.024538
vn 0.865504 0.500000 -0.030052
vn 0.965344 0.258819 -0.033519
vn 0.706681 0.707107 -0.024538
vn 0.865504 0.500000 -0.030052
vn 0.965344 0.258819 -0.033519
vn 0.865504 0.500000 -0.030052
vn 0.965344 0.258819 -0.033519
vn 0.965344 0.258819 -0.033519
vn 0.865504 0.500000 -0.030052
vn 0.865504 0.500000 -0.030052
vn 0.706681 0.707107 -0.024538
vn 0.706681 0.707107 -0.024538
vn 0.499699 0.866025 -0.017351
vn 0.499699 0.866025 -0.017351
vn 0.000000 1.000000 0.000000
vn 0.000000 1.000000 0.000000
vn 0.000000 1.000000 0.000000
vn 0.000000 1.000000 0.000000
vn 0.000000 1.000000 0.000000
vn 0.000000 1.000000 0.000000
vn 0.000000 1.000000 0.000000
vn 0.000000 1.000000 0.000000
vn 0.000000 1.000000 0.000000
vn 0.000000 1.000000 0.000000
vn 0.000000 1.000000 0.000000
vn 0.000000 1.000000 0.000000
vn 0.000000 1.000000 0.000000
vn 0.000000 1.000000 0.000000
vn 0.000000 1.000000 0.000000
vn 0.000000 1.000000 0.000000
vn -0.258819 0.965926 0.000000
vn -0.258819 0.965926 0.000000
vn -0.500000 0.866025 0.000000
vn -0.500000 0.866025 0.000000
vn -0.707107 0.707107 0.000000
vn -0.707107 0.707107 0.000000
vn -0.866025 0.500000 0.000000
vn -0.866025 0.500000 0.000000
vn -0.965926 0.258819 0.000000
vn -0.965926 0.258819 0.000000
vn -1.000000 0.000000 0.000000
vn -1.000000 0.000000 0.000000
vn -0.965926 0.258819 0.000000
vn -0.866025 0.500000 0.000000
vn -0.707107 0.707107 0.000000
vn -0.500000 0.866025 0.000000
vn -0.258819 0.965926 0.000000
vn -0.258819 0.965926 0.000000
vn -0.258819 0.965926 0.000000
vn -0.258819 0.965926 0.000000
vn -0.500000 0.866025 0.000000
vn -0.500000 0.866025 0.000000
vn -0.707107 0.707107 0.000000
vn -0.707107 0.707107 0.000000
vn -0.866025 0.500000 0.000000
vn -0.866025 0.500000 0.000000
vn -0.965926 0.258819 0.000000
vn -0.965926 0.258819 0.000000
vn -1.000000 0.000000 0.000000
vn -1.000000 0.000000 0.000000
vn -0.965926 0.258819 0.000000
vn -1.000000 0.000000 0.000000
vn -0.965926 0.258819 0.000000
vn -1.000000 0.000000 0.000000
vn -0.965926 0.258819 0.000000
vn -0.965926 0.258819 0.000000
vn -0.866025 0.500000 0.000000
vn -0.866025 0.500000 0.000000
vn -0.707107 0.707107 0.000000
vn -1.000000 0.000000 0.000000
vn -0.965926 0.258819 0.000000
vn -1.000000 0.000000 0.000000
vn -0.866025 0.500000 0.000000
vn -0.707107 0.707107 0.000000
vn -0.500000 0.866025 0.000000
vn -0.258819 0.965926 0.000000
vn -0.707107 0.707107 0.000000
vn -0.500000 0.866025 0.000000
vn -0.258819 0.965926 0.000000
vn -0.500000 0.866025 0.000000
vn -0.258819 0.965926 0.000000
vn -0.258819 0.965926 0.000000
vn -0.500000 0.866025 0.000000
vn -0.500000 0.866025 0.000000
vn -0.707107 0.707107 0.000000
vn -0.707107 0.707107 0.000000
vn -0.866025 0.500000 0.000000
vn -0.866025 0.500000 0.000000
vn -1.000000 -0.000000 -0.000000
vn -1.000000 -0.000000 -0.000000
vn -1.000000 -0.000000 -0.000000
vn -1.000000 -0.000000 -0.000000
vn -1.000000 -0.000000 -0.000000
vn -1.000000 -0.000000 -0.000000
vn -1.000000 -0.000000 -0.000000
vn -1.000000 -0.000000 -0.000000
vn -0.000000 -0.999614 -0.027767
vn 0.000000 -0.999614 -0.027767
vn -0.258819 -0.965553 -0.026821
vn -0.258819 -0.965553 -0.026821
vn -0.500000 -0.865691 -0.024047
vn -0.500000 -0.865691 -0.024047
vn -0.707107 -0.706834 -0.019634
vn -0.707107 -0.706834 -0.019634
vn -0.866025 -0.499807 -0.013884
vn -0.866025 -0.499807 -0.013884
vn -0.965926 -0.258719 -0.007187
vn -0.965926 -0.258719 -0.007187
vn -0.965926 -0.258719 -0.007187
vn -0.965926 -0.258719 -0.007187
vn -0.965926 -0.258719 -0.007187
vn -0.965926 -0.258719 -0.007187
vn -0.866025 -0.499807 -0.013884
vn -0.866025 -0.499807 -0.013884
vn -0.707107 -0.706834 -0.019634
vn -0.707107 -0.706834 -0.019634
vn -0.500000 -0.865691 -0.024047
vn -0.500000 -0.865691 -0.024047
vn -0.258819 -0.965553 -0.026821
vn -0.258819 -0.965553 -0.026821
vn -0.000000 -0.999614 -0.027767
vn -0.258819 -0.965553 -0.026821
vn -0.000000 -0.999614 -0.027767
vn -0.258819 -0.965553 -0.026821
vn -0.000000 -0.999614 -0.027767
vn -0.258819 -0.965553 -0.026821
vn -0.000000 -0.999614 -0.027767
vn -0.258819 -0.965553 -0.026821
vn -0.500000 -0.865691 -0.024047
vn -0.500000 -0.865691 -0.024047
vn -0.707107 -0.706834 -0.019634
vn -0.707107 -0.706834 -0.019634
vn -0.866025 -0.499807 -0.013884
vn -0.866025 -0.499807 -0.013884
vn -0.965926 -0.258719 -0.007187
vn -0.965926 -0.258719 -0.007187
vn -0.965926 -0.258719 -0.007187
vn -0.965926 -0.258719 -0.007187
vn -0.000000 -0.999614 -0.027767
vn -0.258819 -0.965553 -0.026821
vn -0.500000 -0.865691 -0.024047
vn -0.707107 -0.706834 -0.019634
vn -0.866025 -0.499807 -0.013884
vn -0.000000 -0.999614 -0.027767
vn -0.258819 -0.965553 -0.026821
vn -0.500000 -0.865691 -0.024047
vn -0.707107 -0.706834 -0.019634
vn -0.866025 -0.499807 -0.013884
vn -0.500000 -0.865691 -0.024047
vn -0.707107 -0.706834 -0.019634
vn -0.866025 -0.499807 -0.013884
vn -0.500000 -0.865691 -0.024047
vn -0.707107 -0.706834 -0.019634
vn -0.866025 -0.499807 -0.013884
vn 0.000000 -0.999614 -0.027767
vn 0.000000 -0.999614 -0.027767
vn 0.000000 0.000000 1.000000
vn 0.000000 0.000000 1.000000
vn 0.000000 0.258819 0.965926
vn 0.000000 0.258819 0.965926
vn 0.000000 0.500000 0.866025
vn 0.000000 0.500000 0.866025
vn 0.000000 0.707107 0.707107
vn 0.000000 0.707107 0.707107
vn 0.000000 0.866025 0.500000
vn 0.000000 0.866025 0.500000
vn 0.000000 0.965926 0.258819
vn 0.000000 0.965926 0.258819
vn 1.000000 0.000000 0.000000
vn 1.000000 0.000000 0.000000
vn 1.000000 0.000000 0.000000
vn 1.000000 0.000000 0.000000
vn 1.000000 0.000000 0.000000
vn 1.000000 0.000000 0.000000
vn 1.000000 0.000000 0.000000
vn 1.000000 0.000000 0.000000
vn 1.000000 0.000000 0.000000
vn 1.000000 0.000000 0.000000
vn -1.000000 0.000000 0.000000
vn -1.000000 0.000000 0.000000
vn -1.000000 0.000000 0.000000
vn -1.000000 0.000000 0.000000
vn 0.000000 0.000000 -1.000000
vn 0.000000 0.000000 -1.000000
vn 0.000000 0.000000 -1.000000
vn 0.000000 0.000000 -1.000000
vn -0.000000 0.000000 1.000000
vn -0.000000 0.000000 1.000000
vn -0.000000 0.000000 1.000000
vn -0.000000 0.000000 1.000000
vn -0.000000 0.000000 1.000000
vn -0.000000 0.000000 1.000000
vn -0.000000 0.000000 1.000000
vn -0.000000 0.000000 1.000000
vn -0.000000 0.000000 1.000000
vn -0.000000 0.000000 1.000000
vn -0.000000 0.000000 1.000000
vn -0.000000 0.000000 1.000000
vn -0.000000 0.000000 1.000000
vn -0.000000 0.000000 1.000000
vn -0.000000 0.000000 1.000000
vn -0.000000 0.000000 1.000000
vn 0.000000 -0.000000 -1.000000
vn 0.000000 -0.000000 -1.000000
vn 0.000000 -0.000000 -1.000000
vn 0.000000 -0.000000 -1.000000
vn 1.000000 0.000000 0.000000
vn 1.000000 0.000000 0.000000
vn 1.000000 0.000000 0.000000
vn 1.000000 0.000000 0.000000
vn -0.000000 0.000000 1.000000
vn -0.000000 0.000000 1.000000
vn -0.000000 0.000000 1.000000
vn -0.000000 0.000000 1.000000
vn -0.000000 0.000000 1.000000
vn -0.000000 0.000000 1.000000
vn -0.000000 0.000000 1.000000
vn -0.000000 0.000000 1.000000
vn -0.000000 0.000000 1.000000
vn -0.000000 0.000000 1.000000
vn -0.000000 0.000000 1.000000
vn -0.000000 0.000000 1.000000
vn -0.000000 0.000000 1.000000
vn -0.000000 0.000000 1.000000
vn -0.000000 0.000000 1.000000
vn -0.000000 0.000000 1.000000
vn -1.000000 -0.000000 -0.000000
vn -1.000000 -0.000000 -0.000000
vn -1.000000 -0.000000 -0.000000
vn -1.000000 -0.000000 -0.000000
vn -1.000000 -0.000000 -0.000000
vn -1.000000 -0.000000 -0.000000
vn -1.000000 -0.000000 -0.000000
vn -1.000000 -0.000000 -0.000000
vn -1.000000 -0.000000 -0.000000
vn -1.000000 -0.000000 -0.000000
vn 0.000000 -1.000000 0.000000
vn 0.000000 -1.000000 0.000000
vn 0.000000 -1.000000 0.000000
vn 0.000000 -1.000000 0.000000
vn 0.000000 -1.000000 0.000000
vn 0.000000 -1.000000 0.000000
vn 0.000000 -1.000000 0.000000
vn 0.000000 -1.000000 0.000000
vn 0.000000 0.000000 1.000000
vn 0.000000 0.000000 1.000000
f 1501/2270/2120 1476/2271/2121 1502/2272/2122
f 1502/2272/2122 1476/2271/2121 1477/2273/2123
f 1502/2272/2122 1477/2273/2123 1510/2274/2124
f 1510/2274/2124 1477/2273/2123 1478/2275/2125
f 1510/2274/2124 1478/2275/2125 1518/2276/2126
f 1518/2276/2126 1478/2275/2125 1479/2277/2127
f 1518/2276/2126 1479/2277/2127 1480/2278/2128
f 1518/2276/2126 1480/2278/2128 1526/2279/2129
f 1526/2279/2129 1480/2278/2128 1481/2280/2130
f 1526/2279/2129 1481/2280/2130 1534/2281/2131
f 1534/2281/2131 1481/2280/2130 1482/2282/2132
f 1534/2281/2131 1482/2282/2132 1483/2283/2133
f 1534/2281/2131 1483/2283/2133 1535/2284/2134
f 1535/2284/2134 1483/2283/2133 1484/2285/2135
f 1535/2284/2134 1484/2285/2135 1536/2286/2136
f 1536/2286/2136 1484/2285/2135 1485/2287/2137
f 1536/2286/2136 1485/2287/2137 1537/2288/2138
f 1537/2288/2138 1485/2287/2137 1538/2289/2139
f 1537/2288/2138 1538/2289/2139 1529/2290/2140
f 1529/2290/2140 1538/2289/2139 1530/2291/2141
f 1529/2290/2140 1530/2291/2141 1521/2292/2142
f 1521/2292/2142 1530/2291/2141 1522/2293/2143
f 1521/2292/2142 1522/2293/2143 1514/2294/2144
f 1514/2294/2144 1522/2293/2143 1515/2295/2145
f 1514/2294/2144 1515/2295/2145 1507/2296/2146
f 1507/2296/2146 1515/2295/2145 1508/2297/2147
f 1507/2296/2146 1508/2297/2147 1497/2298/2148
f 1497/2298/2148 1508/2297/2147 1496/2299/2149
f 1496/2299/2149 1508/2297/2147 1509/2300/2150
f 1496/2299/2149 1509/2300/2150 1495/2301/2151
f 1495/2301/2151 1509/2300/2150 1494/2302/2152
f 1494/2302/2152 1509/2300/2150 1493/2303/2153
f 1493/2303/2153 1509/2300/2150 1517/2304/2154
f 1493/2303/2153 1517/2304/2154 1492/2305/2155
f 1492/2305/2155 1517/2304/2154 1525/2306/2156
f 1492/2305/2155 1525/2306/2156 1533/2307/2157
f 1533/2307/2157 1525/2306/2156 1524/2308/2158
f 1533/2307/2157 1524/2308/2158 1532/2309/2159
f 1532/2309/2159 1524/2308/2158 1523/2310/2160
f 1532/2309/2159 1523/2310/2160 1531/2311/2161
f 1531/2311/2161 1523/2310/2160 1522/2293/2143
f 1531/2311/2161 1522/2293/2143 1530/2291/2141
f 1485/2287/2137 1486/2312/2162 1538/2289/2139
f 1538/2289/2139 1486/2312/2162 1539/2313/2163
f 1538/2289/2139 1539/2313/2163 1530/2291/2141
f 1530/2291/2141 1539/2313/2163 1531/2311/2161
f 1486/2312/2162 1487/2314/2164 1539/2313/2163
f 1539/2313/2163 1487/2314/2164 1540/2315/2165
f 1539/2313/2163 1540/2315/2165 1531/2311/2161
f 1531/2311/2161 1540/2315/2165 1532/2309/2159
f 1487/2314/2164 1488/2316/2166 1540/2315/2165
f 1540/2315/2165 1488/2316/2166 1541/2317/2167
f 1540/2315/2165 1541/2317/2167 1532/2309/2159
f 1532/2309/2159 1541/2317/2167 1533/2307/2157
f 1488/2316/2166 1489/2318/2168 1541/2317/2167
f 1541/2317/2167 1489/2318/2168 1490/2319/2169
f 1541/2317/2167 1490/2319/2169 1491/2320/2170
f 1541/2317/2167 1491/2320/2170 1533/2307/2157
f 1533/2307/2157 1491/2320/2170 1492/2305/2155
f 1497/2298/2148 1498/2321/2171 1507/2296/2146
f 1507/2296/2146 1498/2321/2171 1506/2322/2172
f 1507/2296/2146 1506/2322/2172 1514/2294/2144
f 1514/2294/2144 1506/2322/2172 1513/2323/2173
f 1514/2294/2144 1513/2323/2173 1521/2292/2142
f 1521/2292/2142 1513/2323/2173 1520/2324/2174
f 1521/2292/2142 1520/2324/2174 1529/2290/2140
f 1529/2290/2140 1520/2324/2174 1528/2325/2175
f 1529/2290/2140 1528/2325/2175 1537/2288/2138
f 1537/2288/2138 1528/2325/2175 1536/2286/2136
f 1498/2321/2171 1499/2326/2176 1506/2322/2172
f 1506/2322/2172 1499/2326/2176 1505/2327/2177
f 1506/2322/2172 1505/2327/2177 1513/2323/2173
f 1513/2323/2173 1505/2327/2177 1512/2328/2178
f 1513/2323/2173 1512/2328/2178 1520/2324/2174
f 1520/2324/2174 1512/2328/2178 1519/2329/2179
f 1520/2324/2174 1519/2329/2179 1528/2325/2175
f 1528/2325/2175 1519/2329/2179 1527/2330/2180
f 1528/2325/2175 1527/2330/2180 1536/2286/2136
f 1536/2286/2136 1527/2330/2180 1535/2284/2134
f 1505/2327/2177 1499/2326/2176 1504/2331/2181
f 1504/2331/2181 1499/2326/2176 1500/2332/2182
f 1504/2331/2181 1500/2332/2182 1503/2333/2183
f 1503/2333/2183 1500/2332/2182 1501/2270/2120
f 1503/2333/2183 1501/2270/2120 1502/2272/2122
f 1503/2333/2183 1502/2272/2122 1510/2274/2124
f 1512/2328/2178 1505/2327/2177 1504/2331/2181
f 1504/2331/2181 1503/2333/2183 1511/2334/2184
f 1511/2334/2184 1503/2333/2183 1510/2274/2124
f 1511/2334/2184 1510/2274/2124 1518/2276/2126
f 1509/2300/2150 1508/2297/2147 1516/2335/2185
f 1516/2335/2185 1508/2297/2147 1515/2295/2145
f 1516/2335/2185 1515/2295/2145 1523/2310/2160
f 1523/2310/2160 1515/2295/2145 1522/2293/2143
f 1519/2329/2179 1512/2328/2178 1511/2334/2184
f 1511/2334/2184 1512/2328/2178 1504/2331/2181
f 1519/2329/2179 1511/2334/2184 1518/2276/2126
f 1509/2300/2150 1516/2335/2185 1517/2304/2154
f 1517/2304/2154 1516/2335/2185 1524/2308/2158
f 1517/2304/2154 1524/2308/2158 1525/2306/2156
f 1524/2308/2158 1516/2335/2185 1523/2310/2160
f 1527/2330/2180 1519/2329/2179 1518/2276/2126
f 1535/2284/2134 1527/2330/2180 1526/2279/2129
f 1526/2279/2129 1527/2330/2180 1518/2276/2126
f 1534/2281/2131 1535/2284/2134 1526/2279/2129
f 1476/2336/2121 1501/2337/2120 1549/2338/2186
f 1549/2338/2186 1501/2337/2120 1548/2339/2187
f 1548/2339/2187 1501/2337/2120 1500/2340/2182
f 1548/2339/2187 1500/2340/2182 1547/2341/2188
f 1547/2341/2188 1500/2340/2182 1499/2342/2176
f 1547/2341/2188 1499/2342/2176 1546/2343/2189
f 1546/2343/2189 1499/2342/2176 1498/2344/2171
f 1546/2343/2189 1498/2344/2171 1545/2345/2190
f 1545/2345/2190 1498/2344/2171 1497/2346/2148
f 1545/2345/2190 1497/2346/2148 1544/2347/2191
f 1544/2347/2191 1497/2346/2148 1496/2348/2149
f 1544/2347/2191 1496/2348/2149 1543/2349/2192
f 1543/2349/2192 1496/2348/2149 1495/2350/2151
f 1543/2349/2192 1495/2350/2151 1542/2351/2193
f 1494/2352/2194 1490/2353/2195 1495/2354/2196
f 1495/2354/2196 1490/2353/2195 1489/2355/2197
f 1495/2354/2196 1489/2355/2197 1556/2356/2198
f 1556/2356/2198 1489/2355/2197 1550/2357/2199
f 1556/2356/2198 1550/2357/2199 1555/2358/2200
f 1555/2358/2200 1550/2357/2199 1554/2359/2201
f 1554/2359/2201 1550/2357/2199 1553/2360/2202
f 1553/2360/2202 1550/2357/2199 1552/2361/2203
f 1552/2361/2203 1550/2357/2199 1551/2362/2204
f 1490/2353/2195 1494/2352/2194 1491/2363/2205
f 1491/2363/2205 1494/2352/2194 1493/2364/2206
f 1491/2363/2205 1493/2364/2206 1492/2365/2207
f 1495/2354/2196 1556/2356/2198 1542/2366/2208
f 1542/2366/2208 1556/2356/2198 1557/2367/2209
f 1542/2366/2208 1557/2367/2209 1564/2368/2210
f 1564/2368/2210 1557/2367/2209 1563/2369/2211
f 1563/2369/2211 1557/2367/2209 1562/2370/2212
f 1562/2370/2212 1557/2367/2209 1561/2371/2213
f 1561/2371/2213 1557/2367/2209 1558/2372/2214
f 1561/2371/2213 1558/2372/2214 1559/2373/2215
f 1559/2373/2215 1560/2374/2216 1561/2371/2213
f 1564/2368/2210 1565/2375/2217 1542/2366/2208
f 1542/2366/2208 1565/2375/2217 1566/2376/2218
f 1542/2366/2208 1566/2376/2218 1567/2377/2219
f 1567/2377/2219 1568/2378/2220 1542/2366/2208
f 1542/2366/2208 1568/2378/2220 1569/2379/2221
f 1543/2380/2192 1542/2381/2193 1582/2382/2222
f 1582/2382/2222 1542/2381/2193 1569/2383/2223
f 1582/2382/2222 1569/2383/2223 1590/2384/2224
f 1590/2384/2224 1569/2383/2223 1568/2385/2225
f 1590/2384/2224 1568/2385/2225 1598/2386/2226
f 1598/2386/2226 1568/2385/2225 1567/2387/2227
f 1598/2386/2226 1567/2387/2227 1606/2388/2228
f 1606/2388/2228 1567/2387/2227 1566/2389/2229
f 1606/2388/2228 1566/2389/2229 1614/2390/2230
f 1614/2390/2230 1566/2389/2229 1565/2391/2231
f 1614/2390/2230 1565/2391/2231 1564/2392/2232
f 1564/2392/2232 1570/2393/2233 1614/2390/2230
f 1614/2390/2230 1570/2393/2233 1615/2394/2234
f 1614/2390/2230 1615/2394/2234 1606/2388/2228
f 1606/2388/2228 1615/2394/2234 1607/2395/2235
f 1606/2388/2228 1607/2395/2235 1598/2386/2226
f 1598/2386/2226 1607/2395/2235 1599/2396/2236
f 1598/2386/2226 1599/2396/2236 1590/2384/2224
f 1590/2384/2224 1599/2396/2236 1591/2397/2237
f 1590/2384/2224 1591/2397/2237 1582/2382/2222
f 1582/2382/2222 1591/2397/2237 1583/2398/2238
f 1582/2382/2222 1583/2398/2238 1543/2380/2192
f 1543/2380/2192 1583/2398/2238 1544/2399/2191
f 1544/2399/2191 1583/2398/2238 1584/2400/2239
f 1544/2399/2191 1584/2400/2239 1545/2401/2190
f 1545/2401/2190 1584/2400/2239 1585/2402/2240
f 1545/2401/2190 1585/2402/2240 1586/2403/2241
f 1586/2403/2241 1585/2402/2240 1594/2404/2242
f 1586/2403/2241 1594/2404/2242 1595/2405/2243
f 1595/2405/2243 1594/2404/2242 1603/2406/2244
f 1595/2405/2243 1603/2406/2244 1604/2407/2245
f 1604/2407/2245 1603/2406/2244 1612/2408/2246
f 1604/2407/2245 1612/2408/2246 1613/2409/2247
f 1613/2409/2247 1612/2408/2246 1621/2410/2248
f 1613/2409/2247 1621/2410/2248 1577/2411/2249
f 1577/2411/2249 1621/2410/2248 1576/2412/2250
f 1576/2412/2250 1621/2410/2248 1575/2413/2251
f 1575/2413/2251 1621/2410/2248 1620/2414/2252
f 1575/2413/2251 1620/2414/2252 1574/2415/2253
f 1574/2415/2253 1620/2414/2252 1619/2416/2254
f 1574/2415/2253 1619/2416/2254 1573/2417/2255
f 1573/2417/2255 1619/2416/2254 1618/2418/2256
f 1573/2417/2255 1618/2418/2256 1617/2419/2257
f 1617/2419/2257 1618/2418/2256 1609/2420/2258
f 1617/2419/2257 1609/2420/2258 1608/2421/2259
f 1608/2421/2259 1609/2420/2258 1600/2422/2260
f 1608/2421/2259 1600/2422/2260 1599/2396/2236
f 1599/2396/2236 1600/2422/2260 1591/2397/2237
f 1570/2393/2233 1571/2423/2261 1615/2394/2234
f 1615/2394/2234 1571/2423/2261 1616/2424/2262
f 1615/2394/2234 1616/2424/2262 1607/2395/2235
f 1607/2395/2235 1616/2424/2262 1608/2421/2259
f 1607/2395/2235 1608/2421/2259 1599/2396/2236
f 1571/2423/2261 1572/2425/2263 1616/2424/2262
f 1616/2424/2262 1572/2425/2263 1617/2419/2257
f 1616/2424/2262 1617/2419/2257 1608/2421/2259
f 1572/2425/2263 1573/2417/2255 1617/2419/2257
f 1577/2411/2249 1578/2426/2264 1613/2409/2247
f 1613/2409/2247 1578/2426/2264 1605/2427/2265
f 1613/2409/2247 1605/2427/2265 1604/2407/2245
f 1604/2407/2245 1605/2427/2265 1596/2428/2266
f 1604/2407/2245 1596/2428/2266 1595/2405/2243
f 1595/2405/2243 1596/2428/2266 1587/2429/2267
f 1595/2405/2243 1587/2429/2267 1586/2403/2241
f 1586/2403/2241 1587/2429/2267 1546/2430/2189
f 1586/2403/2241 1546/2430/2189 1545/2401/2190
f 1578/2426/2264 1579/2431/2268 1605/2427/2265
f 1605/2427/2265 1579/2431/2268 1597/2432/2269
f 1605/2427/2265 1597/2432/2269 1596/2428/2266
f 1596/2428/2266 1597/2432/2269 1588/2433/2270
f 1596/2428/2266 1588/2433/2270 1587/2429/2267
f 1587/2429/2267 1588/2433/2270 1547/2434/2188
f 1587/2429/2267 1547/2434/2188 1546/2430/2189
f 1579/2431/2268 1580/2435/2271 1597/2432/2269
f 1597/2432/2269 1580/2435/2271 1589/2436/2272
f 1597/2432/2269 1589/2436/2272 1588/2433/2270
f 1588/2433/2270 1589/2436/2272 1548/2437/2187
f 1588/2433/2270 1548/2437/2187 1547/2434/2188
f 1580/2435/2271 1581/2438/2273 1589/2436/2272
f 1589/2436/2272 1581/2438/2273 1549/2439/2186
f 1589/2436/2272 1549/2439/2186 1548/2437/2187
f 1584/2400/2239 1583/2398/2238 1592/2440/2274
f 1592/2440/2274 1583/2398/2238 1591/2397/2237
f 1592/2440/2274 1591/2397/2237 1600/2422/2260
f 1585/2402/2240 1584/2400/2239 1593/2441/2275
f 1593/2441/2275 1584/2400/2239 1592/2440/2274
f 1593/2441/2275 1592/2440/2274 1601/2442/2276
f 1601/2442/2276 1592/2440/2274 1600/2422/2260
f 1601/2442/2276 1600/2422/2260 1609/2420/2258
f 1585/2402/2240 1593/2441/2275 1594/2404/2242
f 1594/2404/2242 1593/2441/2275 1602/2443/2277
f 1594/2404/2242 1602/2443/2277 1603/2406/2244
f 1603/2406/2244 1602/2443/2277 1611/2444/2278
f 1603/2406/2244 1611/2444/2278 1612/2408/2246
f 1612/2408/2246 1611/2444/2278 1620/2414/2252
f 1612/2408/2246 1620/2414/2252 1621/2410/2248
f 1602/2443/2277 1593/2441/2275 1601/2442/2276
f 1602/2443/2277 1601/2442/2276 1610/2445/2279
f 1610/2445/2279 1601/2442/2276 1609/2420/2258
f 1610/2445/2279 1609/2420/2258 1618/2418/2256
f 1602/2443/2277 1610/2445/2279 1611/2444/2278
f 1611/2444/2278 1610/2445/2279 1619/2416/2254
f 1611/2444/2278 1619/2416/2254 1620/2414/2252
f 1619/2416/2254 1610/2445/2279 1618/2418/2256
f 1576/2446/2250 1575/2447/2251 1636/2448/2280
f 1636/2448/2280 1575/2447/2251 1629/2449/2281
f 1636/2448/2280 1629/2449/2281 1630/2450/2282
f 1629/2449/2281 1575/2447/2251 1627/2451/2283
f 1627/2451/2283 1575/2447/2251 1574/2452/2253
f 1627/2451/2283 1574/2452/2253 1626/2453/2284
f 1626/2453/2284 1574/2452/2253 1573/2454/2255
f 1626/2453/2284 1573/2454/2255 1625/2455/2285
f 1625/2455/2285 1573/2454/2255 1572/2456/2263
f 1625/2455/2285 1572/2456/2263 1624/2457/2286
f 1624/2457/2286 1572/2456/2263 1571/2458/2261
f 1624/2457/2286 1571/2458/2261 1623/2459/2287
f 1623/2459/2287 1571/2458/2261 1570/2460/2233
f 1623/2459/2287 1570/2460/2233 1622/2461/2288
f 1622/2461/2288 1570/2460/2233 1564/2462/2232
f 1622/2461/2288 1564/2462/2232 1563/2463/2289
f 1627/2451/2283 1628/2464/2290 1629/2449/2281
f 1631/2465/2291 1632/2466/2292 1630/2450/2282
f 1630/2450/2282 1632/2466/2292 1635/2467/2293
f 1630/2450/2282 1635/2467/2293 1636/2448/2280
f 1632/2466/2292 1633/2468/2294 1635/2467/2293
f 1635/2467/2293 1633/2468/2294 1634/2469/2295
f 1622/2470/2288 1563/2471/2289 1649/2472/2296
f 1649/2472/2296 1563/2471/2289 1562/2473/2297
f 1649/2472/2296 1562/2473/2297 1657/2474/2298
f 1657/2474/2298 1562/2473/2297 1561/2475/2299
f 1657/2474/2298 1561/2475/2299 1665/2476/2300
f 1665/2476/2300 1561/2475/2299 1560/2477/2301
f 1665/2476/2300 1560/2477/2301 1673/2478/2302
f 1673/2478/2302 1560/2477/2301 1559/2479/2303
f 1673/2478/2302 1559/2479/2303 1681/2480/2304
f 1681/2480/2304 1559/2479/2303 1558/2481/2305
f 1681/2480/2304 1558/2481/2305 1557/2482/2306
f 1557/2482/2306 1637/2483/2307 1681/2480/2304
f 1681/2480/2304 1637/2483/2307 1682/2484/2308
f 1681/2480/2304 1682/2484/2308 1673/2478/2302
f 1673/2478/2302 1682/2484/2308 1674/2485/2309
f 1673/2478/2302 1674/2485/2309 1665/2476/2300
f 1665/2476/2300 1674/2485/2309 1666/2486/2310
f 1665/2476/2300 1666/2486/2310 1657/2474/2298
f 1657/2474/2298 1666/2486/2310 1658/2487/2311
f 1657/2474/2298 1658/2487/2311 1649/2472/2296
f 1649/2472/2296 1658/2487/2311 1650/2488/2312
f 1649/2472/2296 1650/2488/2312 1622/2470/2288
f 1622/2470/2288 1650/2488/2312 1623/2489/2287
f 1623/2489/2287 1650/2488/2312 1651/2490/2313
f 1623/2489/2287 1651/2490/2313 1624/2491/2286
f 1624/2491/2286 1651/2490/2313 1652/2492/2314
f 1624/2491/2286 1652/2492/2314 1653/2493/2315
f 1653/2493/2315 1652/2492/2314 1661/2494/2316
f 1653/2493/2315 1661/2494/2316 1662/2495/2317
f 1662/2495/2317 1661/2494/2316 1670/2496/2318
f 1662/2495/2317 1670/2496/2318 1671/2497/2319
f 1671/2497/2319 1670/2496/2318 1679/2498/2320
f 1671/2497/2319 1679/2498/2320 1680/2499/2321
f 1680/2499/2321 1679/2498/2320 1688/2500/2322
f 1680/2499/2321 1688/2500/2322 1644/2501/2323
f 1644/2501/2323 1688/2500/2322 1643/2502/2324
f 1643/2502/2324 1688/2500/2322 1642/2503/2325
f 1642/2503/2325 1688/2500/2322 1687/2504/2326
f 1642/2503/2325 1687/2504/2326 1641/2505/2327
f 1641/2505/2327 1687/2504/2326 1686/2506/2328
f 1641/2505/2327 1686/2506/2328 1640/2507/2329
f 1640/2507/2329 1686/2506/2328 1685/2508/2330
f 1640/2507/2329 1685/2508/2330 1684/2509/2331
f 1684/2509/2331 1685/2508/2330 1676/2510/2332
f 1684/2509/2331 1676/2510/2332 1675/2511/2333
f 1675/2511/2333 1676/2510/2332 1667/2512/2334
f 1675/2511/2333 1667/2512/2334 1666/2486/2310
f 1666/2486/2310 1667/2512/2334 1658/2487/2311
f 1637/2483/2307 1638/2513/2335 1682/2484/2308
f 1682/2484/2308 1638/2513/2335 1683/2514/2336
f 1682/2484/2308 1683/2514/2336 1674/2485/2309
f 1674/2485/2309 1683/2514/2336 1675/2511/2333
f 1674/2485/2309 1675/2511/2333 1666/2486/2310
f 1638/2513/2335 1639/2515/2337 1683/2514/2336
f 1683/2514/2336 1639/2515/2337 1684/2509/2331
f 1683/2514/2336 1684/2509/2331 1675/2511/2333
f 1639/2515/2337 1640/2507/2329 1684/2509/2331
f 1644/2501/2323 1645/2516/2338 1680/2499/2321
f 1680/2499/2321 1645/2516/2338 1672/2517/2339
f 1680/2499/2321 1672/2517/2339 1671/2497/2319
f 1671/2497/2319 1672/2517/2339 1663/2518/2340
f 1671/2497/2319 1663/2518/2340 1662/2495/2317
f 1662/2495/2317 1663/2518/2340 1654/2519/2341
f 1662/2495/2317 1654/2519/2341 1653/2493/2315
f 1653/2493/2315 1654/2519/2341 1625/2520/2285
f 1653/2493/2315 1625/2520/2285 1624/2491/2286
f 1645/2516/2338 1646/2521/2342 1672/2517/2339
f 1672/2517/2339 1646/2521/2342 1664/2522/2343
f 1672/2517/2339 1664/2522/2343 1663/2518/2340
f 1663/2518/2340 1664/2522/2343 1655/2523/2344
f 1663/2518/2340 1655/2523/2344 1654/2519/2341
f 1654/2519/2341 1655/2523/2344 1626/2524/2284
f 1654/2519/2341 1626/2524/2284 1625/2520/2285
f 1646/2521/2342 1647/2525/2345 1664/2522/2343
f 1664/2522/2343 1647/2525/2345 1656/2526/2346
f 1664/2522/2343 1656/2526/2346 1655/2523/2344
f 1655/2523/2344 1656/2526/2346 1627/2527/2283
f 1655/2523/2344 1627/2527/2283 1626/2524/2284
f 1647/2525/2345 1648/2528/2347 1656/2526/2346
f 1656/2526/2346 1648/2528/2347 1628/2529/2290
f 1656/2526/2346 1628/2529/2290 1627/2527/2283
f 1651/2490/2313 1650/2488/2312 1659/2530/2348
f 1659/2530/2348 1650/2488/2312 1658/2487/2311
f 1659/2530/2348 1658/2487/2311 1667/2512/2334
f 1652/2492/2314 1651/2490/2313 1660/2531/2349
f 1660/2531/2349 1651/2490/2313 1659/2530/2348
f 1660/2531/2349 1659/2530/2348 1668/2532/2350
f 1668/2532/2350 1659/2530/2348 1667/2512/2334
f 1668/2532/2350 1667/2512/2334 1676/2510/2332
f 1652/2492/2314 1660/2531/2349 1661/2494/2316
f 1661/2494/2316 1660/2531/2349 1669/2533/2351
f 1661/2494/2316 1669/2533/2351 1670/2496/2318
f 1670/2496/2318 1669/2533/2351 1678/2534/2352
f 1670/2496/2318 1678/2534/2352 1679/2498/2320
f 1679/2498/2320 1678/2534/2352 1687/2504/2326
f 1679/2498/2320 1687/2504/2326 1688/2500/2322
f 1669/2533/2351 1660/2531/2349 1668/2532/2350
f 1669/2533/2351 1668/2532/2350 1677/2535/2353
f 1677/2535/2353 1668/2532/2350 1676/2510/2332
f 1677/2535/2353 1676/2510/2332 1685/2508/2330
f 1669/2533/2351 1677/2535/2353 1678/2534/2352
f 1678/2534/2352 1677/2535/2353 1686/2506/2328
f 1678/2534/2352 1686/2506/2328 1687/2504/2326
f 1686/2506/2328 1677/2535/2353 1685/2508/2330
f 1695/2536/2354 1643/2537/2324 1694/2538/2355
f 1694/2538/2355 1643/2537/2324 1642/2539/2325
f 1694/2538/2355 1642/2539/2325 1693/2540/2356
f 1693/2540/2356 1642/2539/2325 1641/2541/2327
f 1693/2540/2356 1641/2541/2327 1692/2542/2357
f 1692/2542/2357 1641/2541/2327 1640/2543/2329
f 1692/2542/2357 1640/2543/2329 1691/2544/2358
f 1691/2544/2358 1640/2543/2329 1639/2545/2337
f 1691/2544/2358 1639/2545/2337 1690/2546/2359
f 1690/2546/2359 1639/2545/2337 1638/2547/2335
f 1690/2546/2359 1638/2547/2335 1689/2548/2360
f 1689/2548/2360 1638/2547/2335 1637/2549/2307
f 1689/2548/2360 1637/2549/2307 1556/2550/2361
f 1556/2550/2361 1637/2549/2307 1557/2551/2306
f 1707/2552/2362 1696/2553/2363 1708/2554/2364
f 1708/2554/2364 1696/2553/2363 1697/2555/2365
f 1708/2554/2364 1697/2555/2365 1698/2556/2366
f 1708/2554/2364 1698/2556/2366 1716/2557/2367
f 1716/2557/2367 1698/2556/2366 1699/2558/2368
f 1716/2557/2367 1699/2558/2368 1724/2559/2369
f 1724/2559/2369 1699/2558/2368 1700/2560/2370
f 1724/2559/2369 1700/2560/2370 1732/2561/2371
f 1732/2561/2371 1700/2560/2370 1701/2562/2372
f 1732/2561/2371 1701/2562/2372 1740/2563/2373
f 1740/2563/2373 1701/2562/2372 1695/2564/2354
f 1740/2563/2373 1695/2564/2354 1694/2565/2355
f 1740/2563/2373 1694/2565/2355 1741/2566/2374
f 1741/2566/2374 1694/2565/2355 1693/2567/2356
f 1741/2566/2374 1693/2567/2356 1742/2568/2375
f 1742/2568/2375 1693/2567/2356 1692/2569/2357
f 1742/2568/2375 1692/2569/2357 1743/2570/2376
f 1743/2570/2376 1692/2569/2357 1744/2571/2377
f 1743/2570/2376 1744/2571/2377 1735/2572/2378
f 1735/2572/2378 1744/2571/2377 1736/2573/2379
f 1735/2572/2378 1736/2573/2379 1727/2574/2380
f 1727/2574/2380 1736/2573/2379 1728/2575/2381
f 1727/2574/2380 1728/2575/2381 1719/2576/2382
f 1719/2576/2382 1728/2575/2381 1720/2577/2383
f 1719/2576/2382 1720/2577/2383 1711/2578/2384
f 1711/2578/2384 1720/2577/2383 1712/2579/2385
f 1711/2578/2384 1712/2579/2385 1704/2580/2386
f 1704/2580/2386 1712/2579/2385 1713/2581/2387
f 1704/2580/2386 1713/2581/2387 1703/2582/2388
f 1703/2582/2388 1713/2581/2387 1714/2583/2389
f 1703/2582/2388 1714/2583/2389 1702/2584/2390
f 1702/2584/2390 1714/2583/2389 1715/2585/2391
f 1702/2584/2390 1715/2585/2391 1550/2586/2392
f 1550/2586/2392 1715/2585/2391 1551/2587/2393
f 1551/2587/2393 1715/2585/2391 1723/2588/2394
f 1551/2587/2393 1723/2588/2394 1552/2589/2395
f 1552/2589/2395 1723/2588/2394 1731/2590/2396
f 1552/2589/2395 1731/2590/2396 1553/2591/2397
f 1553/2591/2397 1731/2590/2396 1739/2592/2398
f 1553/2591/2397 1739/2592/2398 1554/2593/2399
f 1554/2593/2399 1739/2592/2398 1747/2594/2400
f 1554/2593/2399 1747/2594/2400 1555/2595/2401
f 1555/2595/2401 1747/2594/2400 1556/2596/2361
f 1556/2596/2361 1747/2594/2400 1689/2597/2360
f 1689/2597/2360 1747/2594/2400 1746/2598/2402
f 1689/2597/2360 1746/2598/2402 1690/2599/2359
f 1690/2599/2359 1746/2598/2402 1745/2600/2403
f 1690/2599/2359 1745/2600/2403 1691/2601/2358
f 1691/2601/2358 1745/2600/2403 1744/2571/2377
f 1691/2601/2358 1744/2571/2377 1692/2569/2357
f 1704/2580/2386 1705/2602/2404 1711/2578/2384
f 1711/2578/2384 1705/2602/2404 1710/2603/2405
f 1711/2578/2384 1710/2603/2405 1719/2576/2382
f 1719/2576/2382 1710/2603/2405 1718/2604/2406
f 1719/2576/2382 1718/2604/2406 1727/2574/2380
f 1727/2574/2380 1718/2604/2406 1726/2605/2407
f 1727/2574/2380 1726/2605/2407 1735/2572/2378
f 1735/2572/2378 1726/2605/2407 1734/2606/2408
f 1735/2572/2378 1734/2606/2408 1743/2570/2376
f 1743/2570/2376 1734/2606/2408 1742/2568/2375
f 1705/2602/2404 1706/2607/2409 1710/2603/2405
f 1710/2603/2405 1706/2607/2409 1709/2608/2410
f 1710/2603/2405 1709/2608/2410 1718/2604/2406
f 1718/2604/2406 1709/2608/2410 1717/2609/2411
f 1718/2604/2406 1717/2609/2411 1726/2605/2407
f 1726/2605/2407 1717/2609/2411 1725/2610/2412
f 1726/2605/2407 1725/2610/2412 1734/2606/2408
f 1734/2606/2408 1725/2610/2412 1733/2611/2413
f 1734/2606/2408 1733/2611/2413 1742/2568/2375
f 1742/2568/2375 1733/2611/2413 1741/2566/2374
f 1706/2607/2409 1707/2552/2362 1709/2608/2410
f 1709/2608/2410 1707/2552/2362 1708/2554/2364
f 1709/2608/2410 1708/2554/2364 1717/2609/2411
f 1717/2609/2411 1708/2554/2364 1716/2557/2367
f 1717/2609/2411 1716/2557/2367 1725/2610/2412
f 1725/2610/2412 1716/2557/2367 1724/2559/2369
f 1725/2610/2412 1724/2559/2369 1733/2611/2413
f 1733/2611/2413 1724/2559/2369 1732/2561/2371
f 1733/2611/2413 1732/2561/2371 1741/2566/2374
f 1741/2566/2374 1732/2561/2371 1740/2563/2373
f 1713/2581/2387 1712/2579/2385 1721/2612/2414
f 1721/2612/2414 1712/2579/2385 1720/2577/2383
f 1721/2612/2414 1720/2577/2383 1729/2613/2415
f 1729/2613/2415 1720/2577/2383 1728/2575/2381
f 1729/2613/2415 1728/2575/2381 1737/2614/2416
f 1737/2614/2416 1728/2575/2381 1736/2573/2379
f 1737/2614/2416 1736/2573/2379 1745/2600/2403
f 1745/2600/2403 1736/2573/2379 1744/2571/2377
f 1723/2588/2394 1715/2585/2391 1714/2583/2389
f 1714/2583/2389 1713/2581/2387 1722/2615/2417
f 1722/2615/2417 1713/2581/2387 1721/2612/2414
f 1722/2615/2417 1721/2612/2414 1730/2616/2418
f 1730/2616/2418 1721/2612/2414 1729/2613/2415
f 1730/2616/2418 1729/2613/2415 1738/2617/2419
f 1738/2617/2419 1729/2613/2415 1737/2614/2416
f 1738/2617/2419 1737/2614/2416 1746/2598/2402
f 1746/2598/2402 1737/2614/2416 1745/2600/2403
f 1731/2590/2396 1723/2588/2394 1722/2615/2417
f 1722/2615/2417 1723/2588/2394 1714/2583/2389
f 1731/2590/2396 1722/2615/2417 1730/2616/2418
f 1739/2592/2398 1731/2590/2396 1730/2616/2418
f 1739/2592/2398 1730/2616/2418 1738/2617/2419
f 1747/2594/2400 1739/2592/2398 1738/2617/2419
f 1747/2594/2400 1738/2617/2419 1746/2598/2402
f 1550/2618/2392 1489/2619/2168 1702/2620/2390
f 1702/2620/2390 1489/2619/2168 1488/2621/2166
f 1702/2620/2390 1488/2621/2166 1703/2622/2388
f 1703/2622/2388 1488/2621/2166 1487/2623/2164
f 1703/2622/2388 1487/2623/2164 1704/2624/2386
f 1704/2624/2386 1487/2623/2164 1486/2625/2162
f 1704/2624/2386 1486/2625/2162 1705/2626/2404
f 1705/2626/2404 1486/2625/2162 1485/2627/2137
f 1705/2626/2404 1485/2627/2137 1706/2628/2409
f 1706/2628/2409 1485/2627/2137 1484/2629/2135
f 1706/2628/2409 1484/2629/2135 1707/2630/2362
f 1707/2630/2362 1484/2629/2135 1483/2631/2133
f 1707/2630/2362 1483/2631/2133 1749/2632/2420
f 1749/2632/2420 1483/2631/2133 1748/2633/2421
f 1748/2633/2421 1483/2631/2133 1482/2634/2132
f 1749/2632/2420 1696/2635/2363 1707/2630/2362
f 1761/2636/2422 1750/2637/2423 1760/2638/2424
f 1760/2638/2424 1750/2637/2423 1751/2639/2425
f 1760/2638/2424 1751/2639/2425 1759/2640/2426
f 1759/2640/2426 1751/2639/2425 1752/2641/2427
f 1759/2640/2426 1752/2641/2427 1758/2642/2428
f 1758/2642/2428 1752/2641/2427 1753/2643/2429
f 1758/2642/2428 1753/2643/2429 1757/2644/2430
f 1757/2644/2430 1753/2643/2429 1754/2645/2431
f 1757/2644/2430 1754/2645/2431 1756/2646/2432
f 1756/2646/2432 1754/2645/2431 1755/2647/2433
f 1756/2646/2432 1755/2647/2433 1632/2648/2292
f 1632/2648/2292 1755/2647/2433 1633/2649/2294
f 1755/2650/2434 1750/2651/2435 1633/2652/2436
f 1633/2652/2436 1750/2651/2435 1763/2653/2437
f 1633/2652/2436 1763/2653/2437 1634/2654/2438
f 1755/2650/2434 1754/2655/2439 1750/2651/2435
f 1750/2651/2435 1754/2655/2439 1753/2656/2440
f 1750/2651/2435 1753/2656/2440 1752/2657/2441
f 1752/2657/2441 1751/2658/2442 1750/2651/2435
f 1750/2651/2435 1762/2659/2443 1763/2653/2437
f 1630/2660/2444 1629/2661/2445 1764/2662/2446
f 1764/2662/2446 1629/2661/2445 1749/2663/2447
f 1631/2664/2448 1630/2665/2449 1765/2666/2450
f 1765/2666/2450 1630/2665/2449 1764/2667/2451
f 1648/2668/2452 1697/2669/2453 1628/2670/2454
f 1628/2670/2454 1697/2669/2453 1696/2671/2455
f 1628/2670/2454 1696/2671/2455 1629/2672/2456
f 1629/2672/2456 1696/2671/2455 1749/2673/2457
f 1697/2669/2453 1648/2668/2452 1698/2674/2458
f 1698/2674/2458 1648/2668/2452 1647/2675/2459
f 1698/2674/2458 1647/2675/2459 1699/2676/2460
f 1699/2676/2460 1647/2675/2459 1646/2677/2461
f 1699/2676/2460 1646/2677/2461 1695/2678/2462
f 1695/2678/2462 1646/2677/2461 1643/2679/2463
f 1643/2679/2463 1646/2677/2461 1645/2680/2464
f 1643/2679/2463 1645/2680/2464 1644/2681/2465
f 1701/2682/2466 1700/2683/2467 1695/2678/2462
f 1695/2678/2462 1700/2683/2467 1699/2676/2460
f 1635/2684/2468 1634/2685/2469 1766/2686/2470
f 1766/2686/2470 1634/2685/2469 1763/2687/2471
f 1636/2688/2472 1635/2689/2473 1748/2690/2474
f 1748/2690/2474 1635/2689/2473 1766/2691/2475
f 1748/2692/2476 1482/2693/2477 1576/2694/2478
f 1576/2694/2478 1482/2693/2477 1481/2695/2479
f 1576/2694/2478 1481/2695/2479 1577/2696/2480
f 1577/2696/2480 1481/2695/2479 1480/2697/2481
f 1577/2696/2480 1480/2697/2481 1578/2698/2482
f 1578/2698/2482 1480/2697/2481 1479/2699/2483
f 1578/2698/2482 1479/2699/2483 1579/2700/2484
f 1579/2700/2484 1479/2699/2483 1476/2701/2485
f 1579/2700/2484 1476/2701/2485 1549/2702/2486
f 1479/2699/2483 1478/2703/2487 1476/2701/2485
f 1476/2701/2485 1478/2703/2487 1477/2704/2488
f 1581/2705/2489 1580/2706/2490 1549/2702/2486
f 1549/2702/2486 1580/2706/2490 1579/2700/2484
f 1576/2694/2478 1636/2707/2491 1748/2692/2476
f 1760/2708/2492 1759/2709/2493 1761/2710/2494
f 1761/2710/2494 1759/2709/2493 1758/2711/2495
f 1761/2710/2494 1758/2711/2495 1757/2712/2496
f 1757/2712/2496 1756/2713/2497 1761/2710/2494
f 1761/2710/2494 1756/2713/2497 1632/2714/2498
f 1761/2710/2494 1632/2714/2498 1765/2715/2499
f 1765/2715/2499 1632/2714/2498 1631/2716/2500
f 1765/2715/2499 1767/2717/2501 1761/2710/2494
f 1749/2718/2502 1748/2719/2503 1764/2720/2504
f 1764/2720/2504 1748/2719/2503 1766/2721/2505
f 1764/2720/2504 1766/2721/2505 1767/2722/2506
f 1767/2722/2506 1766/2721/2505 1762/2723/2507
f 1762/2723/2507 1766/2721/2505 1763/2724/2508
f 1767/2722/2506 1765/2725/2509 1764/2720/2504
f 1750/2726/2423 1761/2727/2422 1762/2728/2510
f 1762/2728/2510 1761/2727/2422 1767/2729/2511
g Body1:4

v 218.500000 4.500867 72.000000
v 218.551080 4.888963 72.000001
v 218.700842 5.250545 72.000001
v 218.939093 5.561002 72.000001
v 219.249617 5.799202 72.000001
v 219.611277 5.948931 72.000001
v 219.999458 6.000000 72.000000
v 220.356601 5.714286 61.714286
v 220.713743 5.428571 51.428571
v 221.070886 5.142857 41.142857
v 221.428029 4.857143 30.857143
v 221.785172 4.571429 20.571429
v 222.142315 4.285714 10.285714
v 222.499458 4.000000 0.000000
v 222.111277 3.948931 0.000000
v 221.749617 3.799202 0.000000
v 221.439093 3.561002 0.000000
v 221.200842 3.250545 0.000000
v 221.051080 2.888963 0.000000
v 221.000000 2.500867 0.000000
v 220.642857 2.786582 10.285714
v 220.285714 3.072296 20.571429
v 219.928571 3.358010 30.857143
v 219.571429 3.643724 41.142857
v 219.214286 3.929439 51.428571
v 218.857143 4.215153 61.714286
v 218.828772 4.666809 64.002455
v 219.106645 4.444511 55.999724
v 219.384517 4.222213 47.996994
v 219.662390 3.999915 39.994263
v 219.940263 3.777617 31.991532
v 220.218135 3.555319 23.988802
v 220.496008 3.333021 15.986071
v 220.773880 3.110723 7.983340
v 218.978702 5.028257 63.997621
v 219.256575 4.805959 55.994890
v 219.534448 4.583661 47.992159
v 219.812320 4.361363 39.989429
v 220.090193 4.139065 31.986698
v 220.368065 3.916767 23.983967
v 220.645938 3.694469 15.981237
v 220.923811 3.472170 7.978506
v 219.216966 5.338704 63.997270
v 219.494839 5.116406 55.994540
v 219.772711 4.894108 47.991809
v 220.050584 4.671810 39.989078
v 220.328456 4.449511 31.986348
v 220.606329 4.227213 23.983617
v 220.884202 4.004915 15.980886
v 221.162074 3.782617 7.978155
v 219.527345 5.577019 64.001428
v 219.805218 5.354721 55.998697
v 220.083091 5.132423 47.995966
v 220.360963 4.910125 39.993235
v 220.638836 4.687827 31.990505
v 220.916708 4.465529 23.987774
v 221.194581 4.243230 15.985043
v 221.472454 4.020932 7.982313
v 219.888715 5.726982 64.009810
v 220.166587 5.504684 56.007079
v 220.444460 5.282385 48.004348
v 220.722332 5.060087 40.001617
v 221.000205 4.837789 31.998887
v 221.278078 4.615491 23.996156
v 221.555950 4.393193 15.993425
v 221.833823 4.170895 7.990695
v 220.500000 6.000000 72.000001
v 223.000000 6.000000 72.000001
v 223.500000 6.000000 72.000000
v 223.500000 5.714286 61.714286
v 223.500000 5.428571 51.428571
v 223.500000 5.142857 41.142857
v 223.500000 4.857143 30.857143
v 223.500000 4.571429 20.571429
v 223.500000 4.285714 10.285714
v 223.500000 4.000000 0.000000
v 218.500000 1.500000 72.000000
v 218.551142 1.111771 72.000001
v 218.701083 0.750000 72.000001
v 218.939605 0.439340 72.000001
v 219.250452 0.200962 72.000001
v 219.612441 0.051111 72.000001
v 220.000904 0.000000 72.000001
v 220.500000 -0.000000 72.000001
v 223.888229 5.948869 72.000001
v 224.250000 5.798961 72.000001
v 224.560660 5.560491 72.000001
v 224.799038 5.249711 72.000001
v 224.948889 4.887800 72.000001
v 225.000000 4.499421 72.000001
v 225.000000 4.213707 61.714287
v 225.000000 3.927993 51.428572
v 225.000000 3.642279 41.142858
v 225.000000 3.356564 30.857143
v 225.000000 3.070850 20.571429
v 225.000000 2.785136 10.285714
v 225.000000 2.499421 0.000000
v 224.948889 2.887800 0.000000
v 224.799038 3.249711 0.000000
v 224.560660 3.560491 0.000000
v 224.250000 3.798961 0.000000
v 223.888229 3.948869 0.000000
v 223.888229 5.726558 63.996791
v 223.888229 5.504207 55.992164
v 223.888229 5.281856 47.987536
v 223.888229 5.059505 39.982908
v 223.888229 4.837155 31.978280
v 223.888229 4.614804 23.973652
v 223.888229 4.392453 15.969024
v 223.888229 4.170102 7.964396
v 224.250000 5.576765 64.000952
v 224.250000 5.354414 55.996324
v 224.250000 5.132063 47.991697
v 224.250000 4.909712 39.987069
v 224.250000 4.687362 31.982441
v 224.250000 4.465011 23.977813
v 224.250000 4.242660 15.973185
v 224.250000 4.020309 7.968557
v 224.560660 5.338479 64.007571
v 224.560660 5.116128 56.002943
v 224.560660 4.893777 47.998316
v 224.560660 4.671426 39.993688
v 224.560660 4.449076 31.989060
v 224.560660 4.226725 23.984432
v 224.560660 4.004374 15.979804
v 224.560660 3.782023 7.975176
v 224.799038 5.027938 64.016197
v 224.799038 4.805588 56.011570
v 224.799038 4.583237 48.006942
v 224.799038 4.360886 40.002314
v 224.799038 4.138535 31.997686
v 224.799038 3.916185 23.993058
v 224.799038 3.693834 15.988430
v 224.799038 3.471483 7.983803
v 224.948889 4.666306 64.026243
v 224.948889 4.443956 56.021615
v 224.948889 4.221605 48.016987
v 224.948889 3.999254 40.012359
v 224.948889 3.776903 32.007731
v 224.948889 3.554553 24.003104
v 224.948889 3.332202 15.998476
v 224.948889 3.109851 7.993848
v 225.000000 1.500000 72.000001
v 225.000000 1.500000 61.714287
v 225.000000 1.500000 51.428572
v 225.000000 1.500000 41.142858
v 225.000000 1.500000 30.857143
v 225.000000 1.500000 20.571429
v 225.000000 1.500000 10.285714
v 225.000000 1.500000 0.000000
v 223.000000 -0.000000 72.000001
v 223.500000 -0.000000 72.000001
v 223.888229 0.051111 72.000001
v 224.250000 0.200962 72.000001
v 224.560660 0.439340 72.000001
v 224.799038 0.750000 72.000001
v 224.948889 1.111771 72.000001
v 221.000000 1.500000 0.000000
v 221.051142 1.111771 0.000000
v 221.201083 0.750000 0.000000
v 221.439605 0.439340 0.000000
v 221.750452 0.200962 0.000000
v 222.112441 0.051111 0.000000
v 222.500904 0.000000 0.000000
v 222.143761 -0.000000 10.285714
v 221.786618 -0.000000 20.571429
v 221.429475 -0.000000 30.857143
v 221.072333 -0.000000 41.142858
v 220.715190 -0.000000 51.428572
v 220.358047 -0.000000 61.714287
v 218.857143 1.500000 61.714286
v 219.214286 1.500000 51.428571
v 219.571429 1.500000 41.142857
v 219.928571 1.500000 30.857143
v 220.285714 1.500000 20.571429
v 220.642857 1.500000 10.285714
v 220.774909 1.111771 7.955505
v 220.496931 1.111771 15.961289
v 220.218952 1.111771 23.967072
v 219.940973 1.111771 31.972856
v 219.662995 1.111771 39.978639
v 219.385016 1.111771 47.984423
v 219.107038 1.111771 55.990207
v 218.829059 1.111771 63.995990
v 220.924670 0.750000 7.960705
v 220.646691 0.750000 15.966489
v 220.368712 0.750000 23.972272
v 220.090734 0.750000 31.978056
v 219.812755 0.750000 39.983839
v 219.534777 0.750000 47.989623
v 219.256798 0.750000 55.995407
v 218.978819 0.750000 64.001190
v 221.162904 0.439340 7.968977
v 220.884925 0.439340 15.974761
v 220.606947 0.439340 23.980544
v 220.328968 0.439340 31.986328
v 220.050990 0.439340 39.992111
v 219.773011 0.439340 47.997895
v 219.495032 0.439340 56.003679
v 219.217054 0.439340 64.009462
v 221.473377 0.200962 7.979758
v 221.195398 0.200962 15.985541
v 220.917420 0.200962 23.991325
v 220.639441 0.200962 31.997108
v 220.361463 0.200962 40.002892
v 220.083484 0.200962 48.008675
v 219.805505 0.200962 56.014459
v 219.527527 0.200962 64.020242
v 221.834931 0.051111 7.992312
v 221.556952 0.051111 15.998095
v 221.278973 0.051111 24.003879
v 221.000995 0.051111 32.009662
v 220.723016 0.051111 40.015446
v 220.445038 0.051111 48.021229
v 220.167059 0.051111 56.027013
v 219.889080 0.051111 64.032796
v 223.500000 0.000000 0.000000
v 223.500000 -0.000000 10.285714
v 223.500000 -0.000000 20.571429
v 223.500000 -0.000000 30.857143
v 223.500000 -0.000000 41.142858
v 223.500000 -0.000000 51.428572
v 223.500000 -0.000000 61.714287
v 223.000000 -0.000000 75.000001
v 225.000000 -0.000000 75.000001
v 225.000000 -0.000000 78.000000
v 218.500000 0.000000 78.000000
v 218.500000 -0.000000 75.000001
v 220.500000 -0.000000 75.000001
v 224.948889 1.111771 0.000000
v 224.799038 0.750000 0.000000
v 224.560660 0.439340 0.000000
v 224.250000 0.200962 0.000000
v 223.888229 0.051111 0.000000
v 223.888229 0.051111 8.000000
v 223.888229 0.051111 16.000000
v 223.888229 0.051111 24.000000
v 223.888229 0.051111 32.000000
v 223.888229 0.051111 40.000001
v 223.888229 0.051111 48.000001
v 223.888229 0.051111 56.000001
v 223.888229 0.051111 64.000001
v 224.250000 0.200962 8.000000
v 224.250000 0.200962 16.000000
v 224.250000 0.200962 24.000000
v 224.250000 0.200962 32.000000
v 224.250000 0.200962 40.000001
v 224.250000 0.200962 48.000001
v 224.250000 0.200962 56.000001
v 224.250000 0.200962 64.000001
v 224.560660 0.439340 8.000000
v 224.560660 0.439340 16.000000
v 224.560660 0.439340 24.000000
v 224.560660 0.439340 32.000000
v 224.560660 0.439340 40.000001
v 224.560660 0.439340 48.000001
v 224.560660 0.439340 56.000001
v 224.560660 0.439340 64.000001
v 224.799038 0.750000 8.000000
v 224.799038 0.750000 16.000000
v 224.799038 0.750000 24.000000
v 224.799038 0.750000 32.000000
v 224.799038 0.750000 40.000001
v 224.799038 0.750000 48.000001
v 224.799038 0.750000 56.000001
v 224.799038 0.750000 64.000001
v 224.948889 1.111771 8.000000
v 224.948889 1.111771 16.000000
v 224.948889 1.111771 24.000000
v 224.948889 1.111771 32.000000
v 224.948889 1.111771 40.000001
v 224.948889 1.111771 48.000001
v 224.948889 1.111771 56.000001
v 224.948889 1.111771 64.000001
v 218.500000 1.500000 79.500000
v 218.500000 1.111771 79.448889
v 218.500000 0.750000 79.299038
v 218.500000 0.439340 79.060660
v 218.500000 0.200962 78.750000
v 218.500000 0.051111 78.388229
v 225.000000 0.051111 78.388229
v 225.000000 0.200962 78.750000
v 225.000000 0.439340 79.060660
v 225.000000 0.750000 79.299038
v 225.000000 1.111771 79.448889
v 225.000000 1.500000 79.500000
v 218.500000 6.000000 79.500000
v 218.500000 6.000000 75.000001
v 223.000000 6.000000 75.000001
v 225.000000 6.000000 75.000001
v 220.500000 6.000000 75.000001
v 225.000000 6.000000 79.500000
vt -61.789167 1.177375 0.000000
vt -72.085045 1.177375 0.000000
vt -64.088595 0.784916 0.000000
vt -72.094044 0.784916 0.000000
vt -64.088595 0.392458 0.000000
vt -72.098883 0.392458 0.000000
vt -64.088595 -0.000000 0.000000
vt -72.099234 -0.000000 0.000000
vt -72.095072 -0.392458 0.000000
vt -64.088595 -0.392458 0.000000
vt -72.086682 -0.784916 0.000000
vt -64.088595 -0.784916 0.000000
vt -72.074633 -1.177375 0.000000
vt -61.778755 -1.177375 0.000000
vt -56.077957 -0.784916 0.000000
vt -51.482877 -1.177375 0.000000
vt -48.067318 -0.784916 0.000000
vt -41.186999 -1.177375 0.000000
vt -40.056680 -0.784916 0.000000
vt -32.046041 -0.784916 0.000000
vt -40.056680 -0.392458 0.000000
vt -32.046041 -0.392458 0.000000
vt -40.056680 -0.000000 0.000000
vt -32.046041 -0.000000 0.000000
vt -32.046041 0.392458 0.000000
vt -24.035403 0.392458 0.000000
vt -24.035403 0.784916 0.000000
vt -16.024764 0.784916 0.000000
vt -20.605655 1.177375 0.000000
vt -10.309777 1.177375 0.000000
vt -8.014126 0.784916 0.000000
vt -0.013899 1.177375 0.000000
vt -0.022897 0.784916 0.000000
vt -0.027736 0.392458 0.000000
vt -8.014126 0.392458 0.000000
vt -0.028087 -0.000000 0.000000
vt -8.014126 -0.000000 0.000000
vt -8.014126 -0.392458 0.000000
vt -16.024764 -0.000000 0.000000
vt -16.024764 -0.392458 0.000000
vt -24.035403 -0.000000 0.000000
vt -24.035403 -0.392458 0.000000
vt -30.891121 -1.177375 0.000000
vt -24.035403 -0.784916 0.000000
vt -20.595243 -1.177375 0.000000
vt -16.024764 -0.784916 0.000000
vt -10.299366 -1.177375 0.000000
vt -8.014126 -0.784916 0.000000
vt -0.003488 -1.177375 0.000000
vt -0.015536 -0.784916 0.000000
vt -0.023926 -0.392458 0.000000
vt -30.901533 1.177375 0.000000
vt -32.046041 0.784916 0.000000
vt -40.056680 0.392458 0.000000
vt -48.067318 -0.000000 0.000000
vt -48.067318 -0.392458 0.000000
vt -41.197411 1.177375 0.000000
vt -40.056680 0.784916 0.000000
vt -48.067318 0.392458 0.000000
vt -56.077957 -0.000000 0.000000
vt -56.077957 -0.392458 0.000000
vt -48.067318 0.784916 0.000000
vt -51.493289 1.177375 0.000000
vt -56.077957 0.784916 0.000000
vt -56.077957 0.392458 0.000000
vt -16.024764 0.392458 0.000000
vt 0.000000 -2.500000 0.000000
vt -0.000000 -1.499458 0.000000
vt -10.289682 -2.500000 0.000000
vt -10.289682 -1.142315 0.000000
vt -20.579364 -2.500000 0.000000
vt -20.579364 -0.785172 0.000000
vt -30.869045 -2.500000 0.000000
vt -30.869045 -0.428029 0.000000
vt -41.158727 -2.500000 0.000000
vt -41.158727 -0.070886 0.000000
vt -51.448409 -2.500000 0.000000
vt -51.448409 0.286257 0.000000
vt -61.738091 -2.500000 0.000000
vt -61.738091 0.643399 0.000000
vt -72.027774 -2.000000 0.000000
vt -72.027774 0.500000 0.000000
vt -72.027772 1.000542 0.000000
vt -72.027772 -2.500000 0.000000
vt 2.000000 6.000000 0.000000
vt 1.499458 6.000000 0.000000
vt 1.500904 0.000000 0.000000
vt 1.111277 5.948931 0.000000
vt 1.112441 0.051111 0.000000
vt 0.749617 5.799202 0.000000
vt 0.750452 0.200962 0.000000
vt 0.439093 5.561002 0.000000
vt 0.439605 0.439340 0.000000
vt 0.000000 4.500867 0.000000
vt 0.000000 1.500000 0.000000
vt 0.200842 5.250545 0.000000
vt 0.051080 4.888963 0.000000
vt 0.051142 1.111771 0.000000
vt 0.201083 0.750000 0.000000
vt 2.000000 0.000000 0.000000
vt -61.738091 1.178097 0.000000
vt -72.027772 1.178097 0.000000
vt -64.020057 0.785398 0.000000
vt -72.026354 0.785398 0.000000
vt -72.022191 0.392699 0.000000
vt -64.020057 0.392699 0.000000
vt -72.015570 0.000000 0.000000
vt -64.020057 0.000000 0.000000
vt -72.006940 -0.392699 0.000000
vt -64.020057 -0.392699 0.000000
vt -71.996891 -0.785398 0.000000
vt -64.020057 -0.785398 0.000000
vt -71.986107 -1.178097 0.000000
vt -61.696425 -1.178097 0.000000
vt -56.012342 -0.785398 0.000000
vt -51.406743 -1.178097 0.000000
vt -48.004626 -0.785398 0.000000
vt -41.117061 -1.178097 0.000000
vt -39.996911 -0.785398 0.000000
vt -31.989195 -0.785398 0.000000
vt -39.996911 -0.392699 0.000000
vt -31.989195 -0.392699 0.000000
vt -39.996911 0.000000 0.000000
vt -31.989195 0.000000 0.000000
vt -39.996911 0.392699 0.000000
vt -31.989195 0.392699 0.000000
vt -39.996911 0.785398 0.000000
vt -31.989195 0.785398 0.000000
vt -30.869045 1.178097 0.000000
vt -23.981480 0.785398 0.000000
vt -20.579364 1.178097 0.000000
vt -15.973764 0.785398 0.000000
vt -10.289682 1.178097 0.000000
vt -7.966049 0.785398 0.000000
vt 0.000000 1.178097 0.000000
vt 0.001420 0.785398 0.000000
vt -7.966049 0.392699 0.000000
vt 0.005582 0.392699 0.000000
vt -7.966049 0.000000 0.000000
vt 0.012204 0.000000 0.000000
vt -7.966049 -0.392699 0.000000
vt 0.020833 -0.392699 0.000000
vt -7.966049 -0.785398 0.000000
vt 0.030883 -0.785398 0.000000
vt 0.041667 -1.178097 0.000000
vt -10.248015 -1.178097 0.000000
vt -15.973764 -0.785398 0.000000
vt -20.537697 -1.178097 0.000000
vt -23.981480 -0.785398 0.000000
vt -30.827379 -1.178097 0.000000
vt -41.158727 1.178097 0.000000
vt -48.004626 0.785398 0.000000
vt -48.004626 0.392699 0.000000
vt -48.004626 0.000000 0.000000
vt -48.004626 -0.392699 0.000000
vt -51.448409 1.178097 0.000000
vt -56.012342 0.785398 0.000000
vt -56.012342 0.392699 0.000000
vt -56.012342 0.000000 0.000000
vt -56.012342 -0.392699 0.000000
vt -23.981480 0.392699 0.000000
vt -23.981480 0.000000 0.000000
vt -23.981480 -0.392699 0.000000
vt -15.973764 0.392699 0.000000
vt -15.973764 0.000000 0.000000
vt -15.973764 -0.392699 0.000000
vt -0.000000 -2.500000 0.000000
vt -0.000000 -1.500579 0.000000
vt -10.285714 -2.500000 0.000000
vt -10.285714 -1.214864 0.000000
vt -20.571429 -2.500000 0.000000
vt -20.571429 -0.929150 0.000000
vt -30.857143 -2.500000 0.000000
vt -30.857143 -0.643436 0.000000
vt -41.142858 -2.500000 0.000000
vt -41.142858 -0.357721 0.000000
vt -51.428572 -2.500000 0.000000
vt -51.428572 -0.072007 0.000000
vt -61.714287 -2.500000 0.000000
vt -61.714287 0.213707 0.000000
vt -72.000001 -2.500000 0.000000
vt -72.000001 0.499421 0.000000
vt 1.948889 4.887800 0.000000
vt 1.799038 5.249711 0.000000
vt 2.000000 4.499421 0.000000
vt 1.560660 5.560491 0.000000
vt 1.560660 0.439340 0.000000
vt 1.250000 0.200962 0.000000
vt 1.250000 5.798961 0.000000
vt 0.888229 0.051111 0.000000
vt 0.888229 5.948869 0.000000
vt 0.500000 0.000000 0.000000
vt 0.500000 6.000000 0.000000
vt 0.000000 0.000000 0.000000
vt 0.000000 6.000000 0.000000
vt 2.000000 1.500000 0.000000
vt 1.799038 0.750000 0.000000
vt 1.948889 1.111771 0.000000
vt -10.361315 -1.178097 0.000000
vt -0.069403 -1.178097 0.000000
vt -8.027927 -0.785398 0.000000
vt -0.067628 -0.785398 0.000000
vt -8.027927 -0.392699 0.000000
vt -0.062425 -0.392699 0.000000
vt -8.027927 0.000000 0.000000
vt -0.054148 0.000000 0.000000
vt -8.027927 0.392699 0.000000
vt -0.043361 0.392699 0.000000
vt -8.027927 0.785398 0.000000
vt -0.030799 0.785398 0.000000
vt -0.017319 1.178097 0.000000
vt -10.309232 1.178097 0.000000
vt -16.038536 0.785398 0.000000
vt -16.038536 0.392699 0.000000
vt -16.038536 -0.000000 0.000000
vt -16.038536 -0.392699 0.000000
vt -16.038536 -0.785398 0.000000
vt -20.653228 -1.178097 0.000000
vt -24.049144 -0.785398 0.000000
vt -30.945141 -1.178097 0.000000
vt -32.059752 -0.785398 0.000000
vt -40.070360 -0.785398 0.000000
vt -40.070360 -0.392699 0.000000
vt -48.080968 -0.392699 0.000000
vt -48.080968 -0.000000 0.000000
vt -56.091576 -0.000000 0.000000
vt -56.091576 0.392699 0.000000
vt -64.102184 0.392699 0.000000
vt -64.102184 0.785398 0.000000
vt -72.074190 0.785398 0.000000
vt -72.060710 1.178097 0.000000
vt -61.768797 1.178097 0.000000
vt -56.091576 0.785398 0.000000
vt -51.476884 1.178097 0.000000
vt -48.080968 0.785398 0.000000
vt -41.184971 1.178097 0.000000
vt -40.070360 0.785398 0.000000
vt -32.059752 0.785398 0.000000
vt -32.059752 0.392699 0.000000
vt -24.049144 0.392699 0.000000
vt -24.049144 -0.000000 0.000000
vt -20.601145 1.178097 0.000000
vt -24.049144 0.785398 0.000000
vt -30.893058 1.178097 0.000000
vt -72.086752 0.392699 0.000000
vt -64.102184 -0.000000 0.000000
vt -56.091576 -0.392699 0.000000
vt -48.080968 -0.785398 0.000000
vt -41.237054 -1.178097 0.000000
vt -72.097539 -0.000000 0.000000
vt -64.102184 -0.392699 0.000000
vt -56.091576 -0.785398 0.000000
vt -51.528967 -1.178097 0.000000
vt -72.105816 -0.392699 0.000000
vt -64.102184 -0.785398 0.000000
vt -61.820880 -1.178097 0.000000
vt -72.111019 -0.785398 0.000000
vt -72.112792 -1.178097 0.000000
vt -24.049144 -0.392699 0.000000
vt -32.059752 -0.392699 0.000000
vt -32.059752 -0.000000 0.000000
vt -40.070360 -0.000000 0.000000
vt -48.080968 0.392699 0.000000
vt -40.070360 0.392699 0.000000
vt 72.000001 4.999096 0.000000
vt 61.714287 4.641953 0.000000
vt 72.000001 4.500000 0.000000
vt 72.000001 2.000000 0.000000
vt 75.000001 2.000000 0.000000
vt 61.714287 1.500000 0.000000
vt 51.428572 4.284810 0.000000
vt 51.428572 1.500000 0.000000
vt 41.142858 3.927667 0.000000
vt 41.142858 1.500000 0.000000
vt 30.857143 3.570525 0.000000
vt 30.857143 1.500000 0.000000
vt 20.571429 3.213382 0.000000
vt 20.571429 1.500000 0.000000
vt 10.285714 2.856239 0.000000
vt 10.285714 1.500000 0.000000
vt -0.000000 2.499096 0.000000
vt -0.000000 1.500000 0.000000
vt 72.000001 1.500000 0.000000
vt 75.000001 0.000000 0.000000
vt 78.000000 0.000000 0.000000
vt 75.000001 4.500000 0.000000
vt 78.000000 6.500000 0.000000
vt 75.000001 6.500000 0.000000
vt 1.948920 0.888963 0.000000
vt 0.888723 1.948931 0.000000
vt 2.000000 0.500867 0.000000
vt 0.500542 2.000000 0.000000
vt -2.000000 0.499421 0.000000
vt -0.500000 2.000000 0.000000
vt -1.948889 0.887800 0.000000
vt -1.799038 1.249711 0.000000
vt -1.560660 1.560491 0.000000
vt -1.250000 1.798961 0.000000
vt -0.888229 1.948869 0.000000
vt 1.250383 1.799202 0.000000
vt 1.799158 1.250545 0.000000
vt 1.560907 1.561002 0.000000
vt 2.000000 -0.500000 0.000000
vt -2.000000 -0.500000 0.000000
vt 0.499096 -2.000000 0.000000
vt -0.500000 -2.000000 0.000000
vt -0.888229 -1.948889 0.000000
vt -1.250000 -1.799038 0.000000
vt -1.948889 -0.888229 0.000000
vt -1.799038 -1.250000 0.000000
vt -1.560660 -1.560660 0.000000
vt 0.887559 -1.948889 0.000000
vt 1.249548 -1.799038 0.000000
vt 1.560395 -1.560660 0.000000
vt 1.798917 -1.250000 0.000000
vt 1.948858 -0.888229 0.000000
vt -10.285714 -1.178097 0.000000
vt -0.000000 -1.178097 0.000000
vt -8.000000 -0.785398 0.000000
vt -0.000000 -0.785398 0.000000
vt -8.000000 -0.392699 0.000000
vt -0.000000 -0.392699 0.000000
vt -8.000000 -0.000000 0.000000
vt -0.000000 -0.000000 0.000000
vt -8.000000 0.392699 0.000000
vt -0.000000 0.392699 0.000000
vt -8.000000 0.785398 0.000000
vt -0.000000 0.785398 0.000000
vt -0.000000 1.178097 0.000000
vt -10.285714 1.178097 0.000000
vt -16.000000 0.785398 0.000000
vt -16.000000 0.392699 0.000000
vt -16.000000 -0.000000 0.000000
vt -16.000000 -0.392699 0.000000
vt -16.000000 -0.785398 0.000000
vt -20.571429 -1.178097 0.000000
vt -24.000000 -0.785398 0.000000
vt -30.857143 -1.178097 0.000000
vt -32.000000 -0.785398 0.000000
vt -40.000001 -0.785398 0.000000
vt -40.000001 -0.392699 0.000000
vt -48.000001 -0.392699 0.000000
vt -48.000001 -0.000000 0.000000
vt -56.000001 -0.000000 0.000000
vt -56.000001 0.392699 0.000000
vt -64.000001 0.392699 0.000000
vt -64.000001 0.785398 0.000000
vt -72.000001 0.785398 0.000000
vt -72.000001 1.178097 0.000000
vt -61.714287 1.178097 0.000000
vt -56.000001 0.785398 0.000000
vt -51.428572 1.178097 0.000000
vt -48.000001 0.785398 0.000000
vt -41.142858 1.178097 0.000000
vt -40.000001 0.785398 0.000000
vt -32.000000 0.785398 0.000000
vt -32.000000 0.392699 0.000000
vt -24.000000 0.392699 0.000000
vt -24.000000 -0.000000 0.000000
vt -20.571429 1.178097 0.000000
vt -24.000000 0.785398 0.000000
vt -30.857143 1.178097 0.000000
vt -72.000001 0.392699 0.000000
vt -64.000001 -0.000000 0.000000
vt -56.000001 -0.392699 0.000000
vt -48.000001 -0.785398 0.000000
vt -41.142858 -1.178097 0.000000
vt -72.000001 -0.000000 0.000000
vt -64.000001 -0.392699 0.000000
vt -56.000001 -0.785398 0.000000
vt -51.428572 -1.178097 0.000000
vt -72.000001 -0.392699 0.000000
vt -64.000001 -0.785398 0.000000
vt -61.714287 -1.178097 0.000000
vt -72.000001 -0.785398 0.000000
vt -72.000001 -1.178097 0.000000
vt -24.000000 -0.392699 0.000000
vt -32.000000 -0.392699 0.000000
vt -32.000000 -0.000000 0.000000
vt -40.000001 -0.000000 0.000000
vt -48.000001 0.392699 0.000000
vt -40.000001 0.392699 0.000000
vt 1.625000 1.178097 0.000000
vt -4.875000 1.178097 0.000000
vt 1.625000 0.785398 0.000000
vt -4.875000 0.785398 0.000000
vt 1.625000 0.392699 0.000000
vt -4.875000 0.392699 0.000000
vt 1.625000 -0.000000 0.000000
vt -4.875000 -0.000000 0.000000
vt 1.625000 -0.392699 0.000000
vt -4.875000 -0.392699 0.000000
vt 1.625000 -0.785398 0.000000
vt -4.875000 -0.785398 0.000000
vt 1.625000 -1.178097 0.000000
vt -4.875000 -1.178097 0.000000
vt -0.051111 6.388229 0.000000
vt -1.500000 7.500000 0.000000
vt -0.000000 6.000000 0.000000
vt -6.000000 3.000001 0.000000
vt 0.000000 3.000001 0.000000
vt -0.200962 6.750000 0.000000
vt -0.439340 7.060660 0.000000
vt -0.750000 7.299038 0.000000
vt -1.111771 7.448889 0.000000
vt -6.000000 7.500000 0.000000
vt 0.000000 0.000000 0.000000
vt 3.000000 0.000000 0.000000
vt 0.000000 6.000000 0.000000
vt 3.000000 6.000000 0.000000
vt 0.000000 0.000000 0.000000
vt 2.000000 0.000000 0.000000
vt 0.000000 6.000000 0.000000
vt 2.000000 6.000000 0.000000
vt 0.000000 0.000000 0.000000
vt 2.000000 0.000000 0.000000
vt 0.000000 6.000000 0.000000
vt 2.000000 6.000000 0.000000
vt 0.000000 0.000000 0.000000
vt 3.000000 0.000000 0.000000
vt 0.000000 6.000000 0.000000
vt 3.000000 6.000000 0.000000
vt -79.448889 -2.888229 0.000000
vt -79.299038 -3.250000 0.000000
vt -79.500000 -2.500000 0.000000
vt -79.060660 -3.560660 0.000000
vt -78.750000 -3.799038 0.000000
vt -78.388229 -3.948889 0.000000
vt -78.000000 -4.000000 0.000000
vt -75.000001 2.000000 0.000000
vt -75.000001 -4.000000 0.000000
vt -79.500000 2.000000 0.000000
vt -4.500000 0.000001 0.000000
vt -2.000000 0.000001 0.000000
vt -4.500000 3.000001 0.000000
vt -2.000000 3.000001 0.000000
vt -6.500000 7.500000 0.000000
vt -0.000000 7.500000 0.000000
vt -0.000000 3.000001 0.000000
vt -6.500000 3.000001 0.000000
vt -3.250000 -1.500000 0.000000
vt 3.250000 -1.500000 0.000000
vt -3.250000 3.000000 0.000000
vt 3.250000 3.000000 0.000000
vt 72.043390 4.500867 0.000000
vt 61.751477 4.215153 0.000000
vt 72.043390 1.500000 0.000000
vt 61.751477 1.500000 0.000000
vt 51.459564 3.929439 0.000000
vt 51.459564 1.500000 0.000000
vt 41.167651 3.643724 0.000000
vt 41.167651 1.500000 0.000000
vt 30.875738 3.358010 0.000000
vt 30.875738 1.500000 0.000000
vt 20.583826 3.072296 0.000000
vt 20.583826 1.500000 0.000000
vt 10.291913 2.786582 0.000000
vt 10.291913 1.500000 0.000000
vt -0.000000 2.500867 0.000000
vt -0.000000 1.500000 0.000000
vn -0.999398 -0.000000 -0.034701
vn -0.999398 -0.000000 -0.034701
vn -0.965137 0.258564 -0.040694
vn -0.965137 0.258564 -0.040694
vn -0.865183 0.499529 -0.043917
vn -0.865183 0.499529 -0.043917
vn -0.706341 0.706494 -0.044151
vn -0.706341 0.706494 -0.044151
vn -0.499421 0.865371 -0.041379
vn -0.499421 0.865371 -0.041379
vn -0.258508 0.965346 -0.035791
vn -0.258508 0.965346 -0.035791
vn 0.000000 0.999614 -0.027767
vn 0.000000 0.999614 -0.027767
vn -0.258508 0.965346 -0.035791
vn 0.000000 0.999614 -0.027767
vn -0.258508 0.965346 -0.035791
vn 0.000000 0.999614 -0.027767
vn -0.258508 0.965346 -0.035791
vn -0.258508 0.965346 -0.035791
vn -0.499421 0.865371 -0.041379
vn -0.499421 0.865371 -0.041379
vn -0.706341 0.706494 -0.044151
vn -0.706341 0.706494 -0.044151
vn -0.865183 0.499529 -0.043917
vn -0.865183 0.499529 -0.043917
vn -0.965137 0.258564 -0.040694
vn -0.965137 0.258564 -0.040694
vn -0.999398 -0.000000 -0.034701
vn -0.999398 -0.000000 -0.034701
vn -0.965137 0.258564 -0.040694
vn -0.999398 0.000000 -0.034701
vn -0.965137 0.258564 -0.040694
vn -0.865183 0.499529 -0.043917
vn -0.865183 0.499529 -0.043917
vn -0.706341 0.706494 -0.044151
vn -0.706341 0.706494 -0.044151
vn -0.499421 0.865371 -0.041379
vn -0.706341 0.706494 -0.044151
vn -0.499421 0.865371 -0.041379
vn -0.706341 0.706494 -0.044151
vn -0.499421 0.865371 -0.041379
vn 0.000000 0.999614 -0.027767
vn -0.258508 0.965346 -0.035791
vn 0.000000 0.999614 -0.027767
vn -0.258508 0.965346 -0.035791
vn -0.000000 0.999614 -0.027767
vn -0.258508 0.965346 -0.035791
vn -0.000000 0.999614 -0.027767
vn -0.258508 0.965346 -0.035791
vn -0.499421 0.865371 -0.041379
vn -0.999398 -0.000000 -0.034701
vn -0.965137 0.258564 -0.040694
vn -0.865183 0.499529 -0.043917
vn -0.706341 0.706494 -0.044151
vn -0.499421 0.865371 -0.041379
vn -0.999398 -0.000000 -0.034701
vn -0.965137 0.258564 -0.040694
vn -0.865183 0.499529 -0.043917
vn -0.706341 0.706494 -0.044151
vn -0.499421 0.865371 -0.041379
vn -0.965137 0.258564 -0.040694
vn -0.999398 -0.000000 -0.034701
vn -0.965137 0.258564 -0.040694
vn -0.865183 0.499529 -0.043917
vn -0.865183 0.499529 -0.043917
vn -0.000000 0.999614 -0.027767
vn -0.000000 0.999614 -0.027767
vn -0.000000 0.999614 -0.027767
vn -0.000000 0.999614 -0.027767
vn -0.000000 0.999614 -0.027767
vn -0.000000 0.999614 -0.027767
vn -0.000000 0.999614 -0.027767
vn -0.000000 0.999614 -0.027767
vn -0.000000 0.999614 -0.027767
vn -0.000000 0.999614 -0.027767
vn 0.000000 0.000000 1.000000
vn 0.000000 0.000000 1.000000
vn 0.000000 0.000000 1.000000
vn 0.000000 0.000000 1.000000
vn 0.000000 0.000000 1.000000
vn 0.000000 0.000000 1.000000
vn 0.000000 0.000000 1.000000
vn 0.000000 0.000000 1.000000
vn 0.000000 0.000000 1.000000
vn 0.000000 0.000000 1.000000
vn 0.000000 0.000000 1.000000
vn 0.000000 0.000000 1.000000
vn 0.000000 0.000000 1.000000
vn 0.000000 0.000000 1.000000
vn 0.000000 0.000000 1.000000
vn 0.000000 0.000000 1.000000
vn 0.258819 0.965553 -0.026821
vn 0.258819 0.965553 -0.026821
vn 0.500000 0.865691 -0.024047
vn 0.500000 0.865691 -0.024047
vn 0.707107 0.706834 -0.019634
vn 0.707107 0.706834 -0.019634
vn 0.866025 0.499807 -0.013884
vn 0.866025 0.499807 -0.013884
vn 0.965926 0.258719 -0.007187
vn 0.965926 0.258719 -0.007187
vn 1.000000 -0.000000 0.000000
vn 1.000000 -0.000000 0.000000
vn 0.965926 0.258719 -0.007187
vn 1.000000 -0.000000 0.000000
vn 0.965926 0.258719 -0.007187
vn 1.000000 0.000000 0.000000
vn 0.965926 0.258719 -0.007187
vn 0.965926 0.258719 -0.007187
vn 0.866025 0.499807 -0.013884
vn 0.866025 0.499807 -0.013884
vn 0.707107 0.706834 -0.019634
vn 0.707107 0.706834 -0.019634
vn 0.500000 0.865691 -0.024047
vn 0.500000 0.865691 -0.024047
vn 0.258819 0.965553 -0.026821
vn 0.258819 0.965553 -0.026821
vn 0.258819 0.965553 -0.026821
vn 0.258819 0.965553 -0.026821
vn 0.258819 0.965553 -0.026821
vn 0.258819 0.965553 -0.026821
vn 0.500000 0.865691 -0.024047
vn 0.500000 0.865691 -0.024047
vn 0.707107 0.706834 -0.019634
vn 0.707107 0.706834 -0.019634
vn 0.866025 0.499807 -0.013884
vn 0.866025 0.499807 -0.013884
vn 0.965926 0.258719 -0.007187
vn 0.965926 0.258719 -0.007187
vn 1.000000 0.000000 0.000000
vn 1.000000 -0.000000 0.000000
vn 0.965926 0.258719 -0.007187
vn 1.000000 -0.000000 0.000000
vn 0.965926 0.258719 -0.007187
vn 1.000000 0.000000 0.000000
vn 0.258819 0.965553 -0.026821
vn 0.500000 0.865691 -0.024047
vn 0.707107 0.706834 -0.019634
vn 0.866025 0.499807 -0.013884
vn 0.258819 0.965553 -0.026821
vn 0.500000 0.865691 -0.024047
vn 0.707107 0.706834 -0.019634
vn 0.866025 0.499807 -0.013884
vn 0.500000 0.865691 -0.024047
vn 0.707107 0.706834 -0.019634
vn 0.866025 0.499807 -0.013884
vn 0.500000 0.865691 -0.024047
vn 0.707107 0.706834 -0.019634
vn 0.866025 0.499807 -0.013884
vn 1.000000 0.000000 0.000000
vn 1.000000 0.000000 0.000000
vn 1.000000 0.000000 0.000000
vn 1.000000 0.000000 0.000000
vn 1.000000 0.000000 0.000000
vn 1.000000 0.000000 0.000000
vn 1.000000 0.000000 0.000000
vn 1.000000 0.000000 0.000000
vn 0.000000 0.000000 1.000000
vn 0.000000 0.000000 1.000000
vn 0.000000 0.000000 1.000000
vn 0.000000 0.000000 1.000000
vn 0.000000 0.000000 1.000000
vn 0.000000 0.000000 1.000000
vn 0.000000 0.000000 1.000000
vn 0.000000 0.000000 1.000000
vn 0.000000 0.000000 1.000000
vn 0.000000 0.000000 1.000000
vn 0.000000 0.000000 1.000000
vn 0.000000 0.000000 1.000000
vn 0.000000 0.000000 1.000000
vn 0.000000 0.000000 1.000000
vn 0.000000 0.000000 1.000000
vn 0.000000 0.000000 1.000000
vn -0.999398 0.000000 -0.034701
vn -0.999398 0.000000 -0.034701
vn -0.965344 -0.258819 -0.033519
vn -0.965344 -0.258819 -0.033519
vn -0.865504 -0.500000 -0.030052
vn -0.865504 -0.500000 -0.030052
vn -0.706681 -0.707107 -0.024538
vn -0.706681 -0.707107 -0.024538
vn -0.499699 -0.866025 -0.017351
vn -0.499699 -0.866025 -0.017351
vn -0.258663 -0.965926 -0.008981
vn -0.258663 -0.965926 -0.008981
vn 0.000000 -1.000000 0.000000
vn 0.000000 -1.000000 0.000000
vn -0.258663 -0.965926 -0.008981
vn -0.499699 -0.866025 -0.017351
vn -0.706681 -0.707107 -0.024538
vn -0.865504 -0.500000 -0.030052
vn -0.965344 -0.258819 -0.033519
vn -0.999398 0.000000 -0.034701
vn -0.965344 -0.258819 -0.033519
vn -0.999398 0.000000 -0.034701
vn -0.965344 -0.258819 -0.033519
vn -0.965344 -0.258819 -0.033519
vn -0.865504 -0.500000 -0.030052
vn -0.865504 -0.500000 -0.030052
vn -0.706681 -0.707107 -0.024538
vn -0.706681 -0.707107 -0.024538
vn -0.499699 -0.866025 -0.017351
vn -0.499699 -0.866025 -0.017351
vn -0.258663 -0.965926 -0.008981
vn -0.258663 -0.965926 -0.008981
vn 0.000000 -1.000000 0.000000
vn 0.000000 -1.000000 0.000000
vn -0.258663 -0.965926 -0.008981
vn -0.000000 -1.000000 -0.000000
vn -0.258663 -0.965926 -0.008981
vn 0.000000 -1.000000 0.000000
vn -0.258663 -0.965926 -0.008981
vn -0.258663 -0.965926 -0.008981
vn -0.499699 -0.866025 -0.017351
vn -0.499699 -0.866025 -0.017351
vn -0.706681 -0.707107 -0.024538
vn -0.000000 -1.000000 -0.000000
vn -0.258663 -0.965926 -0.008981
vn 0.000000 -1.000000 0.000000
vn -0.499699 -0.866025 -0.017351
vn -0.706681 -0.707107 -0.024538
vn -0.865504 -0.500000 -0.030052
vn -0.965344 -0.258819 -0.033519
vn -0.999398 0.000000 -0.034701
vn -0.706681 -0.707107 -0.024538
vn -0.865504 -0.500000 -0.030052
vn -0.965344 -0.258819 -0.033519
vn -0.999398 0.000000 -0.034701
vn -0.865504 -0.500000 -0.030052
vn -0.965344 -0.258819 -0.033519
vn -0.999398 0.000000 -0.034701
vn -0.965344 -0.258819 -0.033519
vn -0.999398 0.000000 -0.034701
vn -0.865504 -0.500000 -0.030052
vn -0.865504 -0.500000 -0.030052
vn -0.706681 -0.707107 -0.024538
vn -0.706681 -0.707107 -0.024538
vn -0.499699 -0.866025 -0.017351
vn -0.499699 -0.866025 -0.017351
vn -0.000000 -1.000000 0.000000
vn -0.000000 -1.000000 0.000000
vn -0.000000 -1.000000 0.000000
vn -0.000000 -1.000000 0.000000
vn -0.000000 -1.000000 0.000000
vn -0.000000 -1.000000 0.000000
vn -0.000000 -1.000000 0.000000
vn -0.000000 -1.000000 0.000000
vn -0.000000 -1.000000 0.000000
vn -0.000000 -1.000000 0.000000
vn -0.000000 -1.000000 0.000000
vn -0.000000 -1.000000 0.000000
vn -0.000000 -1.000000 0.000000
vn -0.000000 -1.000000 0.000000
vn -0.000000 -1.000000 0.000000
vn -0.000000 -1.000000 0.000000
vn 0.000000 0.000000 -1.000000
vn 0.000000 0.000000 -1.000000
vn 0.000000 0.000000 -1.000000
vn 0.000000 0.000000 -1.000000
vn 0.000000 0.000000 -1.000000
vn 0.000000 0.000000 -1.000000
vn 0.000000 0.000000 -1.000000
vn 0.000000 0.000000 -1.000000
vn 0.000000 0.000000 -1.000000
vn 0.000000 0.000000 -1.000000
vn 0.000000 0.000000 -1.000000
vn 0.000000 0.000000 -1.000000
vn 0.000000 0.000000 -1.000000
vn 0.000000 0.000000 -1.000000
vn 0.000000 0.000000 -1.000000
vn 0.000000 0.000000 -1.000000
vn 0.000000 0.000000 -1.000000
vn 0.000000 0.000000 -1.000000
vn 0.000000 0.000000 -1.000000
vn 0.000000 0.000000 -1.000000
vn 0.000000 0.000000 -1.000000
vn 0.000000 0.000000 -1.000000
vn 0.000000 0.000000 -1.000000
vn 0.000000 0.000000 -1.000000
vn 0.000000 0.000000 -1.000000
vn 0.000000 0.000000 -1.000000
vn 0.000000 0.000000 -1.000000
vn 0.000000 0.000000 -1.000000
vn 0.258819 -0.965926 0.000000
vn 0.258819 -0.965926 0.000000
vn 0.500000 -0.866025 0.000000
vn 0.500000 -0.866025 0.000000
vn 0.707107 -0.707107 0.000000
vn 0.707107 -0.707107 0.000000
vn 0.866025 -0.500000 0.000000
vn 0.866025 -0.500000 0.000000
vn 0.965926 -0.258819 0.000000
vn 0.965926 -0.258819 0.000000
vn 0.965926 -0.258819 0.000000
vn 0.866025 -0.500000 0.000000
vn 0.707107 -0.707107 0.000000
vn 0.500000 -0.866025 0.000000
vn 0.258819 -0.965926 0.000000
vn 0.258819 -0.965926 0.000000
vn 0.258819 -0.965926 0.000000
vn 0.258819 -0.965926 0.000000
vn 0.500000 -0.866025 0.000000
vn 0.500000 -0.866025 0.000000
vn 0.707107 -0.707107 0.000000
vn 0.707107 -0.707107 0.000000
vn 0.866025 -0.500000 0.000000
vn 0.866025 -0.500000 0.000000
vn 0.965926 -0.258819 0.000000
vn 0.965926 -0.258819 0.000000
vn 0.965926 -0.258819 0.000000
vn 0.965926 -0.258819 0.000000
vn 0.965926 -0.258819 0.000000
vn 0.965926 -0.258819 0.000000
vn 0.866025 -0.500000 0.000000
vn 0.866025 -0.500000 0.000000
vn 0.707107 -0.707107 0.000000
vn 0.965926 -0.258819 0.000000
vn 0.866025 -0.500000 0.000000
vn 0.707107 -0.707107 0.000000
vn 0.500000 -0.866025 0.000000
vn 0.258819 -0.965926 0.000000
vn 0.707107 -0.707107 0.000000
vn 0.500000 -0.866025 0.000000
vn 0.258819 -0.965926 0.000000
vn 0.500000 -0.866025 0.000000
vn 0.258819 -0.965926 0.000000
vn 0.258819 -0.965926 0.000000
vn 0.500000 -0.866025 0.000000
vn 0.500000 -0.866025 0.000000
vn 0.707107 -0.707107 0.000000
vn 0.707107 -0.707107 0.000000
vn 0.866025 -0.500000 0.000000
vn 0.866025 -0.500000 0.000000
vn -0.000000 -0.000000 1.000000
vn -0.000000 -0.000000 1.000000
vn -0.000000 -0.258819 0.965926
vn -0.000000 -0.258819 0.965926
vn -0.000000 -0.500000 0.866025
vn -0.000000 -0.500000 0.866025
vn -0.000000 -0.707107 0.707107
vn -0.000000 -0.707107 0.707107
vn -0.000000 -0.866025 0.500000
vn -0.000000 -0.866025 0.500000
vn -0.000000 -0.965926 0.258819
vn -0.000000 -0.965926 0.258819
vn -1.000000 -0.000000 0.000000
vn -1.000000 -0.000000 0.000000
vn -1.000000 -0.000000 0.000000
vn -1.000000 -0.000000 0.000000
vn -1.000000 -0.000000 0.000000
vn -1.000000 -0.000000 0.000000
vn -1.000000 -0.000000 0.000000
vn -1.000000 -0.000000 0.000000
vn -1.000000 -0.000000 0.000000
vn -1.000000 -0.000000 0.000000
vn 1.000000 0.000000 0.000000
vn 1.000000 0.000000 0.000000
vn 1.000000 0.000000 0.000000
vn 1.000000 0.000000 0.000000
vn 0.000000 0.000000 -1.000000
vn 0.000000 0.000000 -1.000000
vn 0.000000 0.000000 -1.000000
vn 0.000000 0.000000 -1.000000
vn 0.000000 0.000000 -1.000000
vn 0.000000 0.000000 -1.000000
vn 0.000000 0.000000 -1.000000
vn 0.000000 0.000000 -1.000000
vn -1.000000 -0.000000 0.000000
vn -1.000000 -0.000000 0.000000
vn -1.000000 -0.000000 0.000000
vn -1.000000 -0.000000 0.000000
vn 1.000000 0.000000 0.000000
vn 1.000000 0.000000 0.000000
vn 1.000000 0.000000 0.000000
vn 1.000000 0.000000 0.000000
vn 1.000000 0.000000 0.000000
vn 1.000000 0.000000 0.000000
vn 1.000000 0.000000 0.000000
vn 1.000000 0.000000 0.000000
vn 1.000000 0.000000 0.000000
vn 1.000000 0.000000 0.000000
vn -0.000000 1.000000 -0.000000
vn -0.000000 1.000000 -0.000000
vn -0.000000 1.000000 -0.000000
vn -0.000000 1.000000 -0.000000
vn -0.000000 1.000000 -0.000000
vn -0.000000 1.000000 -0.000000
vn -0.000000 1.000000 -0.000000
vn -0.000000 1.000000 -0.000000
vn 0.000000 0.000000 1.000000
vn 0.000000 0.000000 1.000000
f 1793/2730/2512 1768/2731/2513 1794/2732/2514
f 1794/2732/2514 1768/2731/2513 1769/2733/2515
f 1794/2732/2514 1769/2733/2515 1802/2734/2516
f 1802/2734/2516 1769/2733/2515 1770/2735/2517
f 1802/2734/2516 1770/2735/2517 1810/2736/2518
f 1810/2736/2518 1770/2735/2517 1771/2737/2519
f 1810/2736/2518 1771/2737/2519 1772/2738/2520
f 1810/2736/2518 1772/2738/2520 1818/2739/2521
f 1818/2739/2521 1772/2738/2520 1773/2740/2522
f 1818/2739/2521 1773/2740/2522 1826/2741/2523
f 1826/2741/2523 1773/2740/2522 1774/2742/2524
f 1826/2741/2523 1774/2742/2524 1775/2743/2525
f 1826/2741/2523 1775/2743/2525 1827/2744/2526
f 1827/2744/2526 1775/2743/2525 1776/2745/2527
f 1827/2744/2526 1776/2745/2527 1828/2746/2528
f 1828/2746/2528 1776/2745/2527 1777/2747/2529
f 1828/2746/2528 1777/2747/2529 1829/2748/2530
f 1829/2748/2530 1777/2747/2529 1830/2749/2531
f 1829/2748/2530 1830/2749/2531 1821/2750/2532
f 1821/2750/2532 1830/2749/2531 1822/2751/2533
f 1821/2750/2532 1822/2751/2533 1813/2752/2534
f 1813/2752/2534 1822/2751/2533 1814/2753/2535
f 1813/2752/2534 1814/2753/2535 1806/2754/2536
f 1806/2754/2536 1814/2753/2535 1807/2755/2537
f 1806/2754/2536 1807/2755/2537 1799/2756/2538
f 1799/2756/2538 1807/2755/2537 1800/2757/2539
f 1799/2756/2538 1800/2757/2539 1789/2758/2540
f 1789/2758/2540 1800/2757/2539 1788/2759/2541
f 1788/2759/2541 1800/2757/2539 1801/2760/2542
f 1788/2759/2541 1801/2760/2542 1787/2761/2543
f 1787/2761/2543 1801/2760/2542 1786/2762/2544
f 1786/2762/2544 1801/2760/2542 1785/2763/2545
f 1785/2763/2545 1801/2760/2542 1809/2764/2546
f 1785/2763/2545 1809/2764/2546 1784/2765/2547
f 1784/2765/2547 1809/2764/2546 1817/2766/2548
f 1784/2765/2547 1817/2766/2548 1825/2767/2549
f 1825/2767/2549 1817/2766/2548 1816/2768/2550
f 1825/2767/2549 1816/2768/2550 1824/2769/2551
f 1824/2769/2551 1816/2768/2550 1815/2770/2552
f 1824/2769/2551 1815/2770/2552 1823/2771/2553
f 1823/2771/2553 1815/2770/2552 1814/2753/2535
f 1823/2771/2553 1814/2753/2535 1822/2751/2533
f 1777/2747/2529 1778/2772/2554 1830/2749/2531
f 1830/2749/2531 1778/2772/2554 1831/2773/2555
f 1830/2749/2531 1831/2773/2555 1822/2751/2533
f 1822/2751/2533 1831/2773/2555 1823/2771/2553
f 1778/2772/2554 1779/2774/2556 1831/2773/2555
f 1831/2773/2555 1779/2774/2556 1832/2775/2557
f 1831/2773/2555 1832/2775/2557 1823/2771/2553
f 1823/2771/2553 1832/2775/2557 1824/2769/2551
f 1779/2774/2556 1780/2776/2558 1832/2775/2557
f 1832/2775/2557 1780/2776/2558 1833/2777/2559
f 1832/2775/2557 1833/2777/2559 1824/2769/2551
f 1824/2769/2551 1833/2777/2559 1825/2767/2549
f 1780/2776/2558 1781/2778/2560 1833/2777/2559
f 1833/2777/2559 1781/2778/2560 1782/2779/2561
f 1833/2777/2559 1782/2779/2561 1783/2780/2562
f 1833/2777/2559 1783/2780/2562 1825/2767/2549
f 1825/2767/2549 1783/2780/2562 1784/2765/2547
f 1789/2758/2540 1790/2781/2563 1799/2756/2538
f 1799/2756/2538 1790/2781/2563 1798/2782/2564
f 1799/2756/2538 1798/2782/2564 1806/2754/2536
f 1806/2754/2536 1798/2782/2564 1805/2783/2565
f 1806/2754/2536 1805/2783/2565 1813/2752/2534
f 1813/2752/2534 1805/2783/2565 1812/2784/2566
f 1813/2752/2534 1812/2784/2566 1821/2750/2532
f 1821/2750/2532 1812/2784/2566 1820/2785/2567
f 1821/2750/2532 1820/2785/2567 1829/2748/2530
f 1829/2748/2530 1820/2785/2567 1828/2746/2528
f 1790/2781/2563 1791/2786/2568 1798/2782/2564
f 1798/2782/2564 1791/2786/2568 1797/2787/2569
f 1798/2782/2564 1797/2787/2569 1805/2783/2565
f 1805/2783/2565 1797/2787/2569 1804/2788/2570
f 1805/2783/2565 1804/2788/2570 1812/2784/2566
f 1812/2784/2566 1804/2788/2570 1811/2789/2571
f 1812/2784/2566 1811/2789/2571 1820/2785/2567
f 1820/2785/2567 1811/2789/2571 1819/2790/2572
f 1820/2785/2567 1819/2790/2572 1828/2746/2528
f 1828/2746/2528 1819/2790/2572 1827/2744/2526
f 1797/2787/2569 1791/2786/2568 1796/2791/2573
f 1796/2791/2573 1791/2786/2568 1792/2792/2574
f 1796/2791/2573 1792/2792/2574 1795/2793/2575
f 1795/2793/2575 1792/2792/2574 1793/2730/2512
f 1795/2793/2575 1793/2730/2512 1794/2732/2514
f 1795/2793/2575 1794/2732/2514 1802/2734/2516
f 1804/2788/2570 1797/2787/2569 1796/2791/2573
f 1796/2791/2573 1795/2793/2575 1803/2794/2576
f 1803/2794/2576 1795/2793/2575 1802/2734/2516
f 1803/2794/2576 1802/2734/2516 1810/2736/2518
f 1801/2760/2542 1800/2757/2539 1808/2795/2577
f 1808/2795/2577 1800/2757/2539 1807/2755/2537
f 1808/2795/2577 1807/2755/2537 1815/2770/2552
f 1815/2770/2552 1807/2755/2537 1814/2753/2535
f 1811/2789/2571 1804/2788/2570 1803/2794/2576
f 1803/2794/2576 1804/2788/2570 1796/2791/2573
f 1811/2789/2571 1803/2794/2576 1810/2736/2518
f 1801/2760/2542 1808/2795/2577 1809/2764/2546
f 1809/2764/2546 1808/2795/2577 1816/2768/2550
f 1809/2764/2546 1816/2768/2550 1817/2766/2548
f 1816/2768/2550 1808/2795/2577 1815/2770/2552
f 1819/2790/2572 1811/2789/2571 1810/2736/2518
f 1827/2744/2526 1819/2790/2572 1818/2739/2521
f 1818/2739/2521 1819/2790/2572 1810/2736/2518
f 1826/2741/2523 1827/2744/2526 1818/2739/2521
f 1843/2796/2578 1781/2797/2560 1842/2798/2579
f 1842/2798/2579 1781/2797/2560 1780/2799/2558
f 1842/2798/2579 1780/2799/2558 1841/2800/2580
f 1841/2800/2580 1780/2799/2558 1779/2801/2556
f 1841/2800/2580 1779/2801/2556 1840/2802/2581
f 1840/2802/2581 1779/2801/2556 1778/2803/2554
f 1840/2802/2581 1778/2803/2554 1839/2804/2582
f 1839/2804/2582 1778/2803/2554 1777/2805/2529
f 1839/2804/2582 1777/2805/2529 1838/2806/2583
f 1838/2806/2583 1777/2805/2529 1776/2807/2527
f 1838/2806/2583 1776/2807/2527 1837/2808/2584
f 1837/2808/2584 1776/2807/2527 1775/2809/2525
f 1837/2808/2584 1775/2809/2525 1835/2810/2585
f 1835/2810/2585 1775/2809/2525 1834/2811/2586
f 1834/2811/2586 1775/2809/2525 1774/2812/2524
f 1835/2810/2585 1836/2813/2587 1837/2808/2584
f 1834/2814/2588 1774/2815/2589 1850/2816/2590
f 1850/2816/2590 1774/2815/2589 1773/2817/2591
f 1850/2816/2590 1773/2817/2591 1849/2818/2592
f 1849/2818/2592 1773/2817/2591 1772/2819/2593
f 1849/2818/2592 1772/2819/2593 1848/2820/2594
f 1848/2820/2594 1772/2819/2593 1771/2821/2595
f 1848/2820/2594 1771/2821/2595 1847/2822/2596
f 1847/2822/2596 1771/2821/2595 1768/2823/2597
f 1847/2822/2596 1768/2823/2597 1844/2824/2598
f 1771/2821/2595 1770/2825/2599 1768/2823/2597
f 1768/2823/2597 1770/2825/2599 1769/2826/2600
f 1845/2827/2601 1846/2828/2602 1844/2824/2598
f 1844/2824/2598 1846/2828/2602 1847/2822/2596
f 1850/2816/2590 1851/2829/2603 1834/2814/2588
f 1837/2830/2584 1836/2831/2587 1870/2832/2604
f 1870/2832/2604 1836/2831/2587 1852/2833/2605
f 1870/2832/2604 1852/2833/2605 1853/2834/2606
f 1870/2832/2604 1853/2834/2606 1878/2835/2607
f 1878/2835/2607 1853/2834/2606 1854/2836/2608
f 1878/2835/2607 1854/2836/2608 1886/2837/2609
f 1886/2837/2609 1854/2836/2608 1855/2838/2610
f 1886/2837/2609 1855/2838/2610 1894/2839/2611
f 1894/2839/2611 1855/2838/2610 1856/2840/2612
f 1894/2839/2611 1856/2840/2612 1902/2841/2613
f 1902/2841/2613 1856/2840/2612 1857/2842/2614
f 1902/2841/2613 1857/2842/2614 1858/2843/2615
f 1902/2841/2613 1858/2843/2615 1903/2844/2616
f 1903/2844/2616 1858/2843/2615 1859/2845/2617
f 1903/2844/2616 1859/2845/2617 1904/2846/2618
f 1904/2846/2618 1859/2845/2617 1860/2847/2619
f 1904/2846/2618 1860/2847/2619 1905/2848/2620
f 1905/2848/2620 1860/2847/2619 1906/2849/2621
f 1905/2848/2620 1906/2849/2621 1897/2850/2622
f 1897/2850/2622 1906/2849/2621 1898/2851/2623
f 1897/2850/2622 1898/2851/2623 1889/2852/2624
f 1889/2852/2624 1898/2851/2623 1890/2853/2625
f 1889/2852/2624 1890/2853/2625 1881/2854/2626
f 1881/2854/2626 1890/2853/2625 1882/2855/2627
f 1881/2854/2626 1882/2855/2627 1873/2856/2628
f 1873/2856/2628 1882/2855/2627 1874/2857/2629
f 1873/2856/2628 1874/2857/2629 1840/2858/2581
f 1840/2858/2581 1874/2857/2629 1875/2859/2630
f 1840/2858/2581 1875/2859/2630 1841/2860/2580
f 1841/2860/2580 1875/2859/2630 1876/2861/2631
f 1841/2860/2580 1876/2861/2631 1842/2862/2579
f 1842/2862/2579 1876/2861/2631 1877/2863/2632
f 1842/2862/2579 1877/2863/2632 1843/2864/2578
f 1843/2864/2578 1877/2863/2632 1869/2865/2633
f 1869/2865/2633 1877/2863/2632 1885/2866/2634
f 1869/2865/2633 1885/2866/2634 1868/2867/2635
f 1868/2867/2635 1885/2866/2634 1893/2868/2636
f 1868/2867/2635 1893/2868/2636 1867/2869/2637
f 1867/2869/2637 1893/2868/2636 1901/2870/2638
f 1867/2869/2637 1901/2870/2638 1866/2871/2639
f 1866/2871/2639 1901/2870/2638 1909/2872/2640
f 1866/2871/2639 1909/2872/2640 1865/2873/2641
f 1865/2873/2641 1909/2872/2640 1864/2874/2642
f 1864/2874/2642 1909/2872/2640 1863/2875/2643
f 1863/2875/2643 1909/2872/2640 1908/2876/2644
f 1863/2875/2643 1908/2876/2644 1862/2877/2645
f 1862/2877/2645 1908/2876/2644 1907/2878/2646
f 1862/2877/2645 1907/2878/2646 1861/2879/2647
f 1861/2879/2647 1907/2878/2646 1906/2849/2621
f 1861/2879/2647 1906/2849/2621 1860/2847/2619
f 1840/2858/2581 1839/2880/2582 1873/2856/2628
f 1873/2856/2628 1839/2880/2582 1872/2881/2648
f 1873/2856/2628 1872/2881/2648 1881/2854/2626
f 1881/2854/2626 1872/2881/2648 1880/2882/2649
f 1881/2854/2626 1880/2882/2649 1889/2852/2624
f 1889/2852/2624 1880/2882/2649 1888/2883/2650
f 1889/2852/2624 1888/2883/2650 1897/2850/2622
f 1897/2850/2622 1888/2883/2650 1896/2884/2651
f 1897/2850/2622 1896/2884/2651 1905/2848/2620
f 1905/2848/2620 1896/2884/2651 1904/2846/2618
f 1839/2880/2582 1838/2885/2583 1872/2881/2648
f 1872/2881/2648 1838/2885/2583 1871/2886/2652
f 1872/2881/2648 1871/2886/2652 1880/2882/2649
f 1880/2882/2649 1871/2886/2652 1879/2887/2653
f 1880/2882/2649 1879/2887/2653 1888/2883/2650
f 1888/2883/2650 1879/2887/2653 1887/2888/2654
f 1888/2883/2650 1887/2888/2654 1896/2884/2651
f 1896/2884/2651 1887/2888/2654 1895/2889/2655
f 1896/2884/2651 1895/2889/2655 1904/2846/2618
f 1904/2846/2618 1895/2889/2655 1903/2844/2616
f 1838/2885/2583 1837/2830/2584 1871/2886/2652
f 1871/2886/2652 1837/2830/2584 1870/2832/2604
f 1871/2886/2652 1870/2832/2604 1879/2887/2653
f 1879/2887/2653 1870/2832/2604 1878/2835/2607
f 1879/2887/2653 1878/2835/2607 1887/2888/2654
f 1887/2888/2654 1878/2835/2607 1886/2837/2609
f 1887/2888/2654 1886/2837/2609 1895/2889/2655
f 1895/2889/2655 1886/2837/2609 1894/2839/2611
f 1895/2889/2655 1894/2839/2611 1903/2844/2616
f 1903/2844/2616 1894/2839/2611 1902/2841/2613
f 1875/2859/2630 1874/2857/2629 1883/2890/2656
f 1883/2890/2656 1874/2857/2629 1882/2855/2627
f 1883/2890/2656 1882/2855/2627 1891/2891/2657
f 1891/2891/2657 1882/2855/2627 1890/2853/2625
f 1891/2891/2657 1890/2853/2625 1899/2892/2658
f 1899/2892/2658 1890/2853/2625 1898/2851/2623
f 1899/2892/2658 1898/2851/2623 1907/2878/2646
f 1907/2878/2646 1898/2851/2623 1906/2849/2621
f 1885/2866/2634 1877/2863/2632 1876/2861/2631
f 1876/2861/2631 1875/2859/2630 1884/2893/2659
f 1884/2893/2659 1875/2859/2630 1883/2890/2656
f 1884/2893/2659 1883/2890/2656 1892/2894/2660
f 1892/2894/2660 1883/2890/2656 1891/2891/2657
f 1892/2894/2660 1891/2891/2657 1900/2895/2661
f 1900/2895/2661 1891/2891/2657 1899/2892/2658
f 1900/2895/2661 1899/2892/2658 1908/2876/2644
f 1908/2876/2644 1899/2892/2658 1907/2878/2646
f 1893/2868/2636 1885/2866/2634 1884/2893/2659
f 1884/2893/2659 1885/2866/2634 1876/2861/2631
f 1893/2868/2636 1884/2893/2659 1892/2894/2660
f 1901/2870/2638 1893/2868/2636 1892/2894/2660
f 1901/2870/2638 1892/2894/2660 1900/2895/2661
f 1909/2872/2640 1901/2870/2638 1900/2895/2661
f 1909/2872/2640 1900/2895/2661 1908/2876/2644
f 1917/2896/2662 1864/2897/2642 1916/2898/2663
f 1916/2898/2663 1864/2897/2642 1863/2899/2643
f 1916/2898/2663 1863/2899/2643 1915/2900/2664
f 1915/2900/2664 1863/2899/2643 1862/2901/2645
f 1915/2900/2664 1862/2901/2645 1914/2902/2665
f 1914/2902/2665 1862/2901/2645 1861/2903/2647
f 1914/2902/2665 1861/2903/2647 1913/2904/2666
f 1913/2904/2666 1861/2903/2647 1860/2905/2619
f 1913/2904/2666 1860/2905/2619 1912/2906/2667
f 1912/2906/2667 1860/2905/2619 1859/2907/2617
f 1912/2906/2667 1859/2907/2617 1911/2908/2668
f 1911/2908/2668 1859/2907/2617 1858/2909/2615
f 1911/2908/2668 1858/2909/2615 1910/2910/2669
f 1910/2910/2669 1858/2909/2615 1857/2911/2614
f 1856/2912/2670 1855/2913/2671 1857/2914/2672
f 1857/2914/2672 1855/2913/2671 1854/2915/2673
f 1857/2914/2672 1854/2915/2673 1922/2916/2674
f 1922/2916/2674 1854/2915/2673 1921/2917/2675
f 1921/2917/2675 1854/2915/2673 1853/2918/2676
f 1921/2917/2675 1853/2918/2676 1920/2919/2677
f 1920/2919/2677 1853/2918/2676 1852/2920/2678
f 1920/2919/2677 1852/2920/2678 1919/2921/2679
f 1919/2921/2679 1852/2920/2678 1836/2922/2680
f 1919/2921/2679 1836/2922/2680 1918/2923/2681
f 1918/2923/2681 1836/2922/2680 1835/2924/2682
f 1857/2914/2672 1922/2916/2674 1910/2925/2683
f 1910/2925/2683 1922/2916/2674 1923/2926/2684
f 1910/2925/2683 1923/2926/2684 1924/2927/2685
f 1943/2928/2686 1925/2929/2687 1944/2930/2688
f 1944/2930/2688 1925/2929/2687 1926/2931/2689
f 1944/2930/2688 1926/2931/2689 1952/2932/2690
f 1952/2932/2690 1926/2931/2689 1927/2933/2691
f 1952/2932/2690 1927/2933/2691 1960/2934/2692
f 1960/2934/2692 1927/2933/2691 1928/2935/2693
f 1960/2934/2692 1928/2935/2693 1968/2936/2694
f 1968/2936/2694 1928/2935/2693 1929/2937/2695
f 1968/2936/2694 1929/2937/2695 1976/2938/2696
f 1976/2938/2696 1929/2937/2695 1930/2939/2697
f 1976/2938/2696 1930/2939/2697 1931/2940/2698
f 1931/2940/2698 1932/2941/2699 1976/2938/2696
f 1976/2938/2696 1932/2941/2699 1977/2942/2700
f 1976/2938/2696 1977/2942/2700 1968/2936/2694
f 1968/2936/2694 1977/2942/2700 1969/2943/2701
f 1968/2936/2694 1969/2943/2701 1960/2934/2692
f 1960/2934/2692 1969/2943/2701 1961/2944/2702
f 1960/2934/2692 1961/2944/2702 1952/2932/2690
f 1952/2932/2690 1961/2944/2702 1953/2945/2703
f 1952/2932/2690 1953/2945/2703 1944/2930/2688
f 1944/2930/2688 1953/2945/2703 1945/2946/2704
f 1944/2930/2688 1945/2946/2704 1943/2928/2686
f 1943/2928/2686 1945/2946/2704 1942/2947/2705
f 1942/2947/2705 1945/2946/2704 1946/2948/2706
f 1942/2947/2705 1946/2948/2706 1941/2949/2707
f 1941/2949/2707 1946/2948/2706 1947/2950/2708
f 1941/2949/2707 1947/2950/2708 1948/2951/2709
f 1948/2951/2709 1947/2950/2708 1956/2952/2710
f 1948/2951/2709 1956/2952/2710 1957/2953/2711
f 1957/2953/2711 1956/2952/2710 1965/2954/2712
f 1957/2953/2711 1965/2954/2712 1966/2955/2713
f 1966/2955/2713 1965/2954/2712 1974/2956/2714
f 1966/2955/2713 1974/2956/2714 1975/2957/2715
f 1975/2957/2715 1974/2956/2714 1983/2958/2716
f 1975/2957/2715 1983/2958/2716 1849/2959/2717
f 1849/2959/2717 1983/2958/2716 1850/2960/2718
f 1850/2960/2718 1983/2958/2716 1937/2961/2719
f 1937/2961/2719 1983/2958/2716 1982/2962/2720
f 1937/2961/2719 1982/2962/2720 1936/2963/2721
f 1936/2963/2721 1982/2962/2720 1981/2964/2722
f 1936/2963/2721 1981/2964/2722 1935/2965/2723
f 1935/2965/2723 1981/2964/2722 1980/2966/2724
f 1935/2965/2723 1980/2966/2724 1979/2967/2725
f 1979/2967/2725 1980/2966/2724 1971/2968/2726
f 1979/2967/2725 1971/2968/2726 1970/2969/2727
f 1970/2969/2727 1971/2968/2726 1962/2970/2728
f 1970/2969/2727 1962/2970/2728 1961/2944/2702
f 1961/2944/2702 1962/2970/2728 1953/2945/2703
f 1932/2941/2699 1933/2971/2729 1977/2942/2700
f 1977/2942/2700 1933/2971/2729 1978/2972/2730
f 1977/2942/2700 1978/2972/2730 1969/2943/2701
f 1969/2943/2701 1978/2972/2730 1970/2969/2727
f 1969/2943/2701 1970/2969/2727 1961/2944/2702
f 1933/2971/2729 1934/2973/2731 1978/2972/2730
f 1978/2972/2730 1934/2973/2731 1979/2967/2725
f 1978/2972/2730 1979/2967/2725 1970/2969/2727
f 1934/2973/2731 1935/2965/2723 1979/2967/2725
f 1849/2959/2717 1848/2974/2732 1975/2957/2715
f 1975/2957/2715 1848/2974/2732 1967/2975/2733
f 1975/2957/2715 1967/2975/2733 1966/2955/2713
f 1966/2955/2713 1967/2975/2733 1958/2976/2734
f 1966/2955/2713 1958/2976/2734 1957/2953/2711
f 1957/2953/2711 1958/2976/2734 1949/2977/2735
f 1957/2953/2711 1949/2977/2735 1948/2951/2709
f 1948/2951/2709 1949/2977/2735 1940/2978/2736
f 1948/2951/2709 1940/2978/2736 1941/2949/2707
f 1848/2974/2732 1847/2979/2737 1967/2975/2733
f 1967/2975/2733 1847/2979/2737 1959/2980/2738
f 1967/2975/2733 1959/2980/2738 1958/2976/2734
f 1958/2976/2734 1959/2980/2738 1950/2981/2739
f 1958/2976/2734 1950/2981/2739 1949/2977/2735
f 1949/2977/2735 1950/2981/2739 1939/2982/2740
f 1949/2977/2735 1939/2982/2740 1940/2978/2736
f 1847/2979/2737 1846/2983/2741 1959/2980/2738
f 1959/2980/2738 1846/2983/2741 1951/2984/2742
f 1959/2980/2738 1951/2984/2742 1950/2981/2739
f 1950/2981/2739 1951/2984/2742 1938/2985/2743
f 1950/2981/2739 1938/2985/2743 1939/2982/2740
f 1846/2983/2741 1845/2986/2744 1951/2984/2742
f 1951/2984/2742 1845/2986/2744 1844/2987/2745
f 1951/2984/2742 1844/2987/2745 1938/2985/2743
f 1946/2948/2706 1945/2946/2704 1954/2988/2746
f 1954/2988/2746 1945/2946/2704 1953/2945/2703
f 1954/2988/2746 1953/2945/2703 1962/2970/2728
f 1947/2950/2708 1946/2948/2706 1955/2989/2747
f 1955/2989/2747 1946/2948/2706 1954/2988/2746
f 1955/2989/2747 1954/2988/2746 1963/2990/2748
f 1963/2990/2748 1954/2988/2746 1962/2970/2728
f 1963/2990/2748 1962/2970/2728 1971/2968/2726
f 1947/2950/2708 1955/2989/2747 1956/2952/2710
f 1956/2952/2710 1955/2989/2747 1964/2991/2749
f 1956/2952/2710 1964/2991/2749 1965/2954/2712
f 1965/2954/2712 1964/2991/2749 1973/2992/2750
f 1965/2954/2712 1973/2992/2750 1974/2956/2714
f 1974/2956/2714 1973/2992/2750 1982/2962/2720
f 1974/2956/2714 1982/2962/2720 1983/2958/2716
f 1964/2991/2749 1955/2989/2747 1963/2990/2748
f 1964/2991/2749 1963/2990/2748 1972/2993/2751
f 1972/2993/2751 1963/2990/2748 1971/2968/2726
f 1972/2993/2751 1971/2968/2726 1980/2966/2724
f 1964/2991/2749 1972/2993/2751 1973/2992/2750
f 1973/2992/2750 1972/2993/2751 1981/2964/2722
f 1973/2992/2750 1981/2964/2722 1982/2962/2720
f 1981/2964/2722 1972/2993/2751 1980/2966/2724
f 1850/2994/2718 1937/2995/2719 1851/2996/2752
f 1851/2996/2752 1937/2995/2719 1918/2997/2753
f 1851/2996/2752 1918/2997/2753 1991/2998/2754
f 1918/2997/2753 1937/2995/2719 1990/2999/2755
f 1990/2999/2755 1937/2995/2719 1936/3000/2721
f 1990/2999/2755 1936/3000/2721 1989/3001/2756
f 1989/3001/2756 1936/3000/2721 1935/3002/2723
f 1989/3001/2756 1935/3002/2723 1988/3003/2757
f 1988/3003/2757 1935/3002/2723 1934/3004/2731
f 1988/3003/2757 1934/3004/2731 1987/3005/2758
f 1987/3005/2758 1934/3004/2731 1933/3006/2729
f 1987/3005/2758 1933/3006/2729 1986/3007/2759
f 1986/3007/2759 1933/3006/2729 1932/3008/2699
f 1986/3007/2759 1932/3008/2699 1985/3009/2760
f 1985/3009/2760 1932/3008/2699 1931/3010/2698
f 1985/3009/2760 1931/3010/2698 1984/3011/2761
f 1990/2999/2755 1919/3012/2762 1918/2997/2753
f 1992/3013/2763 1993/3014/2764 1991/2998/2754
f 1991/2998/2754 1993/3014/2764 1996/3015/2765
f 1991/2998/2754 1996/3015/2765 1851/2996/2752
f 1993/3014/2764 1994/3016/2766 1996/3015/2765
f 1996/3015/2765 1994/3016/2766 1995/3017/2767
f 1786/3018/2768 1782/3019/2769 1787/3020/2770
f 1787/3020/2770 1782/3019/2769 1781/3021/2771
f 1787/3020/2770 1781/3021/2771 1864/3022/2772
f 1864/3022/2772 1781/3021/2771 1843/3023/2773
f 1864/3022/2772 1843/3023/2773 1865/3024/2774
f 1865/3024/2774 1843/3023/2773 1866/3025/2775
f 1866/3025/2775 1843/3023/2773 1867/3026/2776
f 1867/3026/2776 1843/3023/2773 1868/3027/2777
f 1868/3027/2777 1843/3023/2773 1869/3028/2778
f 1782/3019/2769 1786/3018/2768 1783/3029/2779
f 1783/3029/2779 1786/3018/2768 1785/3030/2780
f 1783/3029/2779 1785/3030/2780 1784/3031/2781
f 1787/3020/2770 1864/3022/2772 1925/3032/2782
f 1925/3032/2782 1864/3022/2772 1917/3033/2783
f 1925/3032/2782 1917/3033/2783 1931/3034/2784
f 1931/3034/2784 1917/3033/2783 1984/3035/2785
f 1984/3035/2785 1917/3033/2783 2001/3036/2786
f 2001/3036/2786 1917/3033/2783 2000/3037/2787
f 2000/3037/2787 1917/3033/2783 1997/3038/2788
f 2000/3037/2787 1997/3038/2788 1998/3039/2789
f 1998/3039/2789 1999/3040/2790 2000/3037/2787
f 1931/3034/2784 1930/3041/2791 1925/3032/2782
f 1925/3032/2782 1930/3041/2791 1929/3042/2792
f 1925/3032/2782 1929/3042/2792 1928/3043/2793
f 1928/3043/2793 1927/3044/2794 1925/3032/2782
f 1925/3032/2782 1927/3044/2794 1926/3045/2795
f 1985/3046/2760 1984/3047/2761 2002/3048/2796
f 2002/3048/2796 1984/3047/2761 2001/3049/2797
f 2002/3048/2796 2001/3049/2797 2010/3050/2798
f 2010/3050/2798 2001/3049/2797 2000/3051/2799
f 2010/3050/2798 2000/3051/2799 2018/3052/2800
f 2018/3052/2800 2000/3051/2799 1999/3053/2801
f 2018/3052/2800 1999/3053/2801 2026/3054/2802
f 2026/3054/2802 1999/3053/2801 1998/3055/2803
f 2026/3054/2802 1998/3055/2803 2034/3056/2804
f 2034/3056/2804 1998/3055/2803 1997/3057/2805
f 2034/3056/2804 1997/3057/2805 1917/3058/2662
f 1917/3058/2662 1916/3059/2663 2034/3056/2804
f 2034/3056/2804 1916/3059/2663 2035/3060/2806
f 2034/3056/2804 2035/3060/2806 2026/3054/2802
f 2026/3054/2802 2035/3060/2806 2027/3061/2807
f 2026/3054/2802 2027/3061/2807 2018/3052/2800
f 2018/3052/2800 2027/3061/2807 2019/3062/2808
f 2018/3052/2800 2019/3062/2808 2010/3050/2798
f 2010/3050/2798 2019/3062/2808 2011/3063/2809
f 2010/3050/2798 2011/3063/2809 2002/3048/2796
f 2002/3048/2796 2011/3063/2809 2003/3064/2810
f 2002/3048/2796 2003/3064/2810 1985/3046/2760
f 1985/3046/2760 2003/3064/2810 1986/3065/2759
f 1986/3065/2759 2003/3064/2810 2004/3066/2811
f 1986/3065/2759 2004/3066/2811 1987/3067/2758
f 1987/3067/2758 2004/3066/2811 2005/3068/2812
f 1987/3067/2758 2005/3068/2812 2006/3069/2813
f 2006/3069/2813 2005/3068/2812 2014/3070/2814
f 2006/3069/2813 2014/3070/2814 2015/3071/2815
f 2015/3071/2815 2014/3070/2814 2023/3072/2816
f 2015/3071/2815 2023/3072/2816 2024/3073/2817
f 2024/3073/2817 2023/3072/2816 2032/3074/2818
f 2024/3073/2817 2032/3074/2818 2033/3075/2819
f 2033/3075/2819 2032/3074/2818 2041/3076/2820
f 2033/3075/2819 2041/3076/2820 1924/3077/2821
f 1924/3077/2821 2041/3076/2820 1910/3078/2669
f 1910/3078/2669 2041/3076/2820 1911/3079/2668
f 1911/3079/2668 2041/3076/2820 2040/3080/2822
f 1911/3079/2668 2040/3080/2822 1912/3081/2667
f 1912/3081/2667 2040/3080/2822 2039/3082/2823
f 1912/3081/2667 2039/3082/2823 1913/3083/2666
f 1913/3083/2666 2039/3082/2823 2038/3084/2824
f 1913/3083/2666 2038/3084/2824 2037/3085/2825
f 2037/3085/2825 2038/3084/2824 2029/3086/2826
f 2037/3085/2825 2029/3086/2826 2028/3087/2827
f 2028/3087/2827 2029/3086/2826 2020/3088/2828
f 2028/3087/2827 2020/3088/2828 2019/3062/2808
f 2019/3062/2808 2020/3088/2828 2011/3063/2809
f 1916/3059/2663 1915/3089/2664 2035/3060/2806
f 2035/3060/2806 1915/3089/2664 2036/3090/2829
f 2035/3060/2806 2036/3090/2829 2027/3061/2807
f 2027/3061/2807 2036/3090/2829 2028/3087/2827
f 2027/3061/2807 2028/3087/2827 2019/3062/2808
f 1915/3089/2664 1914/3091/2665 2036/3090/2829
f 2036/3090/2829 1914/3091/2665 2037/3085/2825
f 2036/3090/2829 2037/3085/2825 2028/3087/2827
f 1914/3091/2665 1913/3083/2666 2037/3085/2825
f 1924/3077/2821 1923/3092/2830 2033/3075/2819
f 2033/3075/2819 1923/3092/2830 2025/3093/2831
f 2033/3075/2819 2025/3093/2831 2024/3073/2817
f 2024/3073/2817 2025/3093/2831 2016/3094/2832
f 2024/3073/2817 2016/3094/2832 2015/3071/2815
f 2015/3071/2815 2016/3094/2832 2007/3095/2833
f 2015/3071/2815 2007/3095/2833 2006/3069/2813
f 2006/3069/2813 2007/3095/2833 1988/3096/2757
f 2006/3069/2813 1988/3096/2757 1987/3067/2758
f 1923/3092/2830 1922/3097/2834 2025/3093/2831
f 2025/3093/2831 1922/3097/2834 2017/3098/2835
f 2025/3093/2831 2017/3098/2835 2016/3094/2832
f 2016/3094/2832 2017/3098/2835 2008/3099/2836
f 2016/3094/2832 2008/3099/2836 2007/3095/2833
f 2007/3095/2833 2008/3099/2836 1989/3100/2756
f 2007/3095/2833 1989/3100/2756 1988/3096/2757
f 1922/3097/2834 1921/3101/2837 2017/3098/2835
f 2017/3098/2835 1921/3101/2837 2009/3102/2838
f 2017/3098/2835 2009/3102/2838 2008/3099/2836
f 2008/3099/2836 2009/3102/2838 1990/3103/2755
f 2008/3099/2836 1990/3103/2755 1989/3100/2756
f 1921/3101/2837 1920/3104/2839 2009/3102/2838
f 2009/3102/2838 1920/3104/2839 1919/3105/2762
f 2009/3102/2838 1919/3105/2762 1990/3103/2755
f 2004/3066/2811 2003/3064/2810 2012/3106/2840
f 2012/3106/2840 2003/3064/2810 2011/3063/2809
f 2012/3106/2840 2011/3063/2809 2020/3088/2828
f 2005/3068/2812 2004/3066/2811 2013/3107/2841
f 2013/3107/2841 2004/3066/2811 2012/3106/2840
f 2013/3107/2841 2012/3106/2840 2021/3108/2842
f 2021/3108/2842 2012/3106/2840 2020/3088/2828
f 2021/3108/2842 2020/3088/2828 2029/3086/2826
f 2005/3068/2812 2013/3107/2841 2014/3070/2814
f 2014/3070/2814 2013/3107/2841 2022/3109/2843
f 2014/3070/2814 2022/3109/2843 2023/3072/2816
f 2023/3072/2816 2022/3109/2843 2031/3110/2844
f 2023/3072/2816 2031/3110/2844 2032/3074/2818
f 2032/3074/2818 2031/3110/2844 2040/3080/2822
f 2032/3074/2818 2040/3080/2822 2041/3076/2820
f 2022/3109/2843 2013/3107/2841 2021/3108/2842
f 2022/3109/2843 2021/3108/2842 2030/3111/2845
f 2030/3111/2845 2021/3108/2842 2029/3086/2826
f 2030/3111/2845 2029/3086/2826 2038/3084/2824
f 2022/3109/2843 2030/3111/2845 2031/3110/2844
f 2031/3110/2844 2030/3111/2845 2039/3082/2823
f 2031/3110/2844 2039/3082/2823 2040/3080/2822
f 2039/3082/2823 2030/3111/2845 2038/3084/2824
f 2053/3112/2846 2042/3113/2847 2052/3114/2848
f 2052/3114/2848 2042/3113/2847 2043/3115/2849
f 2052/3114/2848 2043/3115/2849 2051/3116/2850
f 2051/3116/2850 2043/3115/2849 2044/3117/2851
f 2051/3116/2850 2044/3117/2851 2050/3118/2852
f 2050/3118/2852 2044/3117/2851 2045/3119/2853
f 2050/3118/2852 2045/3119/2853 2049/3120/2854
f 2049/3120/2854 2045/3119/2853 2046/3121/2855
f 2049/3120/2854 2046/3121/2855 2048/3122/2856
f 2048/3122/2856 2046/3121/2855 2047/3123/2857
f 2048/3122/2856 2047/3123/2857 1993/3124/2764
f 1993/3124/2764 2047/3123/2857 1994/3125/2766
f 2047/3126/2858 2042/3127/2859 1994/3128/2860
f 1994/3128/2860 2042/3127/2859 2055/3129/2861
f 1994/3128/2860 2055/3129/2861 1995/3130/2862
f 2047/3126/2858 2046/3131/2863 2042/3127/2859
f 2042/3127/2859 2046/3131/2863 2045/3132/2864
f 2042/3127/2859 2045/3132/2864 2044/3133/2865
f 2044/3133/2865 2043/3134/2866 2042/3127/2859
f 2042/3127/2859 2054/3135/2867 2055/3129/2861
f 1991/3136/2868 1918/3137/2869 2056/3138/2870
f 2056/3138/2870 1918/3137/2869 1835/3139/2871
f 1992/3140/2872 1991/3141/2873 2057/3142/2874
f 2057/3142/2874 1991/3141/2873 2056/3143/2875
f 1996/3144/2876 1995/3145/2877 2058/3146/2878
f 2058/3146/2878 1995/3145/2877 2055/3147/2879
f 1851/3148/2880 1996/3149/2881 1834/3150/2882
f 1834/3150/2882 1996/3149/2881 2058/3151/2883
f 2052/3152/2884 2051/3153/2885 2053/3154/2886
f 2053/3154/2886 2051/3153/2885 2050/3155/2887
f 2053/3154/2886 2050/3155/2887 2049/3156/2888
f 2049/3156/2888 2048/3157/2889 2053/3154/2886
f 2053/3154/2886 2048/3157/2889 1993/3158/2890
f 2053/3154/2886 1993/3158/2890 2057/3159/2891
f 2057/3159/2891 1993/3158/2890 1992/3160/2892
f 2057/3159/2891 2059/3161/2893 2053/3154/2886
f 1835/3162/2894 1834/3163/2895 2056/3164/2896
f 2056/3164/2896 1834/3163/2895 2058/3165/2897
f 2056/3164/2896 2058/3165/2897 2059/3166/2898
f 2059/3166/2898 2058/3165/2897 2054/3167/2899
f 2054/3167/2899 2058/3165/2897 2055/3168/2900
f 2059/3166/2898 2057/3169/2901 2056/3164/2896
f 2042/3170/2847 2053/3171/2846 2054/3172/2902
f 2054/3172/2902 2053/3171/2846 2059/3173/2903
f 1768/3174/2513 1793/3175/2512 1844/3176/2745
f 1844/3176/2745 1793/3175/2512 1938/3177/2743
f 1938/3177/2743 1793/3175/2512 1792/3178/2574
f 1938/3177/2743 1792/3178/2574 1939/3179/2740
f 1939/3179/2740 1792/3178/2574 1791/3180/2568
f 1939/3179/2740 1791/3180/2568 1940/3181/2736
f 1940/3181/2736 1791/3180/2568 1790/3182/2563
f 1940/3181/2736 1790/3182/2563 1941/3183/2707
f 1941/3183/2707 1790/3182/2563 1789/3184/2540
f 1941/3183/2707 1789/3184/2540 1942/3185/2705
f 1942/3185/2705 1789/3184/2540 1788/3186/2541
f 1942/3185/2705 1788/3186/2541 1943/3187/2686
f 1943/3187/2686 1788/3186/2541 1787/3188/2543
f 1943/3187/2686 1787/3188/2543 1925/3189/2687
g Body1:5

v 219.999458 91.200000 72.000000
v 219.611277 91.251069 72.000001
v 219.249617 91.400798 72.000001
v 218.939093 91.638998 72.000001
v 218.700842 91.949455 72.000001
v 218.551080 92.311037 72.000001
v 218.500000 92.699133 72.000000
v 218.857143 92.984847 61.714286
v 219.214286 93.270561 51.428571
v 219.571429 93.556276 41.142857
v 219.928571 93.841990 30.857143
v 220.285714 94.127704 20.571429
v 220.642857 94.413418 10.285714
v 221.000000 94.699133 0.000000
v 221.051080 94.311037 0.000000
v 221.200842 93.949455 0.000000
v 221.439093 93.638998 0.000000
v 221.749617 93.400798 0.000000
v 222.111277 93.251069 0.000000
v 222.499458 93.200000 0.000000
v 222.142315 92.914286 10.285714
v 221.785172 92.628571 20.571429
v 221.428029 92.342857 30.857143
v 221.070886 92.057143 41.142857
v 220.713743 91.771429 51.428571
v 220.356601 91.485714 61.714286
v 219.888715 91.473018 64.009810
v 220.166587 91.695316 56.007079
v 220.444460 91.917615 48.004348
v 220.722332 92.139913 40.001617
v 221.000205 92.362211 31.998887
v 221.278078 92.584509 23.996156
v 221.555950 92.806807 15.993425
v 221.833823 93.029105 7.990695
v 219.527345 91.622981 64.001428
v 219.805218 91.845279 55.998697
v 220.083091 92.067577 47.995966
v 220.360963 92.289875 39.993235
v 220.638836 92.512173 31.990505
v 220.916708 92.734471 23.987774
v 221.194581 92.956770 15.985043
v 221.472454 93.179068 7.982313
v 219.216966 91.861296 63.997270
v 219.494839 92.083594 55.994540
v 219.772711 92.305892 47.991809
v 220.050584 92.528190 39.989078
v 220.328456 92.750489 31.986348
v 220.606329 92.972787 23.983617
v 220.884202 93.195085 15.980886
v 221.162074 93.417383 7.978155
v 218.978702 92.171743 63.997621
v 219.256575 92.394041 55.994890
v 219.534448 92.616339 47.992159
v 219.812320 92.838637 39.989429
v 220.090193 93.060935 31.986698
v 220.368065 93.283233 23.983967
v 220.645938 93.505531 15.981237
v 220.923811 93.727830 7.978506
v 218.828772 92.533191 64.002455
v 219.106645 92.755489 55.999724
v 219.384517 92.977787 47.996994
v 219.662390 93.200085 39.994263
v 219.940263 93.422383 31.991532
v 220.218135 93.644681 23.988802
v 220.496008 93.866979 15.986071
v 220.773880 94.089277 7.983340
v 220.500000 91.200000 72.000001
v 220.500000 97.200000 72.000001
v 220.000904 97.200000 72.000001
v 219.612441 97.148889 72.000001
v 219.250452 96.999038 72.000001
v 218.939605 96.760660 72.000001
v 218.701083 96.450000 72.000001
v 218.551142 96.088229 72.000001
v 218.500000 95.700000 72.000000
v 223.500000 93.200000 0.000000
v 223.500000 92.914286 10.285714
v 223.500000 92.628571 20.571429
v 223.500000 92.342857 30.857143
v 223.500000 92.057143 41.142857
v 223.500000 91.771429 51.428571
v 223.500000 91.485714 61.714286
v 223.500000 91.200000 72.000000
v 223.000000 91.200000 72.000001
v 225.000000 92.700579 72.000001
v 224.948889 92.312200 72.000001
v 224.799038 91.950289 72.000001
v 224.560660 91.639509 72.000001
v 224.250000 91.401039 72.000001
v 223.888229 91.251131 72.000001
v 223.888229 93.251131 0.000000
v 224.250000 93.401039 0.000000
v 224.560660 93.639509 0.000000
v 224.799038 93.950289 0.000000
v 224.948889 94.312200 0.000000
v 225.000000 94.700579 0.000000
v 225.000000 94.414864 10.285714
v 225.000000 94.129150 20.571429
v 225.000000 93.843436 30.857143
v 225.000000 93.557721 41.142858
v 225.000000 93.272007 51.428572
v 225.000000 92.986293 61.714287
v 224.948889 92.533694 64.026243
v 224.948889 92.756044 56.021615
v 224.948889 92.978395 48.016987
v 224.948889 93.200746 40.012359
v 224.948889 93.423097 32.007731
v 224.948889 93.645447 24.003104
v 224.948889 93.867798 15.998476
v 224.948889 94.090149 7.993848
v 224.799038 92.172062 64.016197
v 224.799038 92.394412 56.011570
v 224.799038 92.616763 48.006942
v 224.799038 92.839114 40.002314
v 224.799038 93.061465 31.997686
v 224.799038 93.283815 23.993058
v 224.799038 93.506166 15.988430
v 224.799038 93.728517 7.983803
v 224.560660 91.861521 64.007571
v 224.560660 92.083872 56.002943
v 224.560660 92.306223 47.998316
v 224.560660 92.528574 39.993688
v 224.560660 92.750924 31.989060
v 224.560660 92.973275 23.984432
v 224.560660 93.195626 15.979804
v 224.560660 93.417977 7.975176
v 224.250000 91.623235 64.000952
v 224.250000 91.845586 55.996324
v 224.250000 92.067937 47.991697
v 224.250000 92.290288 39.987069
v 224.250000 92.512638 31.982441
v 224.250000 92.734989 23.977813
v 224.250000 92.957340 15.973185
v 224.250000 93.179691 7.968557
v 223.888229 91.473442 63.996791
v 223.888229 91.695793 55.992164
v 223.888229 91.918144 47.987536
v 223.888229 92.140495 39.982908
v 223.888229 92.362845 31.978280
v 223.888229 92.585196 23.973652
v 223.888229 92.807547 15.969024
v 223.888229 93.029898 7.964396
v 225.000000 95.700000 72.000001
v 224.948889 96.088229 72.000001
v 224.799038 96.450000 72.000001
v 224.560660 96.760660 72.000001
v 224.250000 96.999038 72.000001
v 223.888229 97.148889 72.000001
v 223.500000 97.200000 72.000001
v 223.000000 97.200000 72.000001
v 222.500904 97.200000 0.000000
v 222.112441 97.148889 0.000000
v 221.750452 96.999038 0.000000
v 221.439605 96.760660 0.000000
v 221.201083 96.450000 0.000000
v 221.051142 96.088229 0.000000
v 221.000000 95.700000 0.000000
v 220.642857 95.700000 10.285714
v 220.285714 95.700000 20.571429
v 219.928571 95.700000 30.857143
v 219.571429 95.700000 41.142857
v 219.214286 95.700000 51.428571
v 218.857143 95.700000 61.714286
v 220.358047 97.200000 61.714287
v 220.715190 97.200000 51.428572
v 221.072333 97.200000 41.142858
v 221.429475 97.200000 30.857143
v 221.786618 97.200000 20.571429
v 222.143761 97.200000 10.285714
v 221.834931 97.148889 7.992312
v 221.556952 97.148889 15.998095
v 221.278973 97.148889 24.003879
v 221.000995 97.148889 32.009662
v 220.723016 97.148889 40.015446
v 220.445038 97.148889 48.021229
v 220.167059 97.148889 56.027013
v 219.889080 97.148889 64.032796
v 221.473377 96.999038 7.979758
v 221.195398 96.999038 15.985541
v 220.917420 96.999038 23.991325
v 220.639441 96.999038 31.997108
v 220.361463 96.999038 40.002892
v 220.083484 96.999038 48.008675
v 219.805505 96.999038 56.014459
v 219.527527 96.999038 64.020242
v 221.162904 96.760660 7.968977
v 220.884925 96.760660 15.974761
v 220.606947 96.760660 23.980544
v 220.328968 96.760660 31.986328
v 220.050990 96.760660 39.992111
v 219.773011 96.760660 47.997895
v 219.495032 96.760660 56.003679
v 219.217054 96.760660 64.009462
v 220.924670 96.450000 7.960705
v 220.646691 96.450000 15.966489
v 220.368712 96.450000 23.972272
v 220.090734 96.450000 31.978056
v 219.812755 96.450000 39.983839
v 219.534777 96.450000 47.989623
v 219.256798 96.450000 55.995407
v 218.978819 96.450000 64.001190
v 220.774909 96.088229 7.955505
v 220.496931 96.088229 15.961289
v 220.218952 96.088229 23.967072
v 219.940973 96.088229 31.972856
v 219.662995 96.088229 39.978639
v 219.385016 96.088229 47.984423
v 219.107038 96.088229 55.990207
v 218.829059 96.088229 63.995990
v 223.500000 97.200000 0.000000
v 223.888229 97.148889 0.000000
v 224.250000 96.999038 0.000000
v 224.560660 96.760660 0.000000
v 224.799038 96.450000 0.000000
v 224.948889 96.088229 0.000000
v 225.000000 95.700000 0.000000
v 220.500000 97.200000 75.000001
v 218.500000 97.200000 75.000001
v 218.500000 97.200000 78.000000
v 225.000000 97.200000 78.000000
v 225.000000 97.200000 75.000001
v 223.000000 97.200000 75.000001
v 223.500000 97.200000 61.714287
v 223.500000 97.200000 51.428572
v 223.500000 97.200000 41.142858
v 223.500000 97.200000 30.857143
v 223.500000 97.200000 20.571429
v 223.500000 97.200000 10.285714
v 225.000000 95.700000 61.714287
v 225.000000 95.700000 51.428572
v 225.000000 95.700000 41.142858
v 225.000000 95.700000 30.857143
v 225.000000 95.700000 20.571429
v 225.000000 95.700000 10.285714
v 224.948889 96.088229 8.000000
v 224.948889 96.088229 16.000000
v 224.948889 96.088229 24.000000
v 224.948889 96.088229 32.000000
v 224.948889 96.088229 40.000001
v 224.948889 96.088229 48.000001
v 224.948889 96.088229 56.000001
v 224.948889 96.088229 64.000001
v 224.799038 96.450000 8.000000
v 224.799038 96.450000 16.000000
v 224.799038 96.450000 24.000000
v 224.799038 96.450000 32.000000
v 224.799038 96.450000 40.000001
v 224.799038 96.450000 48.000001
v 224.799038 96.450000 56.000001
v 224.799038 96.450000 64.000001
v 224.560660 96.760660 8.000000
v 224.560660 96.760660 16.000000
v 224.560660 96.760660 24.000000
v 224.560660 96.760660 32.000000
v 224.560660 96.760660 40.000001
v 224.560660 96.760660 48.000001
v 224.560660 96.760660 56.000001
v 224.560660 96.760660 64.000001
v 224.250000 96.999038 8.000000
v 224.250000 96.999038 16.000000
v 224.250000 96.999038 24.000000
v 224.250000 96.999038 32.000000
v 224.250000 96.999038 40.000001
v 224.250000 96.999038 48.000001
v 224.250000 96.999038 56.000001
v 224.250000 96.999038 64.000001
v 223.888229 97.148889 8.000000
v 223.888229 97.148889 16.000000
v 223.888229 97.148889 24.000000
v 223.888229 97.148889 32.000000
v 223.888229 97.148889 40.000001
v 223.888229 97.148889 48.000001
v 223.888229 97.148889 56.000001
v 223.888229 97.148889 64.000001
v 218.500000 97.148889 78.388229
v 218.500000 96.999038 78.750000
v 218.500000 96.760660 79.060660
v 218.500000 96.450000 79.299038
v 218.500000 96.088229 79.448889
v 218.500000 95.700000 79.500000
v 225.000000 95.700000 79.500000
v 225.000000 96.088229 79.448889
v 225.000000 96.450000 79.299038
v 225.000000 96.760660 79.060660
v 225.000000 96.999038 78.750000
v 225.000000 97.148889 78.388229
v 218.500000 91.200000 79.500000
v 225.000000 91.200000 79.500000
v 218.500000 91.200000 75.000001
v 223.000000 91.200000 75.000001
v 225.000000 91.200000 75.000001
v 220.500000 91.200000 75.000001
vt -61.778755 1.177375 0.000000
vt -72.074633 1.177375 0.000000
vt -64.088595 0.784916 0.000000
vt -72.086682 0.784916 0.000000
vt -64.088595 0.392458 0.000000
vt -72.095072 0.392458 0.000000
vt -64.088595 0.000000 0.000000
vt -72.099234 0.000000 0.000000
vt -72.098883 -0.392458 0.000000
vt -64.088595 -0.392458 0.000000
vt -72.094044 -0.784916 0.000000
vt -64.088595 -0.784916 0.000000
vt -72.085045 -1.177375 0.000000
vt -61.789167 -1.177375 0.000000
vt -56.077957 -0.784916 0.000000
vt -51.493289 -1.177375 0.000000
vt -48.067318 -0.784916 0.000000
vt -41.197411 -1.177375 0.000000
vt -40.056680 -0.784916 0.000000
vt -32.046041 -0.784916 0.000000
vt -40.056680 -0.392458 0.000000
vt -32.046041 -0.392458 0.000000
vt -40.056680 0.000000 0.000000
vt -32.046041 0.000000 0.000000
vt -32.046041 0.392458 0.000000
vt -24.035403 0.392458 0.000000
vt -24.035403 0.784916 0.000000
vt -16.024764 0.784916 0.000000
vt -20.595243 1.177375 0.000000
vt -10.299366 1.177375 0.000000
vt -8.014126 0.784916 0.000000
vt -0.003488 1.177375 0.000000
vt -0.015536 0.784916 0.000000
vt -0.023926 0.392458 0.000000
vt -8.014126 0.392458 0.000000
vt -0.028087 0.000000 0.000000
vt -8.014126 0.000000 0.000000
vt -8.014126 -0.392458 0.000000
vt -16.024764 0.000000 0.000000
vt -16.024764 -0.392458 0.000000
vt -24.035403 0.000000 0.000000
vt -24.035403 -0.392458 0.000000
vt -30.901533 -1.177375 0.000000
vt -24.035403 -0.784916 0.000000
vt -20.605655 -1.177375 0.000000
vt -16.024764 -0.784916 0.000000
vt -10.309777 -1.177375 0.000000
vt -8.014126 -0.784916 0.000000
vt -0.013899 -1.177375 0.000000
vt -0.022897 -0.784916 0.000000
vt -0.027736 -0.392458 0.000000
vt -30.891121 1.177375 0.000000
vt -32.046041 0.784916 0.000000
vt -40.056680 0.392458 0.000000
vt -48.067318 0.000000 0.000000
vt -48.067318 -0.392458 0.000000
vt -41.186999 1.177375 0.000000
vt -40.056680 0.784916 0.000000
vt -48.067318 0.392458 0.000000
vt -56.077957 0.000000 0.000000
vt -56.077957 -0.392458 0.000000
vt -48.067318 0.784916 0.000000
vt -51.482877 1.177375 0.000000
vt -56.077957 0.784916 0.000000
vt -56.077957 0.392458 0.000000
vt -16.024764 0.392458 0.000000
vt -0.051080 4.888963 0.000000
vt -0.200842 5.250545 0.000000
vt -0.000000 4.500867 0.000000
vt -0.439093 5.561002 0.000000
vt -0.439605 0.439340 0.000000
vt -0.750452 0.200962 0.000000
vt -0.749617 5.799202 0.000000
vt -1.112441 0.051111 0.000000
vt -1.111277 5.948931 0.000000
vt -1.500904 0.000000 0.000000
vt -1.499458 6.000000 0.000000
vt -2.000000 6.000000 0.000000
vt -2.000000 0.000000 0.000000
vt -0.000000 1.500000 0.000000
vt -0.201083 0.750000 0.000000
vt -0.051142 1.111771 0.000000
vt 72.027772 1.000542 0.000000
vt 61.738091 0.643399 0.000000
vt 72.027774 0.500000 0.000000
vt 72.027774 -2.000000 0.000000
vt 61.738091 -2.500000 0.000000
vt 72.027772 -2.500000 0.000000
vt 51.448409 0.286257 0.000000
vt 51.448409 -2.500000 0.000000
vt 41.158727 -0.070886 0.000000
vt 41.158727 -2.500000 0.000000
vt 30.869045 -0.428029 0.000000
vt 30.869045 -2.500000 0.000000
vt 20.579364 -0.785172 0.000000
vt 20.579364 -2.500000 0.000000
vt 10.289682 -1.142315 0.000000
vt 10.289682 -2.500000 0.000000
vt 0.000000 -1.499458 0.000000
vt -0.000000 -2.500000 0.000000
vt -61.696425 1.178097 0.000000
vt -71.986107 1.178097 0.000000
vt -64.020057 0.785398 0.000000
vt -71.996891 0.785398 0.000000
vt -64.020057 0.392699 0.000000
vt -72.006940 0.392699 0.000000
vt -64.020057 0.000000 0.000000
vt -72.015570 0.000000 0.000000
vt -64.020057 -0.392699 0.000000
vt -72.022191 -0.392699 0.000000
vt -64.020057 -0.785398 0.000000
vt -72.026354 -0.785398 0.000000
vt -72.027772 -1.178097 0.000000
vt -61.738091 -1.178097 0.000000
vt -56.012342 -0.785398 0.000000
vt -56.012342 -0.392699 0.000000
vt -56.012342 0.000000 0.000000
vt -56.012342 0.392699 0.000000
vt -56.012342 0.785398 0.000000
vt -51.406743 1.178097 0.000000
vt -48.004626 0.785398 0.000000
vt -41.117061 1.178097 0.000000
vt -39.996911 0.785398 0.000000
vt -31.989195 0.785398 0.000000
vt -31.989195 0.392699 0.000000
vt -23.981480 0.392699 0.000000
vt -23.981480 0.000000 0.000000
vt -15.973764 0.000000 0.000000
vt -15.973764 -0.392699 0.000000
vt -7.966049 -0.392699 0.000000
vt -7.966049 -0.785398 0.000000
vt 0.001420 -0.785398 0.000000
vt 0.000000 -1.178097 0.000000
vt -10.289682 -1.178097 0.000000
vt -15.973764 -0.785398 0.000000
vt -20.579364 -1.178097 0.000000
vt -23.981480 -0.785398 0.000000
vt -30.869045 -1.178097 0.000000
vt -31.989195 -0.785398 0.000000
vt -39.996911 -0.785398 0.000000
vt -39.996911 -0.392699 0.000000
vt -48.004626 -0.392699 0.000000
vt -48.004626 0.000000 0.000000
vt -51.448409 -1.178097 0.000000
vt -48.004626 -0.785398 0.000000
vt -41.158727 -1.178097 0.000000
vt 0.005582 -0.392699 0.000000
vt -7.966049 0.000000 0.000000
vt -15.973764 0.392699 0.000000
vt -23.981480 0.785398 0.000000
vt -30.827379 1.178097 0.000000
vt 0.012204 0.000000 0.000000
vt -7.966049 0.392699 0.000000
vt -15.973764 0.785398 0.000000
vt -20.537697 1.178097 0.000000
vt 0.020833 0.392699 0.000000
vt -7.966049 0.785398 0.000000
vt -10.248015 1.178097 0.000000
vt 0.030883 0.785398 0.000000
vt 0.041667 1.178097 0.000000
vt -48.004626 0.392699 0.000000
vt -39.996911 0.392699 0.000000
vt -39.996911 0.000000 0.000000
vt -31.989195 0.000000 0.000000
vt -23.981480 -0.392699 0.000000
vt -31.989195 -0.392699 0.000000
vt -0.888229 5.948869 0.000000
vt -0.500000 0.000000 0.000000
vt -0.500000 6.000000 0.000000
vt -0.000000 0.000000 0.000000
vt -0.000000 6.000000 0.000000
vt -0.888229 0.051111 0.000000
vt -1.250000 5.798961 0.000000
vt -1.250000 0.200962 0.000000
vt -1.560660 5.560491 0.000000
vt -1.560660 0.439340 0.000000
vt -2.000000 4.499421 0.000000
vt -2.000000 1.500000 0.000000
vt -1.799038 5.249711 0.000000
vt -1.948889 4.887800 0.000000
vt -1.948889 1.111771 0.000000
vt -1.799038 0.750000 0.000000
vt -10.309232 -1.178097 0.000000
vt -0.017319 -1.178097 0.000000
vt -8.027927 -0.785398 0.000000
vt -0.030799 -0.785398 0.000000
vt -0.043361 -0.392699 0.000000
vt -8.027927 -0.392699 0.000000
vt -0.054148 -0.000000 0.000000
vt -8.027927 -0.000000 0.000000
vt -0.062425 0.392699 0.000000
vt -8.027927 0.392699 0.000000
vt -0.067628 0.785398 0.000000
vt -8.027927 0.785398 0.000000
vt -0.069403 1.178097 0.000000
vt -10.361315 1.178097 0.000000
vt -16.038536 0.785398 0.000000
vt -20.653228 1.178097 0.000000
vt -24.049144 0.785398 0.000000
vt -30.945141 1.178097 0.000000
vt -32.059752 0.785398 0.000000
vt -40.070360 0.785398 0.000000
vt -32.059752 0.392699 0.000000
vt -40.070360 0.392699 0.000000
vt -32.059752 -0.000000 0.000000
vt -40.070360 -0.000000 0.000000
vt -32.059752 -0.392699 0.000000
vt -40.070360 -0.392699 0.000000
vt -32.059752 -0.785398 0.000000
vt -40.070360 -0.785398 0.000000
vt -41.184971 -1.178097 0.000000
vt -48.080968 -0.785398 0.000000
vt -51.476884 -1.178097 0.000000
vt -56.091576 -0.785398 0.000000
vt -61.768797 -1.178097 0.000000
vt -64.102184 -0.785398 0.000000
vt -72.060710 -1.178097 0.000000
vt -72.074190 -0.785398 0.000000
vt -64.102184 -0.392699 0.000000
vt -72.086752 -0.392699 0.000000
vt -64.102184 0.000000 0.000000
vt -72.097539 0.000000 0.000000
vt -64.102184 0.392699 0.000000
vt -72.105816 0.392699 0.000000
vt -64.102184 0.785398 0.000000
vt -72.111019 0.785398 0.000000
vt -72.112792 1.178097 0.000000
vt -61.820880 1.178097 0.000000
vt -56.091576 0.785398 0.000000
vt -51.528967 1.178097 0.000000
vt -48.080968 0.785398 0.000000
vt -41.237054 1.178097 0.000000
vt -30.893058 -1.178097 0.000000
vt -24.049144 -0.785398 0.000000
vt -24.049144 -0.392699 0.000000
vt -24.049144 -0.000000 0.000000
vt -24.049144 0.392699 0.000000
vt -20.601145 -1.178097 0.000000
vt -16.038536 -0.785398 0.000000
vt -16.038536 -0.392699 0.000000
vt -16.038536 -0.000000 0.000000
vt -16.038536 0.392699 0.000000
vt -48.080968 -0.392699 0.000000
vt -48.080968 -0.000000 0.000000
vt -48.080968 0.392699 0.000000
vt -56.091576 -0.392699 0.000000
vt -56.091576 0.000000 0.000000
vt -56.091576 0.392699 0.000000
vt -0.888723 1.948931 0.000000
vt -2.000000 0.500867 0.000000
vt -0.500542 2.000000 0.000000
vt 2.000000 0.499421 0.000000
vt 0.500000 2.000000 0.000000
vt 1.948889 0.887800 0.000000
vt 1.799038 1.249711 0.000000
vt -1.948920 0.888963 0.000000
vt -1.250383 1.799202 0.000000
vt -1.799158 1.250545 0.000000
vt -1.560907 1.561002 0.000000
vt -2.000000 -0.500000 0.000000
vt 2.000000 -0.500000 0.000000
vt -0.499096 -2.000000 0.000000
vt 0.500000 -2.000000 0.000000
vt -1.948858 -0.888229 0.000000
vt -1.798917 -1.250000 0.000000
vt -1.560395 -1.560660 0.000000
vt -1.249548 -1.799038 0.000000
vt -0.887559 -1.948889 0.000000
vt 0.888229 -1.948889 0.000000
vt 1.250000 -1.799038 0.000000
vt 1.948889 -0.888229 0.000000
vt 1.799038 -1.250000 0.000000
vt 1.560660 -1.560660 0.000000
vt 1.560660 1.560491 0.000000
vt 1.250000 1.798961 0.000000
vt 0.888229 1.948869 0.000000
vt 0.000000 1.500000 0.000000
vt 0.000000 2.499096 0.000000
vt -10.285714 1.500000 0.000000
vt -10.285714 2.856239 0.000000
vt -20.571429 1.500000 0.000000
vt -20.571429 3.213382 0.000000
vt -30.857143 1.500000 0.000000
vt -30.857143 3.570525 0.000000
vt -41.142858 1.500000 0.000000
vt -41.142858 3.927667 0.000000
vt -51.428572 1.500000 0.000000
vt -51.428572 4.284810 0.000000
vt -61.714287 1.500000 0.000000
vt -61.714287 4.641953 0.000000
vt -72.000001 2.000000 0.000000
vt -72.000001 4.500000 0.000000
vt -75.000001 4.500000 0.000000
vt -72.000001 4.999096 0.000000
vt -75.000001 6.500000 0.000000
vt -78.000000 6.500000 0.000000
vt -78.000000 0.000000 0.000000
vt -75.000001 2.000000 0.000000
vt -75.000001 0.000000 0.000000
vt -72.000001 1.500000 0.000000
vt -10.285714 -1.178097 0.000000
vt -0.000000 -1.178097 0.000000
vt -8.000000 -0.785398 0.000000
vt -0.000000 -0.785398 0.000000
vt -8.000000 -0.392699 0.000000
vt -0.000000 -0.392699 0.000000
vt -8.000000 0.000000 0.000000
vt -0.000000 0.000000 0.000000
vt -8.000000 0.392699 0.000000
vt -0.000000 0.392699 0.000000
vt -8.000000 0.785398 0.000000
vt -0.000000 0.785398 0.000000
vt -0.000000 1.178097 0.000000
vt -10.285714 1.178097 0.000000
vt -16.000000 0.785398 0.000000
vt -16.000000 0.392699 0.000000
vt -16.000000 0.000000 0.000000
vt -16.000000 -0.392699 0.000000
vt -16.000000 -0.785398 0.000000
vt -20.571429 -1.178097 0.000000
vt -24.000000 -0.785398 0.000000
vt -30.857143 -1.178097 0.000000
vt -32.000000 -0.785398 0.000000
vt -40.000001 -0.785398 0.000000
vt -40.000001 -0.392699 0.000000
vt -48.000001 -0.392699 0.000000
vt -48.000001 0.000000 0.000000
vt -56.000001 0.000000 0.000000
vt -56.000001 0.392699 0.000000
vt -64.000001 0.392699 0.000000
vt -64.000001 0.785398 0.000000
vt -72.000001 0.785398 0.000000
vt -72.000001 1.178097 0.000000
vt -61.714287 1.178097 0.000000
vt -56.000001 0.785398 0.000000
vt -51.428572 1.178097 0.000000
vt -48.000001 0.785398 0.000000
vt -41.142858 1.178097 0.000000
vt -40.000001 0.785398 0.000000
vt -32.000000 0.785398 0.000000
vt -32.000000 0.392699 0.000000
vt -24.000000 0.392699 0.000000
vt -24.000000 0.000000 0.000000
vt -20.571429 1.178097 0.000000
vt -24.000000 0.785398 0.000000
vt -30.857143 1.178097 0.000000
vt -72.000001 0.392699 0.000000
vt -64.000001 0.000000 0.000000
vt -56.000001 -0.392699 0.000000
vt -48.000001 -0.785398 0.000000
vt -41.142858 -1.178097 0.000000
vt -72.000001 0.000000 0.000000
vt -64.000001 -0.392699 0.000000
vt -56.000001 -0.785398 0.000000
vt -51.428572 -1.178097 0.000000
vt -72.000001 -0.392699 0.000000
vt -64.000001 -0.785398 0.000000
vt -61.714287 -1.178097 0.000000
vt -72.000001 -0.785398 0.000000
vt -72.000001 -1.178097 0.000000
vt -24.000000 -0.392699 0.000000
vt -32.000000 -0.392699 0.000000
vt -32.000000 0.000000 0.000000
vt -40.000001 0.000000 0.000000
vt -48.000001 0.392699 0.000000
vt -40.000001 0.392699 0.000000
vt 1.625000 1.178097 0.000000
vt -4.875000 1.178097 0.000000
vt 1.625000 0.785398 0.000000
vt -4.875000 0.785398 0.000000
vt 1.625000 0.392699 0.000000
vt -4.875000 0.392699 0.000000
vt 1.625000 0.000000 0.000000
vt -4.875000 0.000000 0.000000
vt 1.625000 -0.392699 0.000000
vt -4.875000 -0.392699 0.000000
vt 1.625000 -0.785398 0.000000
vt -4.875000 -0.785398 0.000000
vt 1.625000 -1.178097 0.000000
vt -4.875000 -1.178097 0.000000
vt -3.250000 -1.500000 0.000000
vt 3.250000 -1.500000 0.000000
vt -3.250000 3.000000 0.000000
vt 3.250000 3.000000 0.000000
vt 1.111771 7.448889 0.000000
vt 0.750000 7.299038 0.000000
vt 1.500000 7.500000 0.000000
vt 0.439340 7.060660 0.000000
vt 0.200962 6.750000 0.000000
vt 0.051111 6.388229 0.000000
vt 0.000000 6.000000 0.000000
vt 6.000000 3.000001 0.000000
vt -0.000000 3.000001 0.000000
vt 6.000000 7.500000 0.000000
vt -3.000000 0.000000 0.000000
vt -0.000000 0.000000 0.000000
vt -3.000000 6.000000 0.000000
vt -0.000000 6.000000 0.000000
vt -2.000000 0.000000 0.000000
vt -0.000000 0.000000 0.000000
vt -2.000000 6.000000 0.000000
vt -0.000000 6.000000 0.000000
vt -2.000000 0.000000 0.000000
vt -0.000000 0.000000 0.000000
vt -2.000000 6.000000 0.000000
vt -0.000000 6.000000 0.000000
vt -3.000000 0.000000 0.000000
vt -0.000000 0.000000 0.000000
vt -3.000000 6.000000 0.000000
vt -0.000000 6.000000 0.000000
vt 78.388229 -3.948889 0.000000
vt 79.500000 -2.500000 0.000000
vt 78.000000 -4.000000 0.000000
vt 75.000001 2.000000 0.000000
vt 75.000001 -4.000000 0.000000
vt 78.750000 -3.799038 0.000000
vt 79.060660 -3.560660 0.000000
vt 79.299038 -3.250000 0.000000
vt 79.448889 -2.888229 0.000000
vt 79.500000 2.000000 0.000000
vt 2.000000 0.000001 0.000000
vt 4.500000 0.000001 0.000000
vt 2.000000 3.000001 0.000000
vt 4.500000 3.000001 0.000000
vt 0.000000 7.500000 0.000000
vt 6.500000 7.500000 0.000000
vt 6.500000 3.000001 0.000000
vt 0.000000 3.000001 0.000000
vt 72.000001 0.499421 0.000000
vt 61.714287 0.213707 0.000000
vt 72.000001 -2.500000 0.000000
vt 61.714287 -2.500000 0.000000
vt 51.428572 -0.072007 0.000000
vt 51.428572 -2.500000 0.000000
vt 41.142858 -0.357721 0.000000
vt 41.142858 -2.500000 0.000000
vt 30.857143 -0.643436 0.000000
vt 30.857143 -2.500000 0.000000
vt 20.571429 -0.929150 0.000000
vt 20.571429 -2.500000 0.000000
vt 10.285714 -1.214864 0.000000
vt 10.285714 -2.500000 0.000000
vt 0.000000 -1.500579 0.000000
vt 0.000000 -2.500000 0.000000
vt 0.000000 1.500000 0.000000
vt 0.000000 2.500867 0.000000
vt -10.291913 1.500000 0.000000
vt -10.291913 2.786582 0.000000
vt -20.583826 1.500000 0.000000
vt -20.583826 3.072296 0.000000
vt -30.875738 1.500000 0.000000
vt -30.875738 3.358010 0.000000
vt -41.167651 1.500000 0.000000
vt -41.167651 3.643724 0.000000
vt -51.459564 1.500000 0.000000
vt -51.459564 3.929439 0.000000
vt -61.751477 1.500000 0.000000
vt -61.751477 4.215153 0.000000
vt -72.043390 1.500000 0.000000
vt -72.043390 4.500867 0.000000
vn 0.000000 -0.999614 -0.027767
vn 0.000000 -0.999614 -0.027767
vn -0.258508 -0.965346 -0.035791
vn -0.258508 -0.965346 -0.035791
vn -0.499421 -0.865371 -0.041379
vn -0.499421 -0.865371 -0.041379
vn -0.706341 -0.706494 -0.044151
vn -0.706341 -0.706494 -0.044151
vn -0.865183 -0.499529 -0.043917
vn -0.865183 -0.499529 -0.043917
vn -0.965137 -0.258564 -0.040694
vn -0.965137 -0.258564 -0.040694
vn -0.999398 0.000000 -0.034701
vn -0.999398 0.000000 -0.034701
vn -0.965137 -0.258564 -0.040694
vn -0.999398 0.000000 -0.034701
vn -0.965137 -0.258564 -0.040694
vn -0.999398 0.000000 -0.034701
vn -0.965137 -0.258564 -0.040694
vn -0.965137 -0.258564 -0.040694
vn -0.865183 -0.499529 -0.043917
vn -0.865183 -0.499529 -0.043917
vn -0.706341 -0.706494 -0.044151
vn -0.706341 -0.706494 -0.044151
vn -0.499421 -0.865371 -0.041379
vn -0.499421 -0.865371 -0.041379
vn -0.258508 -0.965346 -0.035791
vn -0.258508 -0.965346 -0.035791
vn 0.000000 -0.999614 -0.027767
vn 0.000000 -0.999614 -0.027767
vn -0.258508 -0.965346 -0.035791
vn -0.000000 -0.999614 -0.027767
vn -0.258508 -0.965346 -0.035791
vn -0.499421 -0.865371 -0.041379
vn -0.499421 -0.865371 -0.041379
vn -0.706341 -0.706494 -0.044151
vn -0.706341 -0.706494 -0.044151
vn -0.865183 -0.499529 -0.043917
vn -0.706341 -0.706494 -0.044151
vn -0.865183 -0.499529 -0.043917
vn -0.706341 -0.706494 -0.044151
vn -0.865183 -0.499529 -0.043917
vn -0.999398 0.000000 -0.034701
vn -0.965137 -0.258564 -0.040694
vn -0.999398 0.000000 -0.034701
vn -0.965137 -0.258564 -0.040694
vn -0.999398 0.000000 -0.034701
vn -0.965137 -0.258564 -0.040694
vn -0.999398 -0.000000 -0.034701
vn -0.965137 -0.258564 -0.040694
vn -0.865183 -0.499529 -0.043917
vn 0.000000 -0.999614 -0.027767
vn -0.258508 -0.965346 -0.035791
vn -0.499421 -0.865371 -0.041379
vn -0.706341 -0.706494 -0.044151
vn -0.865183 -0.499529 -0.043917
vn 0.000000 -0.999614 -0.027767
vn -0.258508 -0.965346 -0.035791
vn -0.499421 -0.865371 -0.041379
vn -0.706341 -0.706494 -0.044151
vn -0.865183 -0.499529 -0.043917
vn -0.258508 -0.965346 -0.035791
vn 0.000000 -0.999614 -0.027767
vn -0.258508 -0.965346 -0.035791
vn -0.499421 -0.865371 -0.041379
vn -0.499421 -0.865371 -0.041379
vn 0.000000 0.000000 1.000000
vn 0.000000 0.000000 1.000000
vn 0.000000 0.000000 1.000000
vn 0.000000 0.000000 1.000000
vn 0.000000 0.000000 1.000000
vn 0.000000 0.000000 1.000000
vn 0.000000 0.000000 1.000000
vn 0.000000 0.000000 1.000000
vn 0.000000 0.000000 1.000000
vn 0.000000 0.000000 1.000000
vn 0.000000 0.000000 1.000000
vn 0.000000 0.000000 1.000000
vn 0.000000 0.000000 1.000000
vn 0.000000 0.000000 1.000000
vn 0.000000 0.000000 1.000000
vn 0.000000 0.000000 1.000000
vn 0.000000 -0.999614 -0.027767
vn 0.000000 -0.999614 -0.027767
vn 0.000000 -0.999614 -0.027767
vn 0.000000 -0.999614 -0.027767
vn 0.000000 -0.999614 -0.027767
vn 0.000000 -0.999614 -0.027767
vn 0.000000 -0.999614 -0.027767
vn 0.000000 -0.999614 -0.027767
vn 0.000000 -0.999614 -0.027767
vn 0.000000 -0.999614 -0.027767
vn 1.000000 -0.000000 -0.000000
vn 1.000000 0.000000 0.000000
vn 0.965926 -0.258719 -0.007187
vn 0.965926 -0.258719 -0.007187
vn 0.866025 -0.499807 -0.013884
vn 0.866025 -0.499807 -0.013884
vn 0.707107 -0.706834 -0.019634
vn 0.707107 -0.706834 -0.019634
vn 0.500000 -0.865691 -0.024047
vn 0.500000 -0.865691 -0.024047
vn 0.258819 -0.965553 -0.026821
vn 0.258819 -0.965553 -0.026821
vn 0.258819 -0.965553 -0.026821
vn 0.500000 -0.865691 -0.024047
vn 0.707107 -0.706834 -0.019634
vn 0.866025 -0.499807 -0.013884
vn 0.965926 -0.258719 -0.007187
vn 1.000000 0.000000 0.000000
vn 0.965926 -0.258719 -0.007187
vn 1.000000 -0.000000 -0.000000
vn 0.965926 -0.258719 -0.007187
vn 0.965926 -0.258719 -0.007187
vn 0.866025 -0.499807 -0.013884
vn 0.866025 -0.499807 -0.013884
vn 0.707107 -0.706834 -0.019634
vn 0.707107 -0.706834 -0.019634
vn 0.500000 -0.865691 -0.024047
vn 0.500000 -0.865691 -0.024047
vn 0.258819 -0.965553 -0.026821
vn 0.258819 -0.965553 -0.026821
vn 0.258819 -0.965553 -0.026821
vn 0.258819 -0.965553 -0.026821
vn 0.258819 -0.965553 -0.026821
vn 0.258819 -0.965553 -0.026821
vn 0.500000 -0.865691 -0.024047
vn 0.500000 -0.865691 -0.024047
vn 0.707107 -0.706834 -0.019634
vn 0.258819 -0.965553 -0.026821
vn 0.500000 -0.865691 -0.024047
vn 0.707107 -0.706834 -0.019634
vn 0.866025 -0.499807 -0.013884
vn 0.965926 -0.258719 -0.007187
vn 1.000000 0.000000 0.000000
vn 0.707107 -0.706834 -0.019634
vn 0.866025 -0.499807 -0.013884
vn 0.965926 -0.258719 -0.007187
vn 1.000000 0.000000 0.000000
vn 0.866025 -0.499807 -0.013884
vn 0.965926 -0.258719 -0.007187
vn 1.000000 0.000000 0.000000
vn 0.965926 -0.258719 -0.007187
vn 1.000000 0.000000 0.000000
vn 0.866025 -0.499807 -0.013884
vn 0.866025 -0.499807 -0.013884
vn 0.707107 -0.706834 -0.019634
vn 0.707107 -0.706834 -0.019634
vn 0.500000 -0.865691 -0.024047
vn 0.500000 -0.865691 -0.024047
vn 0.000000 0.000000 1.000000
vn 0.000000 0.000000 1.000000
vn 0.000000 0.000000 1.000000
vn 0.000000 0.000000 1.000000
vn 0.000000 0.000000 1.000000
vn 0.000000 0.000000 1.000000
vn 0.000000 0.000000 1.000000
vn 0.000000 0.000000 1.000000
vn 0.000000 0.000000 1.000000
vn 0.000000 0.000000 1.000000
vn 0.000000 0.000000 1.000000
vn 0.000000 0.000000 1.000000
vn 0.000000 0.000000 1.000000
vn 0.000000 0.000000 1.000000
vn 0.000000 0.000000 1.000000
vn 0.000000 0.000000 1.000000
vn 0.000000 1.000000 0.000000
vn 0.000000 1.000000 0.000000
vn -0.258663 0.965926 -0.008981
vn -0.258663 0.965926 -0.008981
vn -0.499699 0.866025 -0.017351
vn -0.499699 0.866025 -0.017351
vn -0.706681 0.707107 -0.024538
vn -0.706681 0.707107 -0.024538
vn -0.865504 0.500000 -0.030052
vn -0.865504 0.500000 -0.030052
vn -0.965344 0.258819 -0.033519
vn -0.965344 0.258819 -0.033519
vn -0.999398 -0.000000 -0.034701
vn -0.999398 -0.000000 -0.034701
vn -0.965344 0.258819 -0.033519
vn -0.999398 -0.000000 -0.034701
vn -0.965344 0.258819 -0.033519
vn -0.999398 -0.000000 -0.034701
vn -0.965344 0.258819 -0.033519
vn -0.965344 0.258819 -0.033519
vn -0.865504 0.500000 -0.030052
vn -0.865504 0.500000 -0.030052
vn -0.706681 0.707107 -0.024538
vn -0.706681 0.707107 -0.024538
vn -0.499699 0.866025 -0.017351
vn -0.499699 0.866025 -0.017351
vn -0.258663 0.965926 -0.008981
vn -0.258663 0.965926 -0.008981
vn 0.000000 1.000000 0.000000
vn -0.258663 0.965926 -0.008981
vn -0.000000 1.000000 0.000000
vn -0.258663 0.965926 -0.008981
vn -0.000000 1.000000 -0.000000
vn -0.258663 0.965926 -0.008981
vn 0.000000 1.000000 0.000000
vn -0.258663 0.965926 -0.008981
vn -0.499699 0.866025 -0.017351
vn -0.499699 0.866025 -0.017351
vn -0.706681 0.707107 -0.024538
vn -0.706681 0.707107 -0.024538
vn -0.865504 0.500000 -0.030052
vn -0.865504 0.500000 -0.030052
vn -0.965344 0.258819 -0.033519
vn -0.965344 0.258819 -0.033519
vn -0.999398 -0.000000 -0.034701
vn -0.999398 -0.000000 -0.034701
vn -0.965344 0.258819 -0.033519
vn -0.999398 -0.000000 -0.034701
vn -0.965344 0.258819 -0.033519
vn -0.999398 -0.000000 -0.034701
vn 0.000000 1.000000 0.000000
vn -0.258663 0.965926 -0.008981
vn -0.499699 0.866025 -0.017351
vn -0.706681 0.707107 -0.024538
vn -0.865504 0.500000 -0.030052
vn -0.000000 1.000000 -0.000000
vn -0.258663 0.965926 -0.008981
vn -0.499699 0.866025 -0.017351
vn -0.706681 0.707107 -0.024538
vn -0.865504 0.500000 -0.030052
vn -0.499699 0.866025 -0.017351
vn -0.706681 0.707107 -0.024538
vn -0.865504 0.500000 -0.030052
vn -0.499699 0.866025 -0.017351
vn -0.706681 0.707107 -0.024538
vn -0.865504 0.500000 -0.030052
vn 0.000000 0.000000 -1.000000
vn 0.000000 0.000000 -1.000000
vn 0.000000 0.000000 -1.000000
vn 0.000000 0.000000 -1.000000
vn 0.000000 0.000000 -1.000000
vn 0.000000 0.000000 -1.000000
vn 0.000000 0.000000 -1.000000
vn 0.000000 0.000000 -1.000000
vn 0.000000 0.000000 -1.000000
vn 0.000000 0.000000 -1.000000
vn 0.000000 0.000000 -1.000000
vn 0.000000 0.000000 -1.000000
vn 0.000000 0.000000 -1.000000
vn 0.000000 0.000000 -1.000000
vn 0.000000 0.000000 -1.000000
vn 0.000000 0.000000 -1.000000
vn 0.000000 0.000000 -1.000000
vn 0.000000 0.000000 -1.000000
vn 0.000000 0.000000 -1.000000
vn 0.000000 0.000000 -1.000000
vn 0.000000 0.000000 -1.000000
vn 0.000000 0.000000 -1.000000
vn 0.000000 0.000000 -1.000000
vn 0.000000 0.000000 -1.000000
vn 0.000000 0.000000 -1.000000
vn 0.000000 0.000000 -1.000000
vn 0.000000 0.000000 -1.000000
vn 0.000000 0.000000 -1.000000
vn -0.000000 1.000000 0.000000
vn -0.000000 1.000000 0.000000
vn -0.000000 1.000000 0.000000
vn -0.000000 1.000000 0.000000
vn -0.000000 1.000000 0.000000
vn -0.000000 1.000000 0.000000
vn -0.000000 1.000000 0.000000
vn -0.000000 1.000000 0.000000
vn -0.000000 1.000000 0.000000
vn -0.000000 1.000000 0.000000
vn -0.000000 1.000000 0.000000
vn -0.000000 1.000000 0.000000
vn -0.000000 1.000000 0.000000
vn -0.000000 1.000000 0.000000
vn -0.000000 1.000000 0.000000
vn -0.000000 1.000000 0.000000
vn 1.000000 0.000000 0.000000
vn 1.000000 0.000000 0.000000
vn 0.965926 0.258819 0.000000
vn 0.965926 0.258819 0.000000
vn 0.866025 0.500000 0.000000
vn 0.866025 0.500000 0.000000
vn 0.707107 0.707107 0.000000
vn 0.707107 0.707107 0.000000
vn 0.500000 0.866025 0.000000
vn 0.500000 0.866025 0.000000
vn 0.258819 0.965926 0.000000
vn 0.258819 0.965926 0.000000
vn 0.258819 0.965926 0.000000
vn 0.500000 0.866025 0.000000
vn 0.707107 0.707107 0.000000
vn 0.866025 0.500000 0.000000
vn 0.965926 0.258819 0.000000
vn 1.000000 0.000000 0.000000
vn 0.965926 0.258819 0.000000
vn 1.000000 0.000000 0.000000
vn 0.965926 0.258819 0.000000
vn 0.965926 0.258819 0.000000
vn 0.866025 0.500000 0.000000
vn 0.866025 0.500000 0.000000
vn 0.707107 0.707107 0.000000
vn 0.707107 0.707107 0.000000
vn 0.500000 0.866025 0.000000
vn 0.500000 0.866025 0.000000
vn 0.258819 0.965926 0.000000
vn 0.258819 0.965926 0.000000
vn 0.258819 0.965926 0.000000
vn 0.258819 0.965926 0.000000
vn 0.258819 0.965926 0.000000
vn 0.258819 0.965926 0.000000
vn 0.500000 0.866025 0.000000
vn 0.500000 0.866025 0.000000
vn 0.707107 0.707107 0.000000
vn 0.258819 0.965926 0.000000
vn 0.500000 0.866025 0.000000
vn 0.707107 0.707107 0.000000
vn 0.866025 0.500000 0.000000
vn 0.965926 0.258819 0.000000
vn 1.000000 0.000000 0.000000
vn 0.707107 0.707107 0.000000
vn 0.866025 0.500000 0.000000
vn 0.965926 0.258819 0.000000
vn 1.000000 0.000000 0.000000
vn 0.866025 0.500000 0.000000
vn 0.965926 0.258819 0.000000
vn 1.000000 0.000000 0.000000
vn 0.965926 0.258819 0.000000
vn 1.000000 0.000000 0.000000
vn 0.866025 0.500000 0.000000
vn 0.866025 0.500000 0.000000
vn 0.707107 0.707107 0.000000
vn 0.707107 0.707107 0.000000
vn 0.500000 0.866025 0.000000
vn 0.500000 0.866025 0.000000
vn -0.000000 0.965926 0.258819
vn -0.000000 0.965926 0.258819
vn -0.000000 0.866025 0.500000
vn -0.000000 0.866025 0.500000
vn -0.000000 0.707107 0.707107
vn -0.000000 0.707107 0.707107
vn -0.000000 0.500000 0.866025
vn -0.000000 0.500000 0.866025
vn -0.000000 0.258819 0.965926
vn -0.000000 0.258819 0.965926
vn -0.000000 0.000000 1.000000
vn -0.000000 0.000000 1.000000
vn 0.000000 0.000000 1.000000
vn 0.000000 0.000000 1.000000
vn -1.000000 -0.000000 0.000000
vn -1.000000 -0.000000 0.000000
vn -1.000000 -0.000000 0.000000
vn -1.000000 -0.000000 0.000000
vn -1.000000 -0.000000 0.000000
vn -1.000000 -0.000000 0.000000
vn -1.000000 -0.000000 0.000000
vn -1.000000 -0.000000 0.000000
vn -1.000000 -0.000000 0.000000
vn -1.000000 -0.000000 0.000000
vn 1.000000 0.000000 -0.000000
vn 1.000000 0.000000 -0.000000
vn 1.000000 0.000000 -0.000000
vn 1.000000 0.000000 -0.000000
vn 0.000000 0.000000 -1.000000
vn 0.000000 0.000000 -1.000000
vn 0.000000 0.000000 -1.000000
vn 0.000000 0.000000 -1.000000
vn 0.000000 0.000000 -1.000000
vn 0.000000 0.000000 -1.000000
vn 0.000000 0.000000 -1.000000
vn 0.000000 0.000000 -1.000000
vn -1.000000 -0.000000 0.000000
vn -1.000000 -0.000000 0.000000
vn -1.000000 -0.000000 0.000000
vn -1.000000 -0.000000 0.000000
vn 1.000000 0.000000 0.000000
vn 1.000000 0.000000 0.000000
vn 1.000000 0.000000 0.000000
vn 1.000000 0.000000 0.000000
vn 1.000000 0.000000 0.000000
vn 1.000000 0.000000 0.000000
vn 1.000000 0.000000 0.000000
vn 1.000000 0.000000 0.000000
vn 1.000000 0.000000 0.000000
vn 1.000000 0.000000 0.000000
vn 0.000000 -1.000000 0.000000
vn 0.000000 -1.000000 0.000000
vn 0.000000 -1.000000 0.000000
vn 0.000000 -1.000000 0.000000
vn 0.000000 -1.000000 0.000000
vn 0.000000 -1.000000 0.000000
vn 0.000000 -1.000000 0.000000
vn 0.000000 -1.000000 0.000000
f 2085/3190/2904 2060/3191/2905 2086/3192/2906
f 2086/3192/2906 2060/3191/2905 2061/3193/2907
f 2086/3192/2906 2061/3193/2907 2094/3194/2908
f 2094/3194/2908 2061/3193/2907 2062/3195/2909
f 2094/3194/2908 2062/3195/2909 2102/3196/2910
f 2102/3196/2910 2062/3195/2909 2063/3197/2911
f 2102/3196/2910 2063/3197/2911 2064/3198/2912
f 2102/3196/2910 2064/3198/2912 2110/3199/2913
f 2110/3199/2913 2064/3198/2912 2065/3200/2914
f 2110/3199/2913 2065/3200/2914 2118/3201/2915
f 2118/3201/2915 2065/3200/2914 2066/3202/2916
f 2118/3201/2915 2066/3202/2916 2067/3203/2917
f 2118/3201/2915 2067/3203/2917 2119/3204/2918
f 2119/3204/2918 2067/3203/2917 2068/3205/2919
f 2119/3204/2918 2068/3205/2919 2120/3206/2920
f 2120/3206/2920 2068/3205/2919 2069/3207/2921
f 2120/3206/2920 2069/3207/2921 2121/3208/2922
f 2121/3208/2922 2069/3207/2921 2122/3209/2923
f 2121/3208/2922 2122/3209/2923 2113/3210/2924
f 2113/3210/2924 2122/3209/2923 2114/3211/2925
f 2113/3210/2924 2114/3211/2925 2105/3212/2926
f 2105/3212/2926 2114/3211/2925 2106/3213/2927
f 2105/3212/2926 2106/3213/2927 2098/3214/2928
f 2098/3214/2928 2106/3213/2927 2099/3215/2929
f 2098/3214/2928 2099/3215/2929 2091/3216/2930
f 2091/3216/2930 2099/3215/2929 2092/3217/2931
f 2091/3216/2930 2092/3217/2931 2081/3218/2932
f 2081/3218/2932 2092/3217/2931 2080/3219/2933
f 2080/3219/2933 2092/3217/2931 2093/3220/2934
f 2080/3219/2933 2093/3220/2934 2079/3221/2935
f 2079/3221/2935 2093/3220/2934 2078/3222/2936
f 2078/3222/2936 2093/3220/2934 2077/3223/2937
f 2077/3223/2937 2093/3220/2934 2101/3224/2938
f 2077/3223/2937 2101/3224/2938 2076/3225/2939
f 2076/3225/2939 2101/3224/2938 2109/3226/2940
f 2076/3225/2939 2109/3226/2940 2117/3227/2941
f 2117/3227/2941 2109/3226/2940 2108/3228/2942
f 2117/3227/2941 2108/3228/2942 2116/3229/2943
f 2116/3229/2943 2108/3228/2942 2107/3230/2944
f 2116/3229/2943 2107/3230/2944 2115/3231/2945
f 2115/3231/2945 2107/3230/2944 2106/3213/2927
f 2115/3231/2945 2106/3213/2927 2114/3211/2925
f 2069/3207/2921 2070/3232/2946 2122/3209/2923
f 2122/3209/2923 2070/3232/2946 2123/3233/2947
f 2122/3209/2923 2123/3233/2947 2114/3211/2925
f 2114/3211/2925 2123/3233/2947 2115/3231/2945
f 2070/3232/2946 2071/3234/2948 2123/3233/2947
f 2123/3233/2947 2071/3234/2948 2124/3235/2949
f 2123/3233/2947 2124/3235/2949 2115/3231/2945
f 2115/3231/2945 2124/3235/2949 2116/3229/2943
f 2071/3234/2948 2072/3236/2950 2124/3235/2949
f 2124/3235/2949 2072/3236/2950 2125/3237/2951
f 2124/3235/2949 2125/3237/2951 2116/3229/2943
f 2116/3229/2943 2125/3237/2951 2117/3227/2941
f 2072/3236/2950 2073/3238/2952 2125/3237/2951
f 2125/3237/2951 2073/3238/2952 2074/3239/2953
f 2125/3237/2951 2074/3239/2953 2075/3240/2954
f 2125/3237/2951 2075/3240/2954 2117/3227/2941
f 2117/3227/2941 2075/3240/2954 2076/3225/2939
f 2081/3218/2932 2082/3241/2955 2091/3216/2930
f 2091/3216/2930 2082/3241/2955 2090/3242/2956
f 2091/3216/2930 2090/3242/2956 2098/3214/2928
f 2098/3214/2928 2090/3242/2956 2097/3243/2957
f 2098/3214/2928 2097/3243/2957 2105/3212/2926
f 2105/3212/2926 2097/3243/2957 2104/3244/2958
f 2105/3212/2926 2104/3244/2958 2113/3210/2924
f 2113/3210/2924 2104/3244/2958 2112/3245/2959
f 2113/3210/2924 2112/3245/2959 2121/3208/2922
f 2121/3208/2922 2112/3245/2959 2120/3206/2920
f 2082/3241/2955 2083/3246/2960 2090/3242/2956
f 2090/3242/2956 2083/3246/2960 2089/3247/2961
f 2090/3242/2956 2089/3247/2961 2097/3243/2957
f 2097/3243/2957 2089/3247/2961 2096/3248/2962
f 2097/3243/2957 2096/3248/2962 2104/3244/2958
f 2104/3244/2958 2096/3248/2962 2103/3249/2963
f 2104/3244/2958 2103/3249/2963 2112/3245/2959
f 2112/3245/2959 2103/3249/2963 2111/3250/2964
f 2112/3245/2959 2111/3250/2964 2120/3206/2920
f 2120/3206/2920 2111/3250/2964 2119/3204/2918
f 2089/3247/2961 2083/3246/2960 2088/3251/2965
f 2088/3251/2965 2083/3246/2960 2084/3252/2966
f 2088/3251/2965 2084/3252/2966 2087/3253/2967
f 2087/3253/2967 2084/3252/2966 2085/3190/2904
f 2087/3253/2967 2085/3190/2904 2086/3192/2906
f 2087/3253/2967 2086/3192/2906 2094/3194/2908
f 2096/3248/2962 2089/3247/2961 2088/3251/2965
f 2088/3251/2965 2087/3253/2967 2095/3254/2968
f 2095/3254/2968 2087/3253/2967 2094/3194/2908
f 2095/3254/2968 2094/3194/2908 2102/3196/2910
f 2093/3220/2934 2092/3217/2931 2100/3255/2969
f 2100/3255/2969 2092/3217/2931 2099/3215/2929
f 2100/3255/2969 2099/3215/2929 2107/3230/2944
f 2107/3230/2944 2099/3215/2929 2106/3213/2927
f 2103/3249/2963 2096/3248/2962 2095/3254/2968
f 2095/3254/2968 2096/3248/2962 2088/3251/2965
f 2103/3249/2963 2095/3254/2968 2102/3196/2910
f 2093/3220/2934 2100/3255/2969 2101/3224/2938
f 2101/3224/2938 2100/3255/2969 2108/3228/2942
f 2101/3224/2938 2108/3228/2942 2109/3226/2940
f 2108/3228/2942 2100/3255/2969 2107/3230/2944
f 2111/3250/2964 2103/3249/2963 2102/3196/2910
f 2119/3204/2918 2111/3250/2964 2110/3199/2913
f 2110/3199/2913 2111/3250/2964 2102/3196/2910
f 2118/3201/2915 2119/3204/2918 2110/3199/2913
f 2065/3256/2970 2064/3257/2971 2066/3258/2972
f 2066/3258/2972 2064/3257/2971 2063/3259/2973
f 2066/3258/2972 2063/3259/2973 2131/3260/2974
f 2131/3260/2974 2063/3259/2973 2130/3261/2975
f 2130/3261/2975 2063/3259/2973 2062/3262/2976
f 2130/3261/2975 2062/3262/2976 2129/3263/2977
f 2129/3263/2977 2062/3262/2976 2061/3264/2978
f 2129/3263/2977 2061/3264/2978 2128/3265/2979
f 2128/3265/2979 2061/3264/2978 2060/3266/2980
f 2128/3265/2979 2060/3266/2980 2126/3267/2981
f 2126/3267/2981 2127/3268/2982 2128/3265/2979
f 2066/3258/2972 2131/3260/2974 2134/3269/2983
f 2134/3269/2983 2131/3260/2974 2132/3270/2984
f 2134/3269/2983 2132/3270/2984 2133/3271/2985
f 2060/3272/2905 2085/3273/2904 2126/3274/2986
f 2126/3274/2986 2085/3273/2904 2143/3275/2987
f 2143/3275/2987 2085/3273/2904 2141/3276/2988
f 2143/3275/2987 2141/3276/2988 2142/3277/2989
f 2085/3273/2904 2084/3278/2966 2141/3276/2988
f 2141/3276/2988 2084/3278/2966 2140/3279/2990
f 2140/3279/2990 2084/3278/2966 2083/3280/2960
f 2140/3279/2990 2083/3280/2960 2139/3281/2991
f 2139/3281/2991 2083/3280/2960 2082/3282/2955
f 2139/3281/2991 2082/3282/2955 2138/3283/2992
f 2138/3283/2992 2082/3282/2955 2081/3284/2932
f 2138/3283/2992 2081/3284/2932 2137/3285/2993
f 2137/3285/2993 2081/3284/2932 2080/3286/2933
f 2137/3285/2993 2080/3286/2933 2136/3287/2994
f 2136/3287/2994 2080/3286/2933 2079/3288/2935
f 2136/3287/2994 2079/3288/2935 2135/3289/2995
f 2161/3290/2996 2144/3291/2997 2162/3292/2998
f 2162/3292/2998 2144/3291/2997 2145/3293/2999
f 2162/3292/2998 2145/3293/2999 2170/3294/3000
f 2170/3294/3000 2145/3293/2999 2146/3295/3001
f 2170/3294/3000 2146/3295/3001 2178/3296/3002
f 2178/3296/3002 2146/3295/3001 2147/3297/3003
f 2178/3296/3002 2147/3297/3003 2186/3298/3004
f 2186/3298/3004 2147/3297/3003 2148/3299/3005
f 2186/3298/3004 2148/3299/3005 2194/3300/3006
f 2194/3300/3006 2148/3299/3005 2149/3301/3007
f 2194/3300/3006 2149/3301/3007 2142/3302/2989
f 2142/3302/2989 2141/3303/2988 2194/3300/3006
f 2194/3300/3006 2141/3303/2988 2195/3304/3008
f 2194/3300/3006 2195/3304/3008 2186/3298/3004
f 2186/3298/3004 2195/3304/3008 2187/3305/3009
f 2186/3298/3004 2187/3305/3009 2178/3296/3002
f 2178/3296/3002 2187/3305/3009 2179/3306/3010
f 2178/3296/3002 2179/3306/3010 2170/3294/3000
f 2170/3294/3000 2179/3306/3010 2171/3307/3011
f 2170/3294/3000 2171/3307/3011 2162/3292/2998
f 2162/3292/2998 2171/3307/3011 2163/3308/3012
f 2162/3292/2998 2163/3308/3012 2161/3290/2996
f 2161/3290/2996 2163/3308/3012 2160/3309/3013
f 2160/3309/3013 2163/3308/3012 2164/3310/3014
f 2160/3309/3013 2164/3310/3014 2159/3311/3015
f 2159/3311/3015 2164/3310/3014 2165/3312/3016
f 2159/3311/3015 2165/3312/3016 2166/3313/3017
f 2166/3313/3017 2165/3312/3016 2174/3314/3018
f 2166/3313/3017 2174/3314/3018 2175/3315/3019
f 2175/3315/3019 2174/3314/3018 2183/3316/3020
f 2175/3315/3019 2183/3316/3020 2184/3317/3021
f 2184/3317/3021 2183/3316/3020 2192/3318/3022
f 2184/3317/3021 2192/3318/3022 2193/3319/3023
f 2193/3319/3023 2192/3318/3022 2201/3320/3024
f 2193/3319/3023 2201/3320/3024 2150/3321/3025
f 2150/3321/3025 2201/3320/3024 2135/3322/2995
f 2135/3322/2995 2201/3320/3024 2136/3323/2994
f 2136/3323/2994 2201/3320/3024 2200/3324/3026
f 2136/3323/2994 2200/3324/3026 2137/3325/2993
f 2137/3325/2993 2200/3324/3026 2199/3326/3027
f 2137/3325/2993 2199/3326/3027 2138/3327/2992
f 2138/3327/2992 2199/3326/3027 2198/3328/3028
f 2138/3327/2992 2198/3328/3028 2197/3329/3029
f 2197/3329/3029 2198/3328/3028 2189/3330/3030
f 2197/3329/3029 2189/3330/3030 2188/3331/3031
f 2188/3331/3031 2189/3330/3030 2180/3332/3032
f 2188/3331/3031 2180/3332/3032 2179/3306/3010
f 2179/3306/3010 2180/3332/3032 2171/3307/3011
f 2141/3303/2988 2140/3333/2990 2195/3304/3008
f 2195/3304/3008 2140/3333/2990 2196/3334/3033
f 2195/3304/3008 2196/3334/3033 2187/3305/3009
f 2187/3305/3009 2196/3334/3033 2188/3331/3031
f 2187/3305/3009 2188/3331/3031 2179/3306/3010
f 2140/3333/2990 2139/3335/2991 2196/3334/3033
f 2196/3334/3033 2139/3335/2991 2197/3329/3029
f 2196/3334/3033 2197/3329/3029 2188/3331/3031
f 2139/3335/2991 2138/3327/2992 2197/3329/3029
f 2150/3321/3025 2151/3336/3034 2193/3319/3023
f 2193/3319/3023 2151/3336/3034 2185/3337/3035
f 2193/3319/3023 2185/3337/3035 2184/3317/3021
f 2184/3317/3021 2185/3337/3035 2176/3338/3036
f 2184/3317/3021 2176/3338/3036 2175/3315/3019
f 2175/3315/3019 2176/3338/3036 2167/3339/3037
f 2175/3315/3019 2167/3339/3037 2166/3313/3017
f 2166/3313/3017 2167/3339/3037 2158/3340/3038
f 2166/3313/3017 2158/3340/3038 2159/3311/3015
f 2151/3336/3034 2152/3341/3039 2185/3337/3035
f 2185/3337/3035 2152/3341/3039 2177/3342/3040
f 2185/3337/3035 2177/3342/3040 2176/3338/3036
f 2176/3338/3036 2177/3342/3040 2168/3343/3041
f 2176/3338/3036 2168/3343/3041 2167/3339/3037
f 2167/3339/3037 2168/3343/3041 2157/3344/3042
f 2167/3339/3037 2157/3344/3042 2158/3340/3038
f 2152/3341/3039 2153/3345/3043 2177/3342/3040
f 2177/3342/3040 2153/3345/3043 2169/3346/3044
f 2177/3342/3040 2169/3346/3044 2168/3343/3041
f 2168/3343/3041 2169/3346/3044 2156/3347/3045
f 2168/3343/3041 2156/3347/3045 2157/3344/3042
f 2153/3345/3043 2154/3348/3046 2169/3346/3044
f 2169/3346/3044 2154/3348/3046 2155/3349/3047
f 2169/3346/3044 2155/3349/3047 2156/3347/3045
f 2164/3310/3014 2163/3308/3012 2172/3350/3048
f 2172/3350/3048 2163/3308/3012 2171/3307/3011
f 2172/3350/3048 2171/3307/3011 2180/3332/3032
f 2165/3312/3016 2164/3310/3014 2173/3351/3049
f 2173/3351/3049 2164/3310/3014 2172/3350/3048
f 2173/3351/3049 2172/3350/3048 2181/3352/3050
f 2181/3352/3050 2172/3350/3048 2180/3332/3032
f 2181/3352/3050 2180/3332/3032 2189/3330/3030
f 2165/3312/3016 2173/3351/3049 2174/3314/3018
f 2174/3314/3018 2173/3351/3049 2182/3353/3051
f 2174/3314/3018 2182/3353/3051 2183/3316/3020
f 2183/3316/3020 2182/3353/3051 2191/3354/3052
f 2183/3316/3020 2191/3354/3052 2192/3318/3022
f 2192/3318/3022 2191/3354/3052 2200/3324/3026
f 2192/3318/3022 2200/3324/3026 2201/3320/3024
f 2182/3353/3051 2173/3351/3049 2181/3352/3050
f 2182/3353/3051 2181/3352/3050 2190/3355/3053
f 2190/3355/3053 2181/3352/3050 2189/3330/3030
f 2190/3355/3053 2189/3330/3030 2198/3328/3028
f 2182/3353/3051 2190/3355/3053 2191/3354/3052
f 2191/3354/3052 2190/3355/3053 2199/3326/3027
f 2191/3354/3052 2199/3326/3027 2200/3324/3026
f 2199/3326/3027 2190/3355/3053 2198/3328/3028
f 2149/3356/3054 2208/3357/3055 2142/3358/3056
f 2142/3358/3056 2208/3357/3055 2209/3359/3057
f 2142/3358/3056 2209/3359/3057 2143/3360/3058
f 2208/3357/3055 2149/3356/3054 2207/3361/3059
f 2207/3361/3059 2149/3356/3054 2148/3362/3060
f 2207/3361/3059 2148/3362/3060 2206/3363/3061
f 2206/3363/3061 2148/3362/3060 2147/3364/3062
f 2206/3363/3061 2147/3364/3062 2205/3365/3063
f 2205/3365/3063 2147/3364/3062 2144/3366/3064
f 2205/3365/3063 2144/3366/3064 2202/3367/3065
f 2147/3364/3062 2146/3368/3066 2144/3366/3064
f 2144/3366/3064 2146/3368/3066 2145/3369/3067
f 2203/3370/3068 2204/3371/3069 2202/3367/3065
f 2202/3367/3065 2204/3371/3069 2205/3365/3063
f 2228/3372/3070 2210/3373/3071 2229/3374/3072
f 2229/3374/3072 2210/3373/3071 2211/3375/3073
f 2229/3374/3072 2211/3375/3073 2212/3376/3074
f 2229/3374/3072 2212/3376/3074 2237/3377/3075
f 2237/3377/3075 2212/3376/3074 2213/3378/3076
f 2237/3377/3075 2213/3378/3076 2245/3379/3077
f 2245/3379/3077 2213/3378/3076 2214/3380/3078
f 2245/3379/3077 2214/3380/3078 2253/3381/3079
f 2253/3381/3079 2214/3380/3078 2215/3382/3080
f 2253/3381/3079 2215/3382/3080 2261/3383/3081
f 2261/3383/3081 2215/3382/3080 2216/3384/3082
f 2261/3383/3081 2216/3384/3082 2217/3385/3083
f 2261/3383/3081 2217/3385/3083 2262/3386/3084
f 2262/3386/3084 2217/3385/3083 2218/3387/3085
f 2262/3386/3084 2218/3387/3085 2263/3388/3086
f 2263/3388/3086 2218/3387/3085 2219/3389/3087
f 2263/3388/3086 2219/3389/3087 2264/3390/3088
f 2264/3390/3088 2219/3389/3087 2265/3391/3089
f 2264/3390/3088 2265/3391/3089 2256/3392/3090
f 2256/3392/3090 2265/3391/3089 2257/3393/3091
f 2256/3392/3090 2257/3393/3091 2248/3394/3092
f 2248/3394/3092 2257/3393/3091 2249/3395/3093
f 2248/3394/3092 2249/3395/3093 2240/3396/3094
f 2240/3396/3094 2249/3395/3093 2241/3397/3095
f 2240/3396/3094 2241/3397/3095 2232/3398/3096
f 2232/3398/3096 2241/3397/3095 2233/3399/3097
f 2232/3398/3096 2233/3399/3097 2225/3400/3098
f 2225/3400/3098 2233/3399/3097 2234/3401/3099
f 2225/3400/3098 2234/3401/3099 2224/3402/3100
f 2224/3402/3100 2234/3401/3099 2235/3403/3101
f 2224/3402/3100 2235/3403/3101 2223/3404/3102
f 2223/3404/3102 2235/3403/3101 2236/3405/3103
f 2223/3404/3102 2236/3405/3103 2128/3406/3104
f 2128/3406/3104 2236/3405/3103 2129/3407/3105
f 2129/3407/3105 2236/3405/3103 2244/3408/3106
f 2129/3407/3105 2244/3408/3106 2130/3409/3107
f 2130/3409/3107 2244/3408/3106 2252/3410/3108
f 2130/3409/3107 2252/3410/3108 2131/3411/3109
f 2131/3411/3109 2252/3410/3108 2260/3412/3110
f 2131/3411/3109 2260/3412/3110 2132/3413/3111
f 2132/3413/3111 2260/3412/3110 2268/3414/3112
f 2132/3413/3111 2268/3414/3112 2133/3415/3113
f 2133/3415/3113 2268/3414/3112 2134/3416/3114
f 2134/3416/3114 2268/3414/3112 2222/3417/3115
f 2222/3417/3115 2268/3414/3112 2267/3418/3116
f 2222/3417/3115 2267/3418/3116 2221/3419/3117
f 2221/3419/3117 2267/3418/3116 2266/3420/3118
f 2221/3419/3117 2266/3420/3118 2220/3421/3119
f 2220/3421/3119 2266/3420/3118 2265/3391/3089
f 2220/3421/3119 2265/3391/3089 2219/3389/3087
f 2225/3400/3098 2226/3422/3120 2232/3398/3096
f 2232/3398/3096 2226/3422/3120 2231/3423/3121
f 2232/3398/3096 2231/3423/3121 2240/3396/3094
f 2240/3396/3094 2231/3423/3121 2239/3424/3122
f 2240/3396/3094 2239/3424/3122 2248/3394/3092
f 2248/3394/3092 2239/3424/3122 2247/3425/3123
f 2248/3394/3092 2247/3425/3123 2256/3392/3090
f 2256/3392/3090 2247/3425/3123 2255/3426/3124
f 2256/3392/3090 2255/3426/3124 2264/3390/3088
f 2264/3390/3088 2255/3426/3124 2263/3388/3086
f 2226/3422/3120 2227/3427/3125 2231/3423/3121
f 2231/3423/3121 2227/3427/3125 2230/3428/3126
f 2231/3423/3121 2230/3428/3126 2239/3424/3122
f 2239/3424/3122 2230/3428/3126 2238/3429/3127
f 2239/3424/3122 2238/3429/3127 2247/3425/3123
f 2247/3425/3123 2238/3429/3127 2246/3430/3128
f 2247/3425/3123 2246/3430/3128 2255/3426/3124
f 2255/3426/3124 2246/3430/3128 2254/3431/3129
f 2255/3426/3124 2254/3431/3129 2263/3388/3086
f 2263/3388/3086 2254/3431/3129 2262/3386/3084
f 2227/3427/3125 2228/3372/3070 2230/3428/3126
f 2230/3428/3126 2228/3372/3070 2229/3374/3072
f 2230/3428/3126 2229/3374/3072 2238/3429/3127
f 2238/3429/3127 2229/3374/3072 2237/3377/3075
f 2238/3429/3127 2237/3377/3075 2246/3430/3128
f 2246/3430/3128 2237/3377/3075 2245/3379/3077
f 2246/3430/3128 2245/3379/3077 2254/3431/3129
f 2254/3431/3129 2245/3379/3077 2253/3381/3079
f 2254/3431/3129 2253/3381/3079 2262/3386/3084
f 2262/3386/3084 2253/3381/3079 2261/3383/3081
f 2234/3401/3099 2233/3399/3097 2242/3432/3130
f 2242/3432/3130 2233/3399/3097 2241/3397/3095
f 2242/3432/3130 2241/3397/3095 2250/3433/3131
f 2250/3433/3131 2241/3397/3095 2249/3395/3093
f 2250/3433/3131 2249/3395/3093 2258/3434/3132
f 2258/3434/3132 2249/3395/3093 2257/3393/3091
f 2258/3434/3132 2257/3393/3091 2266/3420/3118
f 2266/3420/3118 2257/3393/3091 2265/3391/3089
f 2244/3408/3106 2236/3405/3103 2235/3403/3101
f 2235/3403/3101 2234/3401/3099 2243/3435/3133
f 2243/3435/3133 2234/3401/3099 2242/3432/3130
f 2243/3435/3133 2242/3432/3130 2251/3436/3134
f 2251/3436/3134 2242/3432/3130 2250/3433/3131
f 2251/3436/3134 2250/3433/3131 2259/3437/3135
f 2259/3437/3135 2250/3433/3131 2258/3434/3132
f 2259/3437/3135 2258/3434/3132 2267/3418/3116
f 2267/3418/3116 2258/3434/3132 2266/3420/3118
f 2252/3410/3108 2244/3408/3106 2243/3435/3133
f 2243/3435/3133 2244/3408/3106 2235/3403/3101
f 2252/3410/3108 2243/3435/3133 2251/3436/3134
f 2260/3412/3110 2252/3410/3108 2251/3436/3134
f 2260/3412/3110 2251/3436/3134 2259/3437/3135
f 2268/3414/3112 2260/3412/3110 2259/3437/3135
f 2268/3414/3112 2259/3437/3135 2267/3418/3116
f 2078/3438/3136 2073/3439/3137 2079/3440/3138
f 2079/3440/3138 2073/3439/3137 2155/3441/3139
f 2079/3440/3138 2155/3441/3139 2135/3442/3140
f 2135/3442/3140 2155/3441/3139 2154/3443/3141
f 2135/3442/3140 2154/3443/3141 2153/3444/3142
f 2073/3439/3137 2078/3438/3136 2074/3445/3143
f 2074/3445/3143 2078/3438/3136 2077/3446/3144
f 2074/3445/3143 2077/3446/3144 2075/3447/3145
f 2075/3447/3145 2077/3446/3144 2076/3448/3146
f 2073/3439/3137 2216/3449/3147 2155/3441/3139
f 2155/3441/3139 2216/3449/3147 2275/3450/3148
f 2275/3450/3148 2216/3449/3147 2210/3451/3149
f 2275/3450/3148 2210/3451/3149 2269/3452/3150
f 2215/3453/3151 2214/3454/3152 2216/3449/3147
f 2216/3449/3147 2214/3454/3152 2213/3455/3153
f 2216/3449/3147 2213/3455/3153 2212/3456/3154
f 2212/3456/3154 2211/3457/3155 2216/3449/3147
f 2216/3449/3147 2211/3457/3155 2210/3451/3149
f 2269/3452/3150 2270/3458/3156 2275/3450/3148
f 2275/3450/3148 2270/3458/3156 2271/3459/3157
f 2275/3450/3148 2271/3459/3157 2274/3460/3158
f 2274/3460/3158 2271/3459/3157 2273/3461/3159
f 2273/3461/3159 2271/3459/3157 2272/3462/3160
f 2153/3444/3142 2152/3463/3161 2135/3442/3140
f 2135/3442/3140 2152/3463/3161 2151/3464/3162
f 2135/3442/3140 2151/3464/3162 2150/3465/3163
f 2269/3466/3164 2210/3467/3071 2287/3468/3165
f 2287/3468/3165 2210/3467/3071 2228/3469/3070
f 2287/3468/3165 2228/3469/3070 2286/3470/3166
f 2286/3470/3166 2228/3469/3070 2227/3471/3125
f 2286/3470/3166 2227/3471/3125 2285/3472/3167
f 2285/3472/3167 2227/3471/3125 2226/3473/3120
f 2285/3472/3167 2226/3473/3120 2284/3474/3168
f 2284/3474/3168 2226/3473/3120 2225/3475/3098
f 2284/3474/3168 2225/3475/3098 2283/3476/3169
f 2283/3476/3169 2225/3475/3098 2224/3477/3100
f 2283/3476/3169 2224/3477/3100 2282/3478/3170
f 2282/3478/3170 2224/3477/3100 2223/3479/3102
f 2282/3478/3170 2223/3479/3102 2209/3480/3171
f 2209/3480/3171 2223/3479/3102 2127/3481/3172
f 2209/3480/3171 2127/3481/3172 2276/3482/3173
f 2223/3479/3102 2128/3483/3104 2127/3481/3172
f 2277/3484/3174 2278/3485/3175 2276/3482/3173
f 2276/3482/3173 2278/3485/3175 2279/3486/3176
f 2276/3482/3173 2279/3486/3176 2281/3487/3177
f 2281/3487/3177 2279/3486/3176 2280/3488/3178
f 2281/3487/3177 2209/3480/3171 2276/3482/3173
f 2209/3480/3171 2208/3489/3179 2282/3478/3170
f 2293/3490/3180 2275/3491/3181 2294/3492/3182
f 2294/3492/3182 2275/3491/3181 2274/3493/3183
f 2294/3492/3182 2274/3493/3183 2302/3494/3184
f 2302/3494/3184 2274/3493/3183 2273/3495/3185
f 2302/3494/3184 2273/3495/3185 2310/3496/3186
f 2310/3496/3186 2273/3495/3185 2272/3497/3187
f 2310/3496/3186 2272/3497/3187 2318/3498/3188
f 2318/3498/3188 2272/3497/3187 2271/3499/3189
f 2318/3498/3188 2271/3499/3189 2326/3500/3190
f 2326/3500/3190 2271/3499/3189 2270/3501/3191
f 2326/3500/3190 2270/3501/3191 2269/3502/3164
f 2269/3502/3164 2287/3503/3165 2326/3500/3190
f 2326/3500/3190 2287/3503/3165 2327/3504/3192
f 2326/3500/3190 2327/3504/3192 2318/3498/3188
f 2318/3498/3188 2327/3504/3192 2319/3505/3193
f 2318/3498/3188 2319/3505/3193 2310/3496/3186
f 2310/3496/3186 2319/3505/3193 2311/3506/3194
f 2310/3496/3186 2311/3506/3194 2302/3494/3184
f 2302/3494/3184 2311/3506/3194 2303/3507/3195
f 2302/3494/3184 2303/3507/3195 2294/3492/3182
f 2294/3492/3182 2303/3507/3195 2295/3508/3196
f 2294/3492/3182 2295/3508/3196 2293/3490/3180
f 2293/3490/3180 2295/3508/3196 2292/3509/3197
f 2292/3509/3197 2295/3508/3196 2296/3510/3198
f 2292/3509/3197 2296/3510/3198 2291/3511/3199
f 2291/3511/3199 2296/3510/3198 2297/3512/3200
f 2291/3511/3199 2297/3512/3200 2298/3513/3201
f 2298/3513/3201 2297/3512/3200 2306/3514/3202
f 2298/3513/3201 2306/3514/3202 2307/3515/3203
f 2307/3515/3203 2306/3514/3202 2315/3516/3204
f 2307/3515/3203 2315/3516/3204 2316/3517/3205
f 2316/3517/3205 2315/3516/3204 2324/3518/3206
f 2316/3517/3205 2324/3518/3206 2325/3519/3207
f 2325/3519/3207 2324/3518/3206 2333/3520/3208
f 2325/3519/3207 2333/3520/3208 2207/3521/3209
f 2207/3521/3209 2333/3520/3208 2208/3522/3179
f 2208/3522/3179 2333/3520/3208 2282/3523/3170
f 2282/3523/3170 2333/3520/3208 2332/3524/3210
f 2282/3523/3170 2332/3524/3210 2283/3525/3169
f 2283/3525/3169 2332/3524/3210 2331/3526/3211
f 2283/3525/3169 2331/3526/3211 2284/3527/3168
f 2284/3527/3168 2331/3526/3211 2330/3528/3212
f 2284/3527/3168 2330/3528/3212 2329/3529/3213
f 2329/3529/3213 2330/3528/3212 2321/3530/3214
f 2329/3529/3213 2321/3530/3214 2320/3531/3215
f 2320/3531/3215 2321/3530/3214 2312/3532/3216
f 2320/3531/3215 2312/3532/3216 2311/3506/3194
f 2311/3506/3194 2312/3532/3216 2303/3507/3195
f 2287/3503/3165 2286/3533/3166 2327/3504/3192
f 2327/3504/3192 2286/3533/3166 2328/3534/3217
f 2327/3504/3192 2328/3534/3217 2319/3505/3193
f 2319/3505/3193 2328/3534/3217 2320/3531/3215
f 2319/3505/3193 2320/3531/3215 2311/3506/3194
f 2286/3533/3166 2285/3535/3167 2328/3534/3217
f 2328/3534/3217 2285/3535/3167 2329/3529/3213
f 2328/3534/3217 2329/3529/3213 2320/3531/3215
f 2285/3535/3167 2284/3527/3168 2329/3529/3213
f 2207/3521/3209 2206/3536/3218 2325/3519/3207
f 2325/3519/3207 2206/3536/3218 2317/3537/3219
f 2325/3519/3207 2317/3537/3219 2316/3517/3205
f 2316/3517/3205 2317/3537/3219 2308/3538/3220
f 2316/3517/3205 2308/3538/3220 2307/3515/3203
f 2307/3515/3203 2308/3538/3220 2299/3539/3221
f 2307/3515/3203 2299/3539/3221 2298/3513/3201
f 2298/3513/3201 2299/3539/3221 2290/3540/3222
f 2298/3513/3201 2290/3540/3222 2291/3511/3199
f 2206/3536/3218 2205/3541/3223 2317/3537/3219
f 2317/3537/3219 2205/3541/3223 2309/3542/3224
f 2317/3537/3219 2309/3542/3224 2308/3538/3220
f 2308/3538/3220 2309/3542/3224 2300/3543/3225
f 2308/3538/3220 2300/3543/3225 2299/3539/3221
f 2299/3539/3221 2300/3543/3225 2289/3544/3226
f 2299/3539/3221 2289/3544/3226 2290/3540/3222
f 2205/3541/3223 2204/3545/3227 2309/3542/3224
f 2309/3542/3224 2204/3545/3227 2301/3546/3228
f 2309/3542/3224 2301/3546/3228 2300/3543/3225
f 2300/3543/3225 2301/3546/3228 2288/3547/3229
f 2300/3543/3225 2288/3547/3229 2289/3544/3226
f 2204/3545/3227 2203/3548/3230 2301/3546/3228
f 2301/3546/3228 2203/3548/3230 2202/3549/3231
f 2301/3546/3228 2202/3549/3231 2288/3547/3229
f 2296/3510/3198 2295/3508/3196 2304/3550/3232
f 2304/3550/3232 2295/3508/3196 2303/3507/3195
f 2304/3550/3232 2303/3507/3195 2312/3532/3216
f 2297/3512/3200 2296/3510/3198 2305/3551/3233
f 2305/3551/3233 2296/3510/3198 2304/3550/3232
f 2305/3551/3233 2304/3550/3232 2313/3552/3234
f 2313/3552/3234 2304/3550/3232 2312/3532/3216
f 2313/3552/3234 2312/3532/3216 2321/3530/3214
f 2297/3512/3200 2305/3551/3233 2306/3514/3202
f 2306/3514/3202 2305/3551/3233 2314/3553/3235
f 2306/3514/3202 2314/3553/3235 2315/3516/3204
f 2315/3516/3204 2314/3553/3235 2323/3554/3236
f 2315/3516/3204 2323/3554/3236 2324/3518/3206
f 2324/3518/3206 2323/3554/3236 2332/3524/3210
f 2324/3518/3206 2332/3524/3210 2333/3520/3208
f 2314/3553/3235 2305/3551/3233 2313/3552/3234
f 2314/3553/3235 2313/3552/3234 2322/3555/3237
f 2322/3555/3237 2313/3552/3234 2321/3530/3214
f 2322/3555/3237 2321/3530/3214 2330/3528/3212
f 2314/3553/3235 2322/3555/3237 2323/3554/3236
f 2323/3554/3236 2322/3555/3237 2331/3526/3211
f 2323/3554/3236 2331/3526/3211 2332/3524/3210
f 2331/3526/3211 2322/3555/3237 2330/3528/3212
f 2279/3556/3176 2278/3557/3175 2345/3558/3238
f 2345/3558/3238 2278/3557/3175 2334/3559/3239
f 2345/3558/3238 2334/3559/3239 2344/3560/3240
f 2344/3560/3240 2334/3559/3239 2335/3561/3241
f 2344/3560/3240 2335/3561/3241 2343/3562/3242
f 2343/3562/3242 2335/3561/3241 2336/3563/3243
f 2343/3562/3242 2336/3563/3243 2342/3564/3244
f 2342/3564/3244 2336/3563/3243 2337/3565/3245
f 2342/3564/3244 2337/3565/3245 2341/3566/3246
f 2341/3566/3246 2337/3565/3245 2338/3567/3247
f 2341/3566/3246 2338/3567/3247 2340/3568/3248
f 2340/3568/3248 2338/3567/3247 2339/3569/3249
f 2340/3570/3248 2339/3571/3249 2347/3572/3250
f 2347/3572/3250 2339/3571/3249 2346/3573/3251
f 2338/3574/3252 2337/3575/3253 2339/3576/3254
f 2339/3576/3254 2337/3575/3253 2336/3577/3255
f 2339/3576/3254 2336/3577/3255 2335/3578/3256
f 2335/3578/3256 2334/3579/3257 2339/3576/3254
f 2339/3576/3254 2334/3579/3257 2278/3580/3258
f 2339/3576/3254 2278/3580/3258 2348/3581/3259
f 2348/3581/3259 2278/3580/3258 2277/3582/3260
f 2348/3581/3259 2346/3583/3261 2339/3576/3254
f 2209/3584/3262 2281/3585/3263 2143/3586/3264
f 2143/3586/3264 2281/3585/3263 2349/3587/3265
f 2281/3588/3266 2280/3589/3267 2349/3590/3268
f 2349/3590/3268 2280/3589/3267 2350/3591/3269
f 2277/3592/3270 2276/3593/3271 2348/3594/3272
f 2348/3594/3272 2276/3593/3271 2351/3595/3273
f 2276/3596/3274 2127/3597/3275 2351/3598/3276
f 2351/3598/3276 2127/3597/3275 2126/3599/3277
f 2345/3600/3278 2340/3601/3279 2279/3602/3280
f 2279/3602/3280 2340/3601/3279 2350/3603/3281
f 2279/3602/3280 2350/3603/3281 2280/3604/3282
f 2345/3600/3278 2344/3605/3283 2340/3601/3279
f 2340/3601/3279 2344/3605/3283 2343/3606/3284
f 2340/3601/3279 2343/3606/3284 2342/3607/3285
f 2342/3607/3285 2341/3608/3286 2340/3601/3279
f 2340/3601/3279 2347/3609/3287 2350/3603/3281
f 2126/3610/3288 2143/3611/3289 2351/3612/3290
f 2351/3612/3290 2143/3611/3289 2349/3613/3291
f 2351/3612/3290 2349/3613/3291 2346/3614/3292
f 2346/3614/3292 2349/3613/3291 2347/3615/3293
f 2347/3615/3293 2349/3613/3291 2350/3616/3294
f 2346/3614/3292 2348/3617/3295 2351/3612/3290
f 2144/3618/2997 2161/3619/2996 2202/3620/3231
f 2202/3620/3231 2161/3619/2996 2288/3621/3229
f 2288/3621/3229 2161/3619/2996 2160/3622/3013
f 2288/3621/3229 2160/3622/3013 2289/3623/3226
f 2289/3623/3226 2160/3622/3013 2159/3624/3015
f 2289/3623/3226 2159/3624/3015 2290/3625/3222
f 2290/3625/3222 2159/3624/3015 2158/3626/3038
f 2290/3625/3222 2158/3626/3038 2291/3627/3199
f 2291/3627/3199 2158/3626/3038 2157/3628/3042
f 2291/3627/3199 2157/3628/3042 2292/3629/3197
f 2292/3629/3197 2157/3628/3042 2156/3630/3045
f 2292/3629/3197 2156/3630/3045 2293/3631/3180
f 2293/3631/3180 2156/3630/3045 2155/3632/3047
f 2293/3631/3180 2155/3632/3047 2275/3633/3181
f 2216/3634/3082 2073/3635/2952 2217/3636/3083
f 2217/3636/3083 2073/3635/2952 2072/3637/2950
f 2217/3636/3083 2072/3637/2950 2218/3638/3085
f 2218/3638/3085 2072/3637/2950 2071/3639/2948
f 2218/3638/3085 2071/3639/2948 2219/3640/3087
f 2219/3640/3087 2071/3639/2948 2070/3641/2946
f 2219/3640/3087 2070/3641/2946 2220/3642/3119
f 2220/3642/3119 2070/3641/2946 2069/3643/2921
f 2220/3642/3119 2069/3643/2921 2221/3644/3117
f 2221/3644/3117 2069/3643/2921 2068/3645/2919
f 2221/3644/3117 2068/3645/2919 2222/3646/3115
f 2222/3646/3115 2068/3645/2919 2067/3647/2917
f 2222/3646/3115 2067/3647/2917 2134/3648/3114
f 2134/3648/3114 2067/3647/2917 2066/3649/2916
g Body1:6

v 220.500000 87.700000 75.000001
v 220.500000 87.700000 73.500001
v 218.500000 87.700000 73.500001
v 218.500000 87.700000 75.000001
v 220.500000 90.200000 73.500001
v 220.500000 90.200000 75.000001
v 218.500000 90.200000 75.000001
v 218.500000 90.200000 73.500001
v 220.500000 -0.000000 72.000001
v 220.500000 10.800000 72.000001
v 220.500000 21.600000 72.000001
v 220.500000 32.400000 72.000001
v 220.500000 43.200000 72.000001
v 220.500000 54.000000 72.000001
v 220.500000 64.800000 72.000001
v 220.500000 75.600000 72.000001
v 220.500000 86.400000 72.000001
v 220.500000 97.200000 72.000001
v 220.500000 97.200000 75.000001
v 220.500000 78.925000 75.000001
v 220.500000 70.150000 75.000001
v 220.500000 61.375000 75.000001
v 220.500000 52.600000 75.000001
v 220.500000 52.600000 73.500000
v 220.500000 44.600000 73.500000
v 220.500000 44.600000 75.000001
v 220.500000 35.825000 75.000001
v 220.500000 27.050000 75.000001
v 220.500000 18.275000 75.000001
v 220.500000 9.500000 75.000001
v 220.500000 9.500000 73.500001
v 220.500000 7.000000 73.500001
v 220.500000 7.000000 75.000001
v 220.500000 -0.000000 75.000001
v 220.000000 97.200000 75.000001
v 219.611771 97.148889 75.000001
v 219.250000 96.999038 75.000001
v 218.939340 96.760660 75.000001
v 218.700962 96.450000 75.000001
v 218.551111 96.088229 75.000001
v 218.500000 95.700000 75.000001
v 218.500000 78.925000 75.000001
v 218.500000 70.150000 75.000001
v 218.500000 61.375000 75.000001
v 218.500000 52.600000 75.000001
v 218.500000 95.700000 72.000001
v 218.500000 85.233333 72.000001
v 218.500000 74.766667 72.000001
v 218.500000 64.300000 72.000001
v 218.500000 53.833333 72.000001
v 218.500000 43.366667 72.000001
v 218.500000 32.900000 72.000001
v 218.500000 22.433333 72.000001
v 218.500000 11.966667 72.000001
v 218.500000 1.500000 72.000001
v 218.500000 1.500000 75.000001
v 218.500000 7.000000 75.000001
v 218.500000 7.000000 73.500001
v 218.500000 9.500000 73.500001
v 218.500000 9.500000 75.000001
v 218.500000 18.275000 75.000001
v 218.500000 27.050000 75.000001
v 218.500000 35.825000 75.000001
v 218.500000 44.600000 75.000001
v 218.500000 44.600000 73.500000
v 218.500000 52.600000 73.500000
v 218.551111 1.111771 75.000001
v 218.700962 0.750000 75.000001
v 218.939340 0.439340 75.000001
v 219.250000 0.200962 75.000001
v 219.611771 0.051111 75.000001
v 220.000000 -0.000000 75.000001
v 218.551111 1.111771 72.000001
v 218.700962 0.750000 72.000001
v 218.939340 0.439340 72.000001
v 219.250000 0.200962 72.000001
v 219.611771 0.051111 72.000001
v 220.000000 -0.000000 72.000001
v 218.551111 96.088229 72.000001
v 218.700962 96.450000 72.000001
v 218.939340 96.760660 72.000001
v 219.250000 96.999038 72.000001
v 219.611771 97.148889 72.000001
v 220.000000 97.200000 72.000001
vt 1.500000 210.500000 0.000000
vt 0.000000 210.500000 0.000000
vt 1.500000 208.500000 0.000000
vt 0.000000 208.500000 0.000000
vt -0.000000 210.500000 0.000000
vt 0.000000 208.500000 0.000000
vt 1.500000 210.500000 0.000000
vt 1.500000 208.500000 0.000000
vt 2.500000 210.500000 0.000000
vt -0.000000 210.500000 0.000000
vt 2.500000 208.500000 0.000000
vt -0.000000 208.500000 0.000000
vt -3.000000 0.000000 0.000000
vt -0.000000 0.000000 0.000000
vt -1.500000 7.000000 0.000000
vt -0.000000 10.800000 0.000000
vt -1.500000 9.500000 0.000000
vt -0.000000 21.600000 0.000000
vt -3.000000 18.275000 0.000000
vt -3.000000 27.050000 0.000000
vt -0.000000 32.400000 0.000000
vt -3.000000 35.825000 0.000000
vt -1.499999 44.600000 0.000000
vt -3.000000 44.600000 0.000000
vt -0.000000 43.200000 0.000000
vt -1.499999 52.600000 0.000000
vt -0.000000 54.000000 0.000000
vt -0.000000 64.800000 0.000000
vt -0.000000 75.600000 0.000000
vt -3.000000 70.150000 0.000000
vt -3.000000 61.375000 0.000000
vt -3.000000 52.600000 0.000000
vt -0.000000 86.400000 0.000000
vt -1.500000 87.700000 0.000000
vt -3.000000 78.925000 0.000000
vt -1.500000 90.200000 0.000000
vt -0.000000 97.200000 0.000000
vt -3.000000 97.200000 0.000000
vt -3.000000 90.200000 0.000000
vt -3.000000 87.700000 0.000000
vt -3.000000 9.500000 0.000000
vt -3.000000 7.000000 0.000000
vt -0.000000 90.200000 0.000000
vt -1.250000 96.999038 0.000000
vt -2.000000 90.200000 0.000000
vt -1.560660 96.760660 0.000000
vt -2.000000 95.700000 0.000000
vt -1.799038 96.450000 0.000000
vt -1.948889 96.088229 0.000000
vt -0.000000 97.200000 0.000000
vt -0.500000 97.200000 0.000000
vt -0.888229 97.148889 0.000000
vt -0.000000 87.700000 0.000000
vt -2.000000 87.700000 0.000000
vt -0.000000 78.925000 0.000000
vt -2.000000 78.925000 0.000000
vt -0.000000 70.150000 0.000000
vt -2.000000 70.150000 0.000000
vt -0.000000 61.375000 0.000000
vt -2.000000 61.375000 0.000000
vt -0.000000 52.600000 0.000000
vt -2.000000 52.600000 0.000000
vt -0.000000 87.700000 0.000000
vt -1.500000 87.700000 0.000000
vt -0.000000 78.925000 0.000000
vt -3.000000 85.233333 0.000000
vt -3.000000 74.766667 0.000000
vt -1.500000 90.200000 0.000000
vt -3.000000 95.700000 0.000000
vt -0.000000 95.700000 0.000000
vt -0.000000 90.200000 0.000000
vt -0.000000 70.150000 0.000000
vt -3.000000 64.300000 0.000000
vt -0.000000 61.375000 0.000000
vt -1.500001 52.600000 0.000000
vt -0.000000 52.600000 0.000000
vt -3.000000 53.833333 0.000000
vt -3.000000 43.366667 0.000000
vt -1.500001 44.600000 0.000000
vt -3.000000 32.900000 0.000000
vt -0.000000 35.825000 0.000000
vt -0.000000 27.050000 0.000000
vt -3.000000 22.433333 0.000000
vt -0.000000 18.275000 0.000000
vt -3.000000 11.966667 0.000000
vt -1.500000 9.500000 0.000000
vt -1.500000 7.000000 0.000000
vt -3.000000 1.500000 0.000000
vt -0.000000 1.500000 0.000000
vt -0.000000 7.000000 0.000000
vt -0.000000 9.500000 0.000000
vt -0.000000 44.600000 0.000000
vt 0.000000 210.500000 0.000000
vt -1.500000 210.500000 0.000000
vt -0.000000 208.500000 0.000000
vt -1.500000 208.500000 0.000000
vt -1.500000 210.500000 0.000000
vt -1.500000 208.500000 0.000000
vt -0.000000 210.500000 0.000000
vt -0.000000 208.500000 0.000000
vt -0.000000 210.500000 0.000000
vt -2.500000 210.500000 0.000000
vt -0.000000 208.500000 0.000000
vt -2.500000 208.500000 0.000000
vt -2.000000 9.500000 0.000000
vt -0.000000 9.500000 0.000000
vt -2.000000 18.275000 0.000000
vt -0.000000 18.275000 0.000000
vt -2.000000 27.050000 0.000000
vt -0.000000 27.050000 0.000000
vt -2.000000 35.825000 0.000000
vt -0.000000 35.825000 0.000000
vt -2.000000 44.600000 0.000000
vt -0.000000 44.600000 0.000000
vt -2.000000 7.000000 0.000000
vt -1.250000 0.200962 0.000000
vt -0.000000 7.000000 0.000000
vt -0.888229 0.051111 0.000000
vt -0.500000 0.000000 0.000000
vt -1.560660 0.439340 0.000000
vt -2.000000 1.500000 0.000000
vt -1.799038 0.750000 0.000000
vt -1.948889 1.111771 0.000000
vt -0.000000 0.000000 0.000000
vt 2.250000 1.178097 0.000000
vt -0.750000 1.178097 0.000000
vt 2.250000 0.785398 0.000000
vt -0.750000 0.785398 0.000000
vt 2.250000 0.392699 0.000000
vt -0.750000 0.392699 0.000000
vt 2.250000 -0.000000 0.000000
vt -0.750000 -0.000000 0.000000
vt 2.250000 -0.392699 0.000000
vt -0.750000 -0.392699 0.000000
vt 2.250000 -0.785398 0.000000
vt -0.750000 -0.785398 0.000000
vt 2.250000 -1.178097 0.000000
vt -0.750000 -1.178097 0.000000
vt -2.000000 0.000000 0.000000
vt -1.500000 0.000000 0.000000
vt -2.000000 10.800000 0.000000
vt -1.111771 0.051111 0.000000
vt -0.750000 0.200962 0.000000
vt -0.000000 11.966667 0.000000
vt -0.439340 0.439340 0.000000
vt -0.000000 1.500000 0.000000
vt -0.200962 0.750000 0.000000
vt -0.051111 1.111771 0.000000
vt -2.000000 21.600000 0.000000
vt -0.000000 22.433333 0.000000
vt -2.000000 32.400000 0.000000
vt -0.000000 32.900000 0.000000
vt -2.000000 43.200000 0.000000
vt -0.000000 43.366667 0.000000
vt -0.000000 53.833333 0.000000
vt -2.000000 54.000000 0.000000
vt -0.000000 64.300000 0.000000
vt -2.000000 64.800000 0.000000
vt -0.000000 74.766667 0.000000
vt -2.000000 75.600000 0.000000
vt -0.000000 85.233333 0.000000
vt -2.000000 86.400000 0.000000
vt -0.750000 96.999038 0.000000
vt -1.111771 97.148889 0.000000
vt -0.439340 96.760660 0.000000
vt -0.000000 95.700000 0.000000
vt -0.200962 96.450000 0.000000
vt -0.051111 96.088229 0.000000
vt -1.500000 97.200000 0.000000
vt -2.000000 97.200000 0.000000
vt 0.750000 1.178097 0.000000
vt -2.250000 1.178097 0.000000
vt 0.750000 0.785398 0.000000
vt -2.250000 0.785398 0.000000
vt 0.750000 0.392699 0.000000
vt -2.250000 0.392699 0.000000
vt 0.750000 -0.000000 0.000000
vt -2.250000 -0.000000 0.000000
vt 0.750000 -0.392699 0.000000
vt -2.250000 -0.392699 0.000000
vt 0.750000 -0.785398 0.000000
vt -2.250000 -0.785398 0.000000
vt 0.750000 -1.178097 0.000000
vt -2.250000 -1.178097 0.000000
vt -1.500000 4.500000 0.000000
vt 0.000001 4.500000 0.000000
vt -1.500000 6.500000 0.000000
vt 0.000001 6.500000 0.000000
vt -8.000000 4.500000 0.000000
vt -0.000000 4.500000 0.000000
vt -8.000000 6.500000 0.000000
vt -0.000000 6.500000 0.000000
vt -1.500001 4.500000 0.000000
vt -0.000000 4.500000 0.000000
vt -1.500001 6.500000 0.000000
vt -0.000000 6.500000 0.000000
vt 0.500000 -1.500000 0.000000
vt 1.000000 -1.500000 0.000000
vt 0.500000 1.500000 0.000000
vt 1.000000 1.500000 0.000000
vt 1.500000 -0.500000 0.000000
vt -1.500000 -0.500000 0.000000
vt 1.500000 -1.000000 0.000000
vt -1.500000 -1.000000 0.000000
vn 0.000000 1.000000 0.000000
vn 0.000000 1.000000 0.000000
vn 0.000000 1.000000 0.000000
vn 0.000000 1.000000 0.000000
vn 0.000000 -1.000000 0.000000
vn 0.000000 -1.000000 0.000000
vn 0.000000 -1.000000 0.000000
vn 0.000000 -1.000000 0.000000
vn 0.000000 0.000000 1.000000
vn 0.000000 0.000000 1.000000
vn 0.000000 0.000000 1.000000
vn 0.000000 0.000000 1.000000
vn 1.000000 0.000000 0.000000
vn 1.000000 0.000000 0.000000
vn 1.000000 0.000000 0.000000
vn 1.000000 0.000000 0.000000
vn 1.000000 0.000000 0.000000
vn 1.000000 0.000000 0.000000
vn 1.000000 0.000000 0.000000
vn 1.000000 0.000000 0.000000
vn 1.000000 0.000000 0.000000
vn 1.000000 0.000000 0.000000
vn 1.000000 0.000000 0.000000
vn 1.000000 0.000000 0.000000
vn 1.000000 0.000000 0.000000
vn 1.000000 0.000000 0.000000
vn 1.000000 0.000000 0.000000
vn 1.000000 0.000000 0.000000
vn 1.000000 0.000000 0.000000
vn 1.000000 0.000000 0.000000
vn 1.000000 0.000000 0.000000
vn 1.000000 0.000000 0.000000
vn 1.000000 0.000000 0.000000
vn 1.000000 0.000000 0.000000
vn 1.000000 0.000000 0.000000
vn 1.000000 0.000000 0.000000
vn 1.000000 0.000000 0.000000
vn 1.000000 0.000000 0.000000
vn 1.000000 0.000000 0.000000
vn 1.000000 0.000000 0.000000
vn 1.000000 0.000000 0.000000
vn 1.000000 0.000000 0.000000
vn 0.000000 0.000000 1.000000
vn 0.000000 0.000000 1.000000
vn 0.000000 0.000000 1.000000
vn 0.000000 0.000000 1.000000
vn 0.000000 0.000000 1.000000
vn 0.000000 0.000000 1.000000
vn 0.000000 0.000000 1.000000
vn 0.000000 0.000000 1.000000
vn 0.000000 0.000000 1.000000
vn 0.000000 0.000000 1.000000
vn 0.000000 0.000000 1.000000
vn 0.000000 0.000000 1.000000
vn 0.000000 0.000000 1.000000
vn 0.000000 0.000000 1.000000
vn 0.000000 0.000000 1.000000
vn 0.000000 0.000000 1.000000
vn 0.000000 0.000000 1.000000
vn 0.000000 0.000000 1.000000
vn 0.000000 0.000000 1.000000
vn 0.000000 0.000000 1.000000
vn -1.000000 -0.000000 0.000000
vn -1.000000 -0.000000 0.000000
vn -1.000000 -0.000000 0.000000
vn -1.000000 -0.000000 0.000000
vn -1.000000 -0.000000 0.000000
vn -1.000000 -0.000000 0.000000
vn -1.000000 -0.000000 0.000000
vn -1.000000 -0.000000 0.000000
vn -1.000000 -0.000000 0.000000
vn -1.000000 -0.000000 0.000000
vn -1.000000 -0.000000 0.000000
vn -1.000000 -0.000000 0.000000
vn -1.000000 -0.000000 0.000000
vn -1.000000 -0.000000 0.000000
vn -1.000000 -0.000000 0.000000
vn -1.000000 -0.000000 0.000000
vn -1.000000 -0.000000 0.000000
vn -1.000000 -0.000000 0.000000
vn -1.000000 -0.000000 0.000000
vn -1.000000 -0.000000 0.000000
vn -1.000000 -0.000000 0.000000
vn -1.000000 -0.000000 0.000000
vn -1.000000 -0.000000 0.000000
vn -1.000000 -0.000000 0.000000
vn -1.000000 -0.000000 0.000000
vn -1.000000 -0.000000 0.000000
vn -1.000000 -0.000000 0.000000
vn -1.000000 -0.000000 0.000000
vn -1.000000 -0.000000 0.000000
vn -1.000000 -0.000000 0.000000
vn -0.000000 1.000000 0.000000
vn -0.000000 1.000000 0.000000
vn -0.000000 1.000000 0.000000
vn -0.000000 1.000000 0.000000
vn 0.000000 -1.000000 0.000000
vn 0.000000 -1.000000 0.000000
vn 0.000000 -1.000000 0.000000
vn 0.000000 -1.000000 0.000000
vn 0.000000 0.000000 1.000000
vn 0.000000 0.000000 1.000000
vn 0.000000 0.000000 1.000000
vn 0.000000 0.000000 1.000000
vn 0.000000 0.000000 1.000000
vn 0.000000 0.000000 1.000000
vn 0.000000 0.000000 1.000000
vn 0.000000 0.000000 1.000000
vn 0.000000 0.000000 1.000000
vn 0.000000 0.000000 1.000000
vn 0.000000 0.000000 1.000000
vn 0.000000 0.000000 1.000000
vn 0.000000 0.000000 1.000000
vn 0.000000 0.000000 1.000000
vn 0.000000 0.000000 1.000000
vn 0.000000 0.000000 1.000000
vn 0.000000 0.000000 1.000000
vn 0.000000 0.000000 1.000000
vn 0.000000 0.000000 1.000000
vn 0.000000 0.000000 1.000000
vn 0.000000 0.000000 1.000000
vn 0.000000 0.000000 1.000000
vn 0.000000 0.000000 1.000000
vn 0.000000 0.000000 1.000000
vn -0.000000 -1.000000 0.000000
vn -0.000000 -1.000000 0.000000
vn -0.258819 -0.965926 0.000000
vn -0.258819 -0.965926 0.000000
vn -0.500000 -0.866025 0.000000
vn -0.500000 -0.866025 0.000000
vn -0.707107 -0.707107 0.000000
vn -0.707107 -0.707107 0.000000
vn -0.866025 -0.500000 0.000000
vn -0.866025 -0.500000 0.000000
vn -0.965926 -0.258819 0.000000
vn -0.965926 -0.258819 0.000000
vn -0.000000 0.000000 -1.000000
vn -0.000000 0.000000 -1.000000
vn -0.000000 0.000000 -1.000000
vn -0.000000 0.000000 -1.000000
vn -0.000000 0.000000 -1.000000
vn -0.000000 0.000000 -1.000000
vn -0.000000 0.000000 -1.000000
vn -0.000000 0.000000 -1.000000
vn -0.000000 0.000000 -1.000000
vn -0.000000 0.000000 -1.000000
vn -0.000000 0.000000 -1.000000
vn -0.000000 0.000000 -1.000000
vn -0.000000 0.000000 -1.000000
vn -0.000000 0.000000 -1.000000
vn -0.000000 0.000000 -1.000000
vn -0.000000 0.000000 -1.000000
vn -0.000000 0.000000 -1.000000
vn -0.000000 0.000000 -1.000000
vn -0.000000 0.000000 -1.000000
vn -0.000000 0.000000 -1.000000
vn -0.000000 0.000000 -1.000000
vn -0.000000 0.000000 -1.000000
vn -0.000000 0.000000 -1.000000
vn -0.000000 0.000000 -1.000000
vn -0.000000 0.000000 -1.000000
vn -0.000000 0.000000 -1.000000
vn -0.000000 0.000000 -1.000000
vn -0.000000 0.000000 -1.000000
vn -0.000000 0.000000 -1.000000
vn -0.000000 0.000000 -1.000000
vn -0.000000 0.000000 -1.000000
vn -0.000000 0.000000 -1.000000
vn -0.000000 1.000000 0.000000
vn -0.000000 1.000000 0.000000
vn -0.258819 0.965926 0.000000
vn -0.258819 0.965926 0.000000
vn -0.500000 0.866025 0.000000
vn -0.500000 0.866025 0.000000
vn -0.707107 0.707107 0.000000
vn -0.707107 0.707107 0.000000
vn -0.866025 0.500000 0.000000
vn -0.866025 0.500000 0.000000
vn -0.965926 0.258819 0.000000
vn -0.965926 0.258819 0.000000
vn 0.000000 -1.000000 0.000000
vn 0.000000 -1.000000 0.000000
vn 0.000000 -1.000000 0.000000
vn 0.000000 -1.000000 0.000000
vn 0.000000 0.000000 1.000000
vn 0.000000 0.000000 1.000000
vn 0.000000 0.000000 1.000000
vn 0.000000 0.000000 1.000000
vn -0.000000 1.000000 0.000000
vn -0.000000 1.000000 0.000000
vn -0.000000 1.000000 0.000000
vn -0.000000 1.000000 0.000000
vn 0.000000 -1.000000 0.000000
vn 0.000000 -1.000000 0.000000
vn -0.000000 1.000000 0.000000
vn -0.000000 1.000000 0.000000
f 2352/3650/3296 2353/3651/3297 2355/3652/3298
f 2355/3652/3298 2353/3651/3297 2354/3653/3299
f 2357/3654/3300 2358/3655/3301 2356/3656/3302
f 2356/3656/3302 2358/3655/3301 2359/3657/3303
f 2353/3658/3304 2356/3659/3305 2354/3660/3306
f 2354/3660/3306 2356/3659/3305 2359/3661/3307
f 2385/3662/3308 2360/3663/3309 2383/3664/3310
f 2383/3664/3310 2360/3663/3309 2361/3665/3311
f 2383/3664/3310 2361/3665/3311 2382/3666/3312
f 2382/3666/3312 2361/3665/3311 2362/3667/3313
f 2382/3666/3312 2362/3667/3313 2380/3668/3314
f 2380/3668/3314 2362/3667/3313 2379/3669/3315
f 2379/3669/3315 2362/3667/3313 2363/3670/3316
f 2379/3669/3315 2363/3670/3316 2378/3671/3317
f 2378/3671/3317 2363/3670/3316 2376/3672/3318
f 2378/3671/3317 2376/3672/3318 2377/3673/3319
f 2363/3670/3316 2364/3674/3320 2376/3672/3318
f 2376/3672/3318 2364/3674/3320 2375/3675/3321
f 2375/3675/3321 2364/3674/3320 2365/3676/3322
f 2375/3675/3321 2365/3676/3322 2366/3677/3323
f 2367/3678/3324 2372/3679/3325 2366/3677/3323
f 2366/3677/3323 2372/3679/3325 2373/3680/3326
f 2366/3677/3323 2373/3680/3326 2375/3675/3321
f 2375/3675/3321 2373/3680/3326 2374/3681/3327
f 2368/3682/3328 2353/3683/3329 2367/3678/3324
f 2367/3678/3324 2353/3683/3329 2371/3684/3330
f 2367/3678/3324 2371/3684/3330 2372/3679/3325
f 2353/3683/3329 2368/3682/3328 2356/3685/3331
f 2356/3685/3331 2368/3682/3328 2369/3686/3332
f 2356/3685/3331 2369/3686/3332 2370/3687/3333
f 2370/3687/3333 2357/3688/3334 2356/3685/3331
f 2353/3683/3329 2352/3689/3335 2371/3684/3330
f 2380/3668/3314 2381/3690/3336 2382/3666/3312
f 2383/3664/3310 2384/3691/3337 2385/3662/3308
f 2357/3692/3338 2388/3693/3339 2358/3694/3340
f 2358/3694/3340 2388/3693/3339 2389/3695/3341
f 2358/3694/3340 2389/3695/3341 2392/3696/3342
f 2392/3696/3342 2389/3695/3341 2390/3697/3343
f 2392/3696/3342 2390/3697/3343 2391/3698/3344
f 2370/3699/3345 2386/3700/3346 2357/3692/3338
f 2357/3692/3338 2386/3700/3346 2387/3701/3347
f 2357/3692/3338 2387/3701/3347 2388/3693/3339
f 2352/3702/3348 2355/3703/3349 2371/3704/3350
f 2371/3704/3350 2355/3703/3349 2393/3705/3351
f 2371/3704/3350 2393/3705/3351 2372/3706/3352
f 2372/3706/3352 2393/3705/3351 2394/3707/3353
f 2372/3706/3352 2394/3707/3353 2373/3708/3354
f 2373/3708/3354 2394/3707/3353 2395/3709/3355
f 2373/3708/3354 2395/3709/3355 2374/3710/3356
f 2374/3710/3356 2395/3709/3355 2396/3711/3357
f 2355/3712/3358 2354/3713/3359 2393/3714/3360
f 2393/3714/3360 2354/3713/3359 2398/3715/3361
f 2393/3714/3360 2398/3715/3361 2399/3716/3362
f 2354/3713/3359 2359/3717/3363 2398/3715/3361
f 2398/3715/3361 2359/3717/3363 2397/3718/3364
f 2397/3718/3364 2359/3717/3363 2392/3719/3365
f 2392/3719/3365 2359/3717/3363 2358/3720/3366
f 2393/3714/3360 2399/3716/3362 2394/3721/3367
f 2394/3721/3367 2399/3716/3362 2400/3722/3368
f 2394/3721/3367 2400/3722/3368 2395/3723/3369
f 2395/3723/3369 2400/3722/3368 2417/3724/3370
f 2395/3723/3369 2417/3724/3370 2396/3725/3371
f 2400/3722/3368 2401/3726/3372 2417/3724/3370
f 2417/3724/3370 2401/3726/3372 2402/3727/3373
f 2417/3724/3370 2402/3727/3373 2416/3728/3374
f 2416/3728/3374 2402/3727/3373 2403/3729/3375
f 2416/3728/3374 2403/3729/3375 2414/3730/3376
f 2414/3730/3376 2403/3729/3375 2413/3731/3377
f 2413/3731/3377 2403/3729/3375 2404/3732/3378
f 2413/3731/3377 2404/3732/3378 2412/3733/3379
f 2412/3733/3379 2404/3732/3378 2405/3734/3380
f 2412/3733/3379 2405/3734/3380 2410/3735/3381
f 2410/3735/3381 2405/3734/3380 2409/3736/3382
f 2409/3736/3382 2405/3734/3380 2406/3737/3383
f 2409/3736/3382 2406/3737/3383 2407/3738/3384
f 2407/3738/3384 2408/3739/3385 2409/3736/3382
f 2410/3735/3381 2411/3740/3386 2412/3733/3379
f 2414/3730/3376 2415/3741/3387 2416/3728/3374
f 2384/3742/3388 2383/3743/3389 2408/3744/3390
f 2408/3744/3390 2383/3743/3389 2409/3745/3391
f 2381/3746/3392 2411/3747/3393 2382/3748/3394
f 2382/3748/3394 2411/3747/3393 2410/3749/3395
f 2383/3750/3396 2382/3751/3397 2409/3752/3398
f 2409/3752/3398 2382/3751/3397 2410/3753/3399
f 2411/3754/3400 2381/3755/3401 2412/3756/3402
f 2412/3756/3402 2381/3755/3401 2380/3757/3403
f 2412/3756/3402 2380/3757/3403 2413/3758/3404
f 2413/3758/3404 2380/3757/3403 2379/3759/3405
f 2413/3758/3404 2379/3759/3405 2414/3760/3406
f 2414/3760/3406 2379/3759/3405 2378/3761/3407
f 2414/3760/3406 2378/3761/3407 2415/3762/3408
f 2415/3762/3408 2378/3761/3407 2377/3763/3409
f 2408/3764/3410 2421/3765/3411 2384/3766/3412
f 2384/3766/3412 2421/3765/3411 2422/3767/3413
f 2384/3766/3412 2422/3767/3413 2423/3768/3414
f 2421/3765/3411 2408/3764/3410 2420/3769/3415
f 2420/3769/3415 2408/3764/3410 2407/3770/3416
f 2420/3769/3415 2407/3770/3416 2419/3771/3417
f 2419/3771/3417 2407/3770/3416 2418/3772/3418
f 2423/3768/3414 2385/3773/3419 2384/3766/3412
f 2429/3774/3420 2423/3775/3421 2428/3776/3422
f 2428/3776/3422 2423/3775/3421 2422/3777/3423
f 2428/3776/3422 2422/3777/3423 2427/3778/3424
f 2427/3778/3424 2422/3777/3423 2421/3779/3425
f 2427/3778/3424 2421/3779/3425 2426/3780/3426
f 2426/3780/3426 2421/3779/3425 2420/3781/3427
f 2426/3780/3426 2420/3781/3427 2425/3782/3428
f 2425/3782/3428 2420/3781/3427 2419/3783/3429
f 2425/3782/3428 2419/3783/3429 2424/3784/3430
f 2424/3784/3430 2419/3783/3429 2418/3785/3431
f 2424/3784/3430 2418/3785/3431 2406/3786/3383
f 2406/3786/3383 2418/3785/3431 2407/3787/3384
f 2360/3788/3432 2429/3789/3433 2361/3790/3434
f 2361/3790/3434 2429/3789/3433 2428/3791/3435
f 2361/3790/3434 2428/3791/3435 2427/3792/3436
f 2361/3790/3434 2427/3792/3436 2405/3793/3437
f 2405/3793/3437 2427/3792/3436 2426/3794/3438
f 2405/3793/3437 2426/3794/3438 2406/3795/3439
f 2406/3795/3439 2426/3794/3438 2425/3796/3440
f 2406/3795/3439 2425/3796/3440 2424/3797/3441
f 2361/3790/3434 2405/3793/3437 2362/3798/3442
f 2362/3798/3442 2405/3793/3437 2404/3799/3443
f 2362/3798/3442 2404/3799/3443 2363/3800/3444
f 2363/3800/3444 2404/3799/3443 2403/3801/3445
f 2363/3800/3444 2403/3801/3445 2364/3802/3446
f 2364/3802/3446 2403/3801/3445 2402/3803/3447
f 2364/3802/3446 2402/3803/3447 2401/3804/3448
f 2364/3802/3446 2401/3804/3448 2365/3805/3449
f 2365/3805/3449 2401/3804/3448 2400/3806/3450
f 2365/3805/3449 2400/3806/3450 2366/3807/3451
f 2366/3807/3451 2400/3806/3450 2399/3808/3452
f 2366/3807/3451 2399/3808/3452 2367/3809/3453
f 2367/3809/3453 2399/3808/3452 2398/3810/3454
f 2367/3809/3453 2398/3810/3454 2368/3811/3455
f 2368/3811/3455 2398/3810/3454 2433/3812/3456
f 2368/3811/3455 2433/3812/3456 2434/3813/3457
f 2433/3812/3456 2398/3810/3454 2432/3814/3458
f 2432/3814/3458 2398/3810/3454 2397/3815/3459
f 2432/3814/3458 2397/3815/3459 2431/3816/3460
f 2431/3816/3460 2397/3815/3459 2430/3817/3461
f 2434/3813/3457 2435/3818/3462 2368/3811/3455
f 2368/3811/3455 2435/3818/3462 2369/3819/3463
f 2386/3820/3464 2435/3821/3465 2387/3822/3466
f 2387/3822/3466 2435/3821/3465 2434/3823/3467
f 2387/3822/3466 2434/3823/3467 2388/3824/3468
f 2388/3824/3468 2434/3823/3467 2433/3825/3469
f 2388/3824/3468 2433/3825/3469 2389/3826/3470
f 2389/3826/3470 2433/3825/3469 2432/3827/3471
f 2389/3826/3470 2432/3827/3471 2390/3828/3472
f 2390/3828/3472 2432/3827/3471 2431/3829/3473
f 2390/3828/3472 2431/3829/3473 2391/3830/3474
f 2391/3830/3474 2431/3829/3473 2430/3831/3475
f 2391/3830/3474 2430/3831/3475 2392/3832/3365
f 2392/3832/3365 2430/3831/3475 2397/3833/3364
f 2375/3834/3476 2374/3835/3477 2417/3836/3478
f 2417/3836/3478 2374/3835/3477 2396/3837/3479
f 2376/3838/3480 2375/3839/3481 2416/3840/3482
f 2416/3840/3482 2375/3839/3481 2417/3841/3483
f 2377/3842/3484 2376/3843/3485 2415/3844/3486
f 2415/3844/3486 2376/3843/3485 2416/3845/3487
f 2429/3846/3420 2360/3847/3488 2423/3848/3421
f 2423/3848/3421 2360/3847/3488 2385/3849/3489
f 2435/3850/3465 2386/3851/3464 2369/3852/3490
f 2369/3852/3490 2386/3851/3464 2370/3853/3491
g Body2:1

v 225.000000 87.700000 75.000001
v 225.000000 87.700000 73.500001
v 223.000000 87.700000 73.500001
v 223.000000 87.700000 75.000001
v 225.000000 90.200000 73.500001
v 225.000000 90.200000 75.000001
v 223.000000 90.200000 75.000001
v 223.000000 90.200000 73.500001
v 225.000000 1.500000 72.000001
v 225.000000 11.966667 72.000001
v 225.000000 22.433333 72.000001
v 225.000000 32.900000 72.000001
v 225.000000 43.366667 72.000001
v 225.000000 53.833333 72.000001
v 225.000000 64.300000 72.000001
v 225.000000 74.766667 72.000001
v 225.000000 85.233333 72.000001
v 225.000000 95.700000 72.000001
v 225.000000 95.700000 75.000001
v 225.000000 78.925000 75.000001
v 225.000000 70.150000 75.000001
v 225.000000 61.375000 75.000001
v 225.000000 52.600000 75.000001
v 225.000000 52.600000 73.500000
v 225.000000 44.600000 73.500000
v 225.000000 44.600000 75.000001
v 225.000000 35.825000 75.000001
v 225.000000 27.050000 75.000001
v 225.000000 18.275000 75.000001
v 225.000000 9.500000 75.000001
v 225.000000 9.500000 73.500001
v 225.000000 7.000000 73.500001
v 225.000000 7.000000 75.000001
v 225.000000 1.500000 75.000001
v 224.948889 96.088229 75.000001
v 224.799038 96.450000 75.000001
v 224.560660 96.760660 75.000001
v 224.250000 96.999038 75.000001
v 223.888229 97.148889 75.000001
v 223.500000 97.200000 75.000001
v 223.000000 97.200000 75.000001
v 223.000000 78.925000 75.000001
v 223.000000 70.150000 75.000001
v 223.000000 61.375000 75.000001
v 223.000000 52.600000 75.000001
v 223.000000 97.200000 72.000001
v 223.000000 86.400000 72.000001
v 223.000000 75.600000 72.000001
v 223.000000 64.800000 72.000001
v 223.000000 54.000000 72.000001
v 223.000000 43.200000 72.000001
v 223.000000 32.400000 72.000001
v 223.000000 21.600000 72.000001
v 223.000000 10.800000 72.000001
v 223.000000 -0.000000 72.000001
v 223.000000 -0.000000 75.000001
v 223.000000 7.000000 75.000001
v 223.000000 7.000000 73.500001
v 223.000000 9.500000 73.500001
v 223.000000 9.500000 75.000001
v 223.000000 18.275000 75.000001
v 223.000000 27.050000 75.000001
v 223.000000 35.825000 75.000001
v 223.000000 44.600000 75.000001
v 223.000000 44.600000 73.500000
v 223.000000 52.600000 73.500000
v 223.500000 -0.000000 75.000001
v 223.888229 0.051111 75.000001
v 224.250000 0.200962 75.000001
v 224.560660 0.439340 75.000001
v 224.799038 0.750000 75.000001
v 224.948889 1.111771 75.000001
v 223.500000 -0.000000 72.000001
v 223.888229 0.051111 72.000001
v 224.250000 0.200962 72.000001
v 224.560660 0.439340 72.000001
v 224.799038 0.750000 72.000001
v 224.948889 1.111771 72.000001
v 224.948889 96.088229 72.000001
v 224.799038 96.450000 72.000001
v 224.560660 96.760660 72.000001
v 224.250000 96.999038 72.000001
v 223.888229 97.148889 72.000001
v 223.500000 97.200000 72.000001
vt 0.000000 215.000000 0.000000
vt 0.000000 213.000000 0.000000
vt 1.500000 215.000000 0.000000
vt 1.500000 213.000000 0.000000
vt 1.500000 215.000000 0.000000
vt 0.000000 215.000000 0.000000
vt 1.500000 213.000000 0.000000
vt -0.000000 213.000000 0.000000
vt -0.000000 213.000000 0.000000
vt 2.500000 213.000000 0.000000
vt -0.000000 215.000000 0.000000
vt 2.500000 215.000000 0.000000
vt -3.000000 1.500000 0.000000
vt -0.000000 1.500000 0.000000
vt -1.500000 7.000000 0.000000
vt -0.000000 11.966667 0.000000
vt -1.500000 9.500000 0.000000
vt -3.000000 18.275000 0.000000
vt -3.000000 9.500000 0.000000
vt -0.000000 22.433333 0.000000
vt -3.000000 27.050000 0.000000
vt -0.000000 32.900000 0.000000
vt -3.000000 35.825000 0.000000
vt -1.499999 44.600000 0.000000
vt -3.000000 44.600000 0.000000
vt -0.000000 43.366667 0.000000
vt -1.499999 52.600000 0.000000
vt -0.000000 53.833333 0.000000
vt -0.000000 64.300000 0.000000
vt -0.000000 74.766667 0.000000
vt -3.000000 70.150000 0.000000
vt -3.000000 61.375000 0.000000
vt -3.000000 52.600000 0.000000
vt -3.000000 78.925000 0.000000
vt -0.000000 85.233333 0.000000
vt -1.500000 87.700000 0.000000
vt -1.500000 90.200000 0.000000
vt -0.000000 95.700000 0.000000
vt -3.000000 95.700000 0.000000
vt -3.000000 90.200000 0.000000
vt -3.000000 87.700000 0.000000
vt -3.000000 7.000000 0.000000
vt -0.000000 90.200000 0.000000
vt -0.750000 96.999038 0.000000
vt -2.000000 90.200000 0.000000
vt -1.111771 97.148889 0.000000
vt -1.500000 97.200000 0.000000
vt -0.439340 96.760660 0.000000
vt -0.000000 95.700000 0.000000
vt -0.200962 96.450000 0.000000
vt -0.051111 96.088229 0.000000
vt -2.000000 97.200000 0.000000
vt -0.000000 87.700000 0.000000
vt -2.000000 87.700000 0.000000
vt -0.000000 78.925000 0.000000
vt -2.000000 78.925000 0.000000
vt -0.000000 70.150000 0.000000
vt -2.000000 70.150000 0.000000
vt -0.000000 61.375000 0.000000
vt -2.000000 61.375000 0.000000
vt -0.000000 52.600000 0.000000
vt -2.000000 52.600000 0.000000
vt -0.000000 87.700000 0.000000
vt -1.500000 87.700000 0.000000
vt -0.000000 78.925000 0.000000
vt -3.000000 75.600000 0.000000
vt -0.000000 70.150000 0.000000
vt -3.000000 64.800000 0.000000
vt -0.000000 61.375000 0.000000
vt -1.500001 52.600000 0.000000
vt -0.000000 52.600000 0.000000
vt -3.000000 86.400000 0.000000
vt -1.500000 90.200000 0.000000
vt -3.000000 97.200000 0.000000
vt -0.000000 97.200000 0.000000
vt -0.000000 90.200000 0.000000
vt -3.000000 54.000000 0.000000
vt -3.000000 43.200000 0.000000
vt -1.500001 44.600000 0.000000
vt -3.000000 32.400000 0.000000
vt -0.000000 35.825000 0.000000
vt -0.000000 27.050000 0.000000
vt -3.000000 21.600000 0.000000
vt -0.000000 18.275000 0.000000
vt -1.500000 9.500000 0.000000
vt -0.000000 9.500000 0.000000
vt -3.000000 10.800000 0.000000
vt -1.500000 7.000000 0.000000
vt -3.000000 0.000000 0.000000
vt -0.000000 0.000000 0.000000
vt -0.000000 7.000000 0.000000
vt -0.000000 44.600000 0.000000
vt -1.500000 213.000000 0.000000
vt -0.000000 213.000000 0.000000
vt -1.500000 215.000000 0.000000
vt -0.000000 215.000000 0.000000
vt -2.500000 213.000000 0.000000
vt -0.000000 213.000000 0.000000
vt -2.500000 215.000000 0.000000
vt -0.000000 215.000000 0.000000
vt 0.000000 213.000000 0.000000
vt -0.000000 215.000000 0.000000
vt -1.500000 213.000000 0.000000
vt -1.500000 215.000000 0.000000
vt -2.000000 7.000000 0.000000
vt -0.750000 0.200962 0.000000
vt -0.000000 7.000000 0.000000
vt -0.439340 0.439340 0.000000
vt -0.000000 1.500000 0.000000
vt -0.200962 0.750000 0.000000
vt -0.051111 1.111771 0.000000
vt -2.000000 0.000000 0.000000
vt -1.500000 0.000000 0.000000
vt -1.111771 0.051111 0.000000
vt 0.750000 1.178097 0.000000
vt -2.250000 1.178097 0.000000
vt 0.750000 0.785398 0.000000
vt -2.250000 0.785398 0.000000
vt 0.750000 0.392699 0.000000
vt -2.250000 0.392699 0.000000
vt 0.750000 -0.000000 0.000000
vt -2.250000 -0.000000 0.000000
vt 0.750000 -0.392699 0.000000
vt -2.250000 -0.392699 0.000000
vt 0.750000 -0.785398 0.000000
vt -2.250000 -0.785398 0.000000
vt 0.750000 -1.178097 0.000000
vt -2.250000 -1.178097 0.000000
vt -2.000000 9.500000 0.000000
vt -0.000000 9.500000 0.000000
vt -2.000000 18.275000 0.000000
vt -0.000000 18.275000 0.000000
vt -2.000000 27.050000 0.000000
vt -0.000000 27.050000 0.000000
vt -2.000000 35.825000 0.000000
vt -0.000000 35.825000 0.000000
vt -2.000000 44.600000 0.000000
vt -0.000000 44.600000 0.000000
vt 0.750000 1.178097 0.000000
vt -2.250000 1.178097 0.000000
vt 0.750000 0.785398 0.000000
vt -2.250000 0.785398 0.000000
vt 0.750000 0.392699 0.000000
vt -2.250000 0.392699 0.000000
vt 0.750000 -0.000000 0.000000
vt -2.250000 -0.000000 0.000000
vt 0.750000 -0.392699 0.000000
vt -2.250000 -0.392699 0.000000
vt 0.750000 -0.785398 0.000000
vt -2.250000 -0.785398 0.000000
vt 0.750000 -1.178097 0.000000
vt -2.250000 -1.178097 0.000000
vt -0.000000 2.000000 0.000000
vt -1.500001 2.000000 0.000000
vt -0.000000 0.000000 0.000000
vt -1.500001 0.000000 0.000000
vt -0.000000 2.000000 0.000000
vt -8.000000 2.000000 0.000000
vt -0.000000 0.000000 0.000000
vt -8.000000 -0.000000 0.000000
vt 0.000001 2.000000 0.000000
vt -1.500000 2.000000 0.000000
vt 0.000001 0.000000 0.000000
vt -1.500000 0.000000 0.000000
vt -1.948889 1.111771 0.000000
vt -1.799038 0.750000 0.000000
vt -2.000000 1.500000 0.000000
vt -1.560660 0.439340 0.000000
vt -2.000000 11.966667 0.000000
vt -1.250000 0.200962 0.000000
vt -0.000000 10.800000 0.000000
vt -0.888229 0.051111 0.000000
vt -0.500000 0.000000 0.000000
vt -0.000000 0.000000 0.000000
vt -0.000000 21.600000 0.000000
vt -2.000000 22.433333 0.000000
vt -0.000000 32.400000 0.000000
vt -2.000000 32.900000 0.000000
vt -0.000000 43.200000 0.000000
vt -2.000000 43.366667 0.000000
vt -2.000000 53.833333 0.000000
vt -0.000000 54.000000 0.000000
vt -2.000000 64.300000 0.000000
vt -0.000000 64.800000 0.000000
vt -2.000000 74.766667 0.000000
vt -0.000000 75.600000 0.000000
vt -2.000000 85.233333 0.000000
vt -0.000000 86.400000 0.000000
vt -1.250000 96.999038 0.000000
vt -0.888229 97.148889 0.000000
vt -0.500000 97.200000 0.000000
vt -0.000000 97.200000 0.000000
vt -1.560660 96.760660 0.000000
vt -2.000000 95.700000 0.000000
vt -1.799038 96.450000 0.000000
vt -1.948889 96.088229 0.000000
vt -0.500000 1.500000 0.000000
vt -1.000000 1.500000 0.000000
vt -0.500000 -1.500000 0.000000
vt -1.000000 -1.500000 0.000000
vt -1.500000 0.500000 0.000000
vt 1.500000 0.500000 0.000000
vt -1.500000 1.000000 0.000000
vt 1.500000 1.000000 0.000000
vn 0.000000 1.000000 0.000000
vn 0.000000 1.000000 0.000000
vn 0.000000 1.000000 0.000000
vn 0.000000 1.000000 0.000000
vn 0.000000 -1.000000 0.000000
vn 0.000000 -1.000000 0.000000
vn 0.000000 -1.000000 0.000000
vn 0.000000 -1.000000 0.000000
vn 0.000000 0.000000 1.000000
vn 0.000000 0.000000 1.000000
vn 0.000000 0.000000 1.000000
vn 0.000000 0.000000 1.000000
vn 1.000000 0.000000 0.000000
vn 1.000000 0.000000 0.000000
vn 1.000000 0.000000 0.000000
vn 1.000000 0.000000 0.000000
vn 1.000000 0.000000 0.000000
vn 1.000000 0.000000 0.000000
vn 1.000000 0.000000 0.000000
vn 1.000000 0.000000 0.000000
vn 1.000000 0.000000 0.000000
vn 1.000000 0.000000 0.000000
vn 1.000000 0.000000 0.000000
vn 1.000000 0.000000 0.000000
vn 1.000000 0.000000 0.000000
vn 1.000000 0.000000 0.000000
vn 1.000000 0.000000 0.000000
vn 1.000000 0.000000 0.000000
vn 1.000000 0.000000 0.000000
vn 1.000000 0.000000 0.000000
vn 1.000000 0.000000 0.000000
vn 1.000000 0.000000 0.000000
vn 1.000000 0.000000 0.000000
vn 1.000000 0.000000 0.000000
vn 1.000000 0.000000 0.000000
vn 1.000000 0.000000 0.000000
vn 1.000000 0.000000 0.000000
vn 1.000000 0.000000 0.000000
vn 1.000000 0.000000 0.000000
vn 1.000000 0.000000 0.000000
vn 1.000000 0.000000 0.000000
vn 1.000000 0.000000 0.000000
vn 0.000000 0.000000 1.000000
vn 0.000000 0.000000 1.000000
vn 0.000000 0.000000 1.000000
vn 0.000000 0.000000 1.000000
vn 0.000000 0.000000 1.000000
vn 0.000000 0.000000 1.000000
vn 0.000000 0.000000 1.000000
vn 0.000000 0.000000 1.000000
vn 0.000000 0.000000 1.000000
vn 0.000000 0.000000 1.000000
vn 0.000000 0.000000 1.000000
vn 0.000000 0.000000 1.000000
vn 0.000000 0.000000 1.000000
vn 0.000000 0.000000 1.000000
vn 0.000000 0.000000 1.000000
vn 0.000000 0.000000 1.000000
vn 0.000000 0.000000 1.000000
vn 0.000000 0.000000 1.000000
vn 0.000000 0.000000 1.000000
vn 0.000000 0.000000 1.000000
vn -1.000000 -0.000000 0.000000
vn -1.000000 -0.000000 0.000000
vn -1.000000 -0.000000 0.000000
vn -1.000000 -0.000000 0.000000
vn -1.000000 -0.000000 0.000000
vn -1.000000 -0.000000 0.000000
vn -1.000000 -0.000000 0.000000
vn -1.000000 -0.000000 0.000000
vn -1.000000 -0.000000 0.000000
vn -1.000000 -0.000000 0.000000
vn -1.000000 -0.000000 0.000000
vn -1.000000 -0.000000 0.000000
vn -1.000000 -0.000000 0.000000
vn -1.000000 -0.000000 0.000000
vn -1.000000 -0.000000 0.000000
vn -1.000000 -0.000000 0.000000
vn -1.000000 -0.000000 0.000000
vn -1.000000 -0.000000 0.000000
vn -1.000000 -0.000000 0.000000
vn -1.000000 -0.000000 0.000000
vn -1.000000 -0.000000 0.000000
vn -1.000000 -0.000000 0.000000
vn -1.000000 -0.000000 0.000000
vn -1.000000 -0.000000 0.000000
vn -1.000000 -0.000000 0.000000
vn -1.000000 -0.000000 0.000000
vn -1.000000 -0.000000 0.000000
vn -1.000000 -0.000000 0.000000
vn -1.000000 -0.000000 0.000000
vn -1.000000 -0.000000 0.000000
vn 0.000000 -1.000000 0.000000
vn 0.000000 -1.000000 0.000000
vn 0.000000 -1.000000 0.000000
vn 0.000000 -1.000000 0.000000
vn 0.000000 0.000000 1.000000
vn 0.000000 0.000000 1.000000
vn 0.000000 0.000000 1.000000
vn 0.000000 0.000000 1.000000
vn -0.000000 1.000000 0.000000
vn -0.000000 1.000000 0.000000
vn -0.000000 1.000000 0.000000
vn -0.000000 1.000000 0.000000
vn 0.000000 0.000000 1.000000
vn 0.000000 0.000000 1.000000
vn 0.000000 0.000000 1.000000
vn 0.000000 0.000000 1.000000
vn 0.000000 0.000000 1.000000
vn 0.000000 0.000000 1.000000
vn 0.000000 0.000000 1.000000
vn 0.000000 0.000000 1.000000
vn 0.000000 0.000000 1.000000
vn 0.000000 0.000000 1.000000
vn 0.965926 -0.258819 0.000000
vn 0.965926 -0.258819 0.000000
vn 0.866025 -0.500000 0.000000
vn 0.866025 -0.500000 0.000000
vn 0.707107 -0.707107 0.000000
vn 0.707107 -0.707107 0.000000
vn 0.500000 -0.866025 0.000000
vn 0.500000 -0.866025 0.000000
vn 0.258819 -0.965926 0.000000
vn 0.258819 -0.965926 0.000000
vn 0.000000 -1.000000 0.000000
vn 0.000000 -1.000000 0.000000
vn 0.000000 0.000000 1.000000
vn 0.000000 0.000000 1.000000
vn 0.000000 0.000000 1.000000
vn 0.000000 0.000000 1.000000
vn 0.000000 0.000000 1.000000
vn 0.000000 0.000000 1.000000
vn 0.000000 0.000000 1.000000
vn 0.000000 0.000000 1.000000
vn 0.000000 0.000000 1.000000
vn 0.000000 0.000000 1.000000
vn 0.000000 1.000000 0.000000
vn 0.000000 1.000000 0.000000
vn 0.258819 0.965926 0.000000
vn 0.258819 0.965926 0.000000
vn 0.500000 0.866025 0.000000
vn 0.500000 0.866025 0.000000
vn 0.707107 0.707107 0.000000
vn 0.707107 0.707107 0.000000
vn 0.866025 0.500000 0.000000
vn 0.866025 0.500000 0.000000
vn 0.965926 0.258819 0.000000
vn 0.965926 0.258819 0.000000
vn -0.000000 1.000000 0.000000
vn -0.000000 1.000000 0.000000
vn -0.000000 1.000000 0.000000
vn -0.000000 1.000000 0.000000
vn 0.000000 0.000000 1.000000
vn 0.000000 0.000000 1.000000
vn 0.000000 0.000000 1.000000
vn 0.000000 0.000000 1.000000
vn 0.000000 -1.000000 0.000000
vn 0.000000 -1.000000 0.000000
vn 0.000000 -1.000000 0.000000
vn 0.000000 -1.000000 0.000000
vn -0.000000 0.000000 -1.000000
vn -0.000000 0.000000 -1.000000
vn -0.000000 0.000000 -1.000000
vn -0.000000 0.000000 -1.000000
vn -0.000000 0.000000 -1.000000
vn -0.000000 0.000000 -1.000000
vn -0.000000 0.000000 -1.000000
vn -0.000000 0.000000 -1.000000
vn -0.000000 0.000000 -1.000000
vn -0.000000 0.000000 -1.000000
vn -0.000000 0.000000 -1.000000
vn -0.000000 0.000000 -1.000000
vn -0.000000 0.000000 -1.000000
vn -0.000000 0.000000 -1.000000
vn -0.000000 0.000000 -1.000000
vn -0.000000 0.000000 -1.000000
vn -0.000000 0.000000 -1.000000
vn -0.000000 0.000000 -1.000000
vn -0.000000 0.000000 -1.000000
vn -0.000000 0.000000 -1.000000
vn -0.000000 0.000000 -1.000000
vn -0.000000 0.000000 -1.000000
vn -0.000000 0.000000 -1.000000
vn -0.000000 0.000000 -1.000000
vn -0.000000 0.000000 -1.000000
vn -0.000000 0.000000 -1.000000
vn -0.000000 0.000000 -1.000000
vn -0.000000 0.000000 -1.000000
vn -0.000000 0.000000 -1.000000
vn -0.000000 0.000000 -1.000000
vn -0.000000 0.000000 -1.000000
vn -0.000000 0.000000 -1.000000
vn 0.000000 -1.000000 0.000000
vn 0.000000 -1.000000 0.000000
vn -0.000000 1.000000 0.000000
vn -0.000000 1.000000 0.000000
f 2437/3854/3492 2438/3855/3493 2436/3856/3494
f 2436/3856/3494 2438/3855/3493 2439/3857/3495
f 2440/3858/3496 2441/3859/3497 2443/3860/3498
f 2443/3860/3498 2441/3859/3497 2442/3861/3499
f 2443/3862/3500 2438/3863/3501 2440/3864/3502
f 2440/3864/3502 2438/3863/3501 2437/3865/3503
f 2469/3866/3504 2444/3867/3505 2467/3868/3506
f 2467/3868/3506 2444/3867/3505 2445/3869/3507
f 2467/3868/3506 2445/3869/3507 2466/3870/3508
f 2466/3870/3508 2445/3869/3507 2464/3871/3509
f 2466/3870/3508 2464/3871/3509 2465/3872/3510
f 2445/3869/3507 2446/3873/3511 2464/3871/3509
f 2464/3871/3509 2446/3873/3511 2463/3874/3512
f 2463/3874/3512 2446/3873/3511 2447/3875/3513
f 2463/3874/3512 2447/3875/3513 2462/3876/3514
f 2462/3876/3514 2447/3875/3513 2460/3877/3515
f 2462/3876/3514 2460/3877/3515 2461/3878/3516
f 2447/3875/3513 2448/3879/3517 2460/3877/3515
f 2460/3877/3515 2448/3879/3517 2459/3880/3518
f 2459/3880/3518 2448/3879/3517 2449/3881/3519
f 2459/3880/3518 2449/3881/3519 2450/3882/3520
f 2451/3883/3521 2456/3884/3522 2450/3882/3520
f 2450/3882/3520 2456/3884/3522 2457/3885/3523
f 2450/3882/3520 2457/3885/3523 2459/3880/3518
f 2459/3880/3518 2457/3885/3523 2458/3886/3524
f 2456/3884/3522 2451/3883/3521 2455/3887/3525
f 2455/3887/3525 2451/3883/3521 2452/3888/3526
f 2455/3887/3525 2452/3888/3526 2437/3889/3527
f 2437/3889/3527 2452/3888/3526 2440/3890/3528
f 2440/3890/3528 2452/3888/3526 2453/3891/3529
f 2440/3890/3528 2453/3891/3529 2454/3892/3530
f 2454/3892/3530 2441/3893/3531 2440/3890/3528
f 2437/3889/3527 2436/3894/3532 2455/3887/3525
f 2467/3868/3506 2468/3895/3533 2469/3866/3504
f 2441/3896/3534 2473/3897/3535 2442/3898/3536
f 2442/3898/3536 2473/3897/3535 2474/3899/3537
f 2442/3898/3536 2474/3899/3537 2475/3900/3538
f 2473/3897/3535 2441/3896/3534 2472/3901/3539
f 2472/3901/3539 2441/3896/3534 2454/3902/3540
f 2472/3901/3539 2454/3902/3540 2471/3903/3541
f 2471/3903/3541 2454/3902/3540 2470/3904/3542
f 2475/3900/3538 2476/3905/3543 2442/3898/3536
f 2436/3906/3544 2439/3907/3545 2455/3908/3546
f 2455/3908/3546 2439/3907/3545 2477/3909/3547
f 2455/3908/3546 2477/3909/3547 2456/3910/3548
f 2456/3910/3548 2477/3909/3547 2478/3911/3549
f 2456/3910/3548 2478/3911/3549 2457/3912/3550
f 2457/3912/3550 2478/3911/3549 2479/3913/3551
f 2457/3912/3550 2479/3913/3551 2458/3914/3552
f 2458/3914/3552 2479/3913/3551 2480/3915/3553
f 2439/3916/3554 2438/3917/3555 2477/3918/3556
f 2477/3918/3556 2438/3917/3555 2483/3919/3557
f 2477/3918/3556 2483/3919/3557 2478/3920/3558
f 2478/3920/3558 2483/3919/3557 2484/3921/3559
f 2478/3920/3558 2484/3921/3559 2479/3922/3560
f 2479/3922/3560 2484/3921/3559 2501/3923/3561
f 2479/3922/3560 2501/3923/3561 2480/3924/3562
f 2483/3919/3557 2438/3917/3555 2482/3925/3563
f 2482/3925/3563 2438/3917/3555 2443/3926/3564
f 2482/3925/3563 2443/3926/3564 2481/3927/3565
f 2481/3927/3565 2443/3926/3564 2476/3928/3566
f 2476/3928/3566 2443/3926/3564 2442/3929/3567
f 2484/3921/3559 2485/3930/3568 2501/3923/3561
f 2501/3923/3561 2485/3930/3568 2486/3931/3569
f 2501/3923/3561 2486/3931/3569 2500/3932/3570
f 2500/3932/3570 2486/3931/3569 2487/3933/3571
f 2500/3932/3570 2487/3933/3571 2498/3934/3572
f 2498/3934/3572 2487/3933/3571 2497/3935/3573
f 2497/3935/3573 2487/3933/3571 2488/3936/3574
f 2497/3935/3573 2488/3936/3574 2496/3937/3575
f 2496/3937/3575 2488/3936/3574 2494/3938/3576
f 2496/3937/3575 2494/3938/3576 2495/3939/3577
f 2488/3936/3574 2489/3940/3578 2494/3938/3576
f 2494/3938/3576 2489/3940/3578 2493/3941/3579
f 2493/3941/3579 2489/3940/3578 2490/3942/3580
f 2493/3941/3579 2490/3942/3580 2491/3943/3581
f 2491/3943/3581 2492/3944/3582 2493/3941/3579
f 2498/3934/3572 2499/3945/3583 2500/3932/3570
f 2495/3946/3584 2494/3947/3585 2465/3948/3586
f 2465/3948/3586 2494/3947/3585 2466/3949/3587
f 2494/3950/3588 2493/3951/3589 2466/3952/3590
f 2466/3952/3590 2493/3951/3589 2467/3953/3591
f 2492/3954/3592 2468/3955/3593 2493/3956/3594
f 2493/3956/3594 2468/3955/3593 2467/3957/3595
f 2492/3958/3596 2504/3959/3597 2468/3960/3598
f 2468/3960/3598 2504/3959/3597 2505/3961/3599
f 2468/3960/3598 2505/3961/3599 2469/3962/3600
f 2469/3962/3600 2505/3961/3599 2506/3963/3601
f 2469/3962/3600 2506/3963/3601 2507/3964/3602
f 2491/3965/3603 2502/3966/3604 2492/3958/3596
f 2492/3958/3596 2502/3966/3604 2503/3967/3605
f 2492/3958/3596 2503/3967/3605 2504/3959/3597
f 2444/3968/3505 2469/3969/3504 2513/3970/3606
f 2513/3970/3606 2469/3969/3504 2507/3971/3607
f 2513/3970/3606 2507/3971/3607 2512/3972/3608
f 2512/3972/3608 2507/3971/3607 2506/3973/3609
f 2512/3972/3608 2506/3973/3609 2511/3974/3610
f 2511/3974/3610 2506/3973/3609 2505/3975/3611
f 2511/3974/3610 2505/3975/3611 2510/3976/3612
f 2510/3976/3612 2505/3975/3611 2504/3977/3613
f 2510/3976/3612 2504/3977/3613 2509/3978/3614
f 2509/3978/3614 2504/3977/3613 2503/3979/3615
f 2509/3978/3614 2503/3979/3615 2508/3980/3616
f 2508/3980/3616 2503/3979/3615 2502/3981/3617
f 2495/3982/3618 2465/3983/3619 2496/3984/3620
f 2496/3984/3620 2465/3983/3619 2464/3985/3621
f 2496/3984/3620 2464/3985/3621 2497/3986/3622
f 2497/3986/3622 2464/3985/3621 2463/3987/3623
f 2497/3986/3622 2463/3987/3623 2498/3988/3624
f 2498/3988/3624 2463/3987/3623 2462/3989/3625
f 2498/3988/3624 2462/3989/3625 2499/3990/3626
f 2499/3990/3626 2462/3989/3625 2461/3991/3627
f 2519/3992/3628 2475/3993/3629 2518/3994/3630
f 2518/3994/3630 2475/3993/3629 2474/3995/3631
f 2518/3994/3630 2474/3995/3631 2517/3996/3632
f 2517/3996/3632 2474/3995/3631 2473/3997/3633
f 2517/3996/3632 2473/3997/3633 2516/3998/3634
f 2516/3998/3634 2473/3997/3633 2472/3999/3635
f 2516/3998/3634 2472/3999/3635 2515/4000/3636
f 2515/4000/3636 2472/3999/3635 2471/4001/3637
f 2515/4000/3636 2471/4001/3637 2514/4002/3638
f 2514/4002/3638 2471/4001/3637 2470/4003/3639
f 2514/4002/3638 2470/4003/3639 2453/4004/3529
f 2453/4004/3529 2470/4003/3639 2454/4005/3530
f 2500/4006/3640 2499/4007/3641 2460/4008/3642
f 2460/4008/3642 2499/4007/3641 2461/4009/3643
f 2501/4010/3644 2500/4011/3645 2459/4012/3646
f 2459/4012/3646 2500/4011/3645 2460/4013/3647
f 2480/4014/3648 2501/4015/3649 2458/4016/3650
f 2458/4016/3650 2501/4015/3649 2459/4017/3651
f 2513/4018/3652 2512/4019/3653 2444/4020/3654
f 2444/4020/3654 2512/4019/3653 2511/4021/3655
f 2444/4020/3654 2511/4021/3655 2445/4022/3656
f 2445/4022/3656 2511/4021/3655 2510/4023/3657
f 2445/4022/3656 2510/4023/3657 2489/4024/3658
f 2489/4024/3658 2510/4023/3657 2509/4025/3659
f 2489/4024/3658 2509/4025/3659 2508/4026/3660
f 2508/4026/3660 2490/4027/3661 2489/4024/3658
f 2489/4024/3658 2488/4028/3662 2445/4022/3656
f 2445/4022/3656 2488/4028/3662 2446/4029/3663
f 2446/4029/3663 2488/4028/3662 2487/4030/3664
f 2446/4029/3663 2487/4030/3664 2447/4031/3665
f 2447/4031/3665 2487/4030/3664 2486/4032/3666
f 2447/4031/3665 2486/4032/3666 2448/4033/3667
f 2448/4033/3667 2486/4032/3666 2449/4034/3668
f 2449/4034/3668 2486/4032/3666 2485/4035/3669
f 2449/4034/3668 2485/4035/3669 2450/4036/3670
f 2450/4036/3670 2485/4035/3669 2484/4037/3671
f 2450/4036/3670 2484/4037/3671 2451/4038/3672
f 2451/4038/3672 2484/4037/3671 2483/4039/3673
f 2451/4038/3672 2483/4039/3673 2452/4040/3674
f 2452/4040/3674 2483/4039/3673 2482/4041/3675
f 2452/4040/3674 2482/4041/3675 2517/4042/3676
f 2517/4042/3676 2482/4041/3675 2518/4043/3677
f 2518/4043/3677 2482/4041/3675 2519/4044/3678
f 2519/4044/3678 2482/4041/3675 2481/4045/3679
f 2517/4042/3676 2516/4046/3680 2452/4040/3674
f 2452/4040/3674 2516/4046/3680 2453/4047/3681
f 2453/4047/3681 2516/4046/3680 2515/4048/3682
f 2453/4047/3681 2515/4048/3682 2514/4049/3683
f 2502/4050/3617 2491/4051/3684 2508/4052/3616
f 2508/4052/3616 2491/4051/3684 2490/4053/3685
f 2475/4054/3629 2519/4055/3628 2476/4056/3686
f 2476/4056/3686 2519/4055/3628 2481/4057/3687
g Body1:7

v 10.000000 44.600000 75.000000
v 20.750000 44.600000 75.000000
v 31.500000 44.600000 75.000000
v 42.250000 44.600000 75.000000
v 53.000000 44.600000 75.000000
v 63.750000 44.600000 75.000000
v 74.500000 44.600000 75.000000
v 85.250000 44.600000 75.000000
v 96.000000 44.600000 75.000000
v 106.750000 44.600000 75.000000
v 117.500000 44.600000 75.000000
v 128.250000 44.600000 75.000000
v 139.000000 44.600000 75.000000
v 149.750000 44.600000 75.000000
v 160.500000 44.600000 75.000000
v 171.250000 44.600000 75.000000
v 182.000000 44.600000 75.000000
v 192.750000 44.600000 75.000000
v 203.500000 44.600000 75.000000
v 214.250000 44.600000 75.000000
v 225.000000 44.600000 75.000000
v 225.000000 52.600000 75.000000
v 214.250000 52.600000 75.000000
v 203.500000 52.600000 75.000000
v 192.750000 52.600000 75.000000
v 182.000000 52.600000 75.000000
v 171.250000 52.600000 75.000000
v 160.500000 52.600000 75.000000
v 149.750000 52.600000 75.000000
v 139.000000 52.600000 75.000000
v 128.250000 52.600000 75.000000
v 117.500000 52.600000 75.000000
v 106.750000 52.600000 75.000000
v 96.000000 52.600000 75.000000
v 85.250000 52.600000 75.000000
v 74.500000 52.600000 75.000000
v 63.750000 52.600000 75.000000
v 53.000000 52.600000 75.000000
v 42.250000 52.600000 75.000000
v 31.500000 52.600000 75.000000
v 20.750000 52.600000 75.000000
v 10.000000 52.600000 75.000000
v 12.000000 44.600000 73.500000
v 12.000000 44.600000 72.000000
v 14.500000 44.600000 72.000000
v 14.500000 44.600000 73.500000
v 16.500000 44.600000 73.500000
v 16.500000 44.600000 72.000000
v 27.722222 44.600000 72.000000
v 38.944444 44.600000 72.000000
v 50.166667 44.600000 72.000000
v 61.388889 44.600000 72.000000
v 72.611111 44.600000 72.000000
v 83.833333 44.600000 72.000000
v 95.055556 44.600000 72.000000
v 106.277778 44.600000 72.000000
v 117.500000 44.600000 72.000000
v 128.722222 44.600000 72.000000
v 139.944444 44.600000 72.000000
v 151.166667 44.600000 72.000000
v 162.388889 44.600000 72.000000
v 173.611111 44.600000 72.000000
v 184.833333 44.600000 72.000000
v 196.055556 44.600000 72.000000
v 207.277778 44.600000 72.000000
v 218.500000 44.600000 72.000000
v 218.500000 44.600000 73.500000
v 220.500000 44.600000 73.500000
v 220.500000 44.600000 72.000000
v 223.000000 44.600000 72.000000
v 223.000000 44.600000 73.500000
v 225.000000 44.600000 73.500000
v 10.000000 44.600000 73.500000
v 14.500000 52.600000 72.000000
v 14.500000 52.600000 73.500000
v 225.000000 52.600000 73.500000
v 223.000000 52.600000 73.500000
v 223.000000 52.600000 72.000000
v 220.500000 52.600000 72.000000
v 220.500000 52.600000 73.500000
v 218.500000 52.600000 73.500000
v 218.500000 52.600000 72.000000
v 207.277778 52.600000 72.000000
v 196.055556 52.600000 72.000000
v 184.833333 52.600000 72.000000
v 173.611111 52.600000 72.000000
v 162.388889 52.600000 72.000000
v 151.166667 52.600000 72.000000
v 139.944444 52.600000 72.000000
v 128.722222 52.600000 72.000000
v 117.500000 52.600000 72.000000
v 106.277778 52.600000 72.000000
v 95.055556 52.600000 72.000000
v 83.833333 52.600000 72.000000
v 72.611111 52.600000 72.000000
v 61.388889 52.600000 72.000000
v 50.166667 52.600000 72.000000
v 38.944444 52.600000 72.000000
v 27.722222 52.600000 72.000000
v 16.500000 52.600000 72.000000
v 16.500000 52.600000 73.500000
v 12.000000 52.600000 72.000000
v 12.000000 52.600000 73.500000
v 10.000000 52.600000 73.500000
vt -107.500000 -4.000000 0.000000
vt -96.750000 -4.000000 0.000000
vt -107.500000 4.000000 0.000000
vt -96.750000 4.000000 0.000000
vt -86.000000 -4.000000 0.000000
vt -86.000000 4.000000 0.000000
vt -75.250000 -4.000000 0.000000
vt -75.250000 4.000000 0.000000
vt -64.500000 -4.000000 0.000000
vt -64.500000 4.000000 0.000000
vt -53.750000 -4.000000 0.000000
vt -53.750000 4.000000 0.000000
vt -43.000000 -4.000000 0.000000
vt -43.000000 4.000000 0.000000
vt -32.250000 -4.000000 0.000000
vt -32.250000 4.000000 0.000000
vt -21.500000 -4.000000 0.000000
vt -21.500000 4.000000 0.000000
vt -10.750000 -4.000000 0.000000
vt -10.750000 4.000000 0.000000
vt 0.000000 -4.000000 0.000000
vt 0.000000 4.000000 0.000000
vt 10.750000 -4.000000 0.000000
vt 10.750000 4.000000 0.000000
vt 21.500000 -4.000000 0.000000
vt 21.500000 4.000000 0.000000
vt 32.250000 -4.000000 0.000000
vt 32.250000 4.000000 0.000000
vt 43.000000 -4.000000 0.000000
vt 43.000000 4.000000 0.000000
vt 53.750000 -4.000000 0.000000
vt 53.750000 4.000000 0.000000
vt 64.500000 -4.000000 0.000000
vt 64.500000 4.000000 0.000000
vt 75.250000 -4.000000 0.000000
vt 75.250000 4.000000 0.000000
vt 86.000000 -4.000000 0.000000
vt 86.000000 4.000000 0.000000
vt 96.750000 -4.000000 0.000000
vt 96.750000 4.000000 0.000000
vt 107.500000 -4.000000 0.000000
vt 107.500000 4.000000 0.000000
vt 213.000000 3.000000 0.000000
vt 210.500000 3.000000 0.000000
vt 213.000000 1.500000 0.000000
vt 210.500000 1.500000 0.000000
vt 215.000000 0.000000 0.000000
vt 204.250000 0.000000 0.000000
vt 208.500000 1.500000 0.000000
vt 197.277778 3.000000 0.000000
vt 208.500000 3.000000 0.000000
vt 193.500000 0.000000 0.000000
vt 186.055556 3.000000 0.000000
vt 182.750000 0.000000 0.000000
vt 174.833333 3.000000 0.000000
vt 172.000000 0.000000 0.000000
vt 163.611111 3.000000 0.000000
vt 161.250000 0.000000 0.000000
vt 152.388889 3.000000 0.000000
vt 150.500000 0.000000 0.000000
vt 141.166667 3.000000 0.000000
vt 139.750000 0.000000 0.000000
vt 129.944444 3.000000 0.000000
vt 129.000000 0.000000 0.000000
vt 118.722222 3.000000 0.000000
vt 118.250000 0.000000 0.000000
vt 107.500000 3.000000 0.000000
vt 107.500000 0.000000 0.000000
vt 96.750000 0.000000 0.000000
vt 96.277778 3.000000 0.000000
vt 86.000000 0.000000 0.000000
vt 85.055556 3.000000 0.000000
vt 75.250000 0.000000 0.000000
vt 73.833333 3.000000 0.000000
vt 64.500000 0.000000 0.000000
vt 62.611111 3.000000 0.000000
vt 53.750000 0.000000 0.000000
vt 51.388889 3.000000 0.000000
vt 43.000000 0.000000 0.000000
vt 40.166667 3.000000 0.000000
vt 32.250000 0.000000 0.000000
vt 28.944444 3.000000 0.000000
vt 21.500000 0.000000 0.000000
vt 17.722222 3.000000 0.000000
vt 10.750000 0.000000 0.000000
vt 6.500000 1.500000 0.000000
vt 4.500000 1.500000 0.000000
vt 6.500000 3.000000 0.000000
vt 4.500000 3.000000 0.000000
vt 2.000000 3.000000 0.000000
vt 2.000000 1.500000 0.000000
vt 0.000000 0.000000 0.000000
vt 0.000000 1.500000 0.000000
vt 215.000000 1.500000 0.000000
vt -1.500000 0.000000 0.000000
vt -0.000000 0.000000 0.000000
vt -1.500000 8.000000 0.000000
vt -0.000000 8.000000 0.000000
vt 10.750000 0.000000 0.000000
vt 4.500000 1.500000 0.000000
vt 0.000000 0.000000 0.000000
vt 2.000000 1.500000 0.000000
vt 0.000000 1.500000 0.000000
vt 21.500000 0.000000 0.000000
vt 17.722222 3.000000 0.000000
vt 6.500000 1.500000 0.000000
vt 28.944444 3.000000 0.000000
vt 32.250000 0.000000 0.000000
vt 40.166667 3.000000 0.000000
vt 43.000000 0.000000 0.000000
vt 51.388889 3.000000 0.000000
vt 53.750000 0.000000 0.000000
vt 62.611111 3.000000 0.000000
vt 64.500000 0.000000 0.000000
vt 73.833333 3.000000 0.000000
vt 75.250000 0.000000 0.000000
vt 85.055556 3.000000 0.000000
vt 86.000000 0.000000 0.000000
vt 96.277778 3.000000 0.000000
vt 96.750000 0.000000 0.000000
vt 107.500000 3.000000 0.000000
vt 107.500000 0.000000 0.000000
vt 118.250000 0.000000 0.000000
vt 118.722222 3.000000 0.000000
vt 129.000000 0.000000 0.000000
vt 129.944444 3.000000 0.000000
vt 139.750000 0.000000 0.000000
vt 141.166667 3.000000 0.000000
vt 150.500000 0.000000 0.000000
vt 152.388889 3.000000 0.000000
vt 161.250000 0.000000 0.000000
vt 163.611111 3.000000 0.000000
vt 172.000000 0.000000 0.000000
vt 174.833333 3.000000 0.000000
vt 182.750000 0.000000 0.000000
vt 186.055556 3.000000 0.000000
vt 193.500000 0.000000 0.000000
vt 197.277778 3.000000 0.000000
vt 204.250000 0.000000 0.000000
vt 208.500000 1.500000 0.000000
vt 210.500000 1.500000 0.000000
vt 215.000000 0.000000 0.000000
vt 213.000000 1.500000 0.000000
vt 215.000000 1.500000 0.000000
vt 213.000000 3.000000 0.000000
vt 210.500000 3.000000 0.000000
vt 208.500000 3.000000 0.000000
vt 6.500000 3.000000 0.000000
vt 4.500000 3.000000 0.000000
vt 2.000000 3.000000 0.000000
vt 0.000000 8.000000 0.000000
vt -1.500000 8.000000 0.000000
vt 0.000000 0.000000 0.000000
vt -1.500000 0.000000 0.000000
vt -1.500000 0.000000 0.000000
vt -0.000000 0.000000 0.000000
vt -1.500000 8.000000 0.000000
vt -0.000000 8.000000 0.000000
vt 0.000000 8.000000 0.000000
vt -1.500000 8.000000 0.000000
vt 0.000000 0.000000 0.000000
vt -1.500000 0.000000 0.000000
vt -2.000000 0.000000 0.000000
vt -0.000000 0.000000 0.000000
vt -2.000000 8.000000 0.000000
vt -0.000000 8.000000 0.000000
vt -0.000000 8.000000 0.000000
vt -1.500000 8.000000 0.000000
vt -0.000000 0.000000 0.000000
vt -1.500000 0.000000 0.000000
vt -2.000000 0.000000 0.000000
vt -0.000000 0.000000 0.000000
vt -2.000000 8.000000 0.000000
vt -0.000000 8.000000 0.000000
vt -2.000000 0.000000 0.000000
vt -0.000000 0.000000 0.000000
vt -2.000000 8.000000 0.000000
vt -0.000000 8.000000 0.000000
vt -1.500000 0.000000 0.000000
vt -0.000000 0.000000 0.000000
vt -1.500000 8.000000 0.000000
vt -0.000000 8.000000 0.000000
vt -2.000000 0.000000 0.000000
vt -0.000000 0.000000 0.000000
vt -2.000000 8.000000 0.000000
vt -0.000000 8.000000 0.000000
vt 8.000000 1.500000 0.000000
vt 0.000000 1.500000 0.000000
vt 8.000000 0.000000 0.000000
vt 0.000000 0.000000 0.000000
vt -103.000000 4.000000 0.000000
vt -105.500000 4.000000 0.000000
vt -103.000000 -4.000000 0.000000
vt -105.500000 -4.000000 0.000000
vt 101.000000 4.000000 0.000000
vt 89.777778 4.000000 0.000000
vt 101.000000 -4.000000 0.000000
vt 89.777778 -4.000000 0.000000
vt 78.555556 4.000000 0.000000
vt 78.555556 -4.000000 0.000000
vt 67.333333 4.000000 0.000000
vt 67.333333 -4.000000 0.000000
vt 56.111111 4.000000 0.000000
vt 56.111111 -4.000000 0.000000
vt 44.888889 4.000000 0.000000
vt 44.888889 -4.000000 0.000000
vt 33.666667 4.000000 0.000000
vt 33.666667 -4.000000 0.000000
vt 22.444444 4.000000 0.000000
vt 22.444444 -4.000000 0.000000
vt 11.222222 4.000000 0.000000
vt 11.222222 -4.000000 0.000000
vt 0.000000 4.000000 0.000000
vt 0.000000 -4.000000 0.000000
vt -11.222222 4.000000 0.000000
vt -11.222222 -4.000000 0.000000
vt -22.444444 4.000000 0.000000
vt -22.444444 -4.000000 0.000000
vt -33.666667 4.000000 0.000000
vt -33.666667 -4.000000 0.000000
vt -44.888889 4.000000 0.000000
vt -44.888889 -4.000000 0.000000
vt -56.111111 4.000000 0.000000
vt -56.111111 -4.000000 0.000000
vt -67.333333 4.000000 0.000000
vt -67.333333 -4.000000 0.000000
vt -78.555556 4.000000 0.000000
vt -78.555556 -4.000000 0.000000
vt -89.777778 4.000000 0.000000
vt -89.777778 -4.000000 0.000000
vt -101.000000 4.000000 0.000000
vt -101.000000 -4.000000 0.000000
vt 105.500000 4.000000 0.000000
vt 103.000000 4.000000 0.000000
vt 105.500000 -4.000000 0.000000
vt 103.000000 -4.000000 0.000000
vt 8.000000 1.500000 0.000000
vt 0.000000 1.500000 0.000000
vt 8.000000 0.000000 0.000000
vt 0.000000 0.000000 0.000000
vn 0.000000 0.000000 1.000000
vn 0.000000 0.000000 1.000000
vn 0.000000 0.000000 1.000000
vn 0.000000 0.000000 1.000000
vn 0.000000 0.000000 1.000000
vn 0.000000 0.000000 1.000000
vn 0.000000 0.000000 1.000000
vn 0.000000 0.000000 1.000000
vn 0.000000 0.000000 1.000000
vn 0.000000 0.000000 1.000000
vn 0.000000 0.000000 1.000000
vn 0.000000 0.000000 1.000000
vn 0.000000 0.000000 1.000000
vn 0.000000 0.000000 1.000000
vn 0.000000 0.000000 1.000000
vn 0.000000 0.000000 1.000000
vn 0.000000 0.000000 1.000000
vn 0.000000 0.000000 1.000000
vn 0.000000 0.000000 1.000000
vn 0.000000 0.000000 1.000000
vn 0.000000 0.000000 1.000000
vn 0.000000 0.000000 1.000000
vn 0.000000 0.000000 1.000000
vn 0.000000 0.000000 1.000000
vn 0.000000 0.000000 1.000000
vn 0.000000 0.000000 1.000000
vn 0.000000 0.000000 1.000000
vn 0.000000 0.000000 1.000000
vn 0.000000 0.000000 1.000000
vn 0.000000 0.000000 1.000000
vn 0.000000 0.000000 1.000000
vn 0.000000 0.000000 1.000000
vn 0.000000 0.000000 1.000000
vn 0.000000 0.000000 1.000000
vn 0.000000 0.000000 1.000000
vn 0.000000 0.000000 1.000000
vn 0.000000 0.000000 1.000000
vn 0.000000 0.000000 1.000000
vn 0.000000 0.000000 1.000000
vn 0.000000 0.000000 1.000000
vn 0.000000 0.000000 1.000000
vn 0.000000 0.000000 1.000000
vn -0.000000 -1.000000 -0.000000
vn -0.000000 -1.000000 -0.000000
vn -0.000000 -1.000000 -0.000000
vn -0.000000 -1.000000 -0.000000
vn -0.000000 -1.000000 -0.000000
vn -0.000000 -1.000000 -0.000000
vn -0.000000 -1.000000 -0.000000
vn -0.000000 -1.000000 -0.000000
vn -0.000000 -1.000000 -0.000000
vn -0.000000 -1.000000 -0.000000
vn -0.000000 -1.000000 -0.000000
vn -0.000000 -1.000000 -0.000000
vn -0.000000 -1.000000 -0.000000
vn -0.000000 -1.000000 -0.000000
vn -0.000000 -1.000000 -0.000000
vn -0.000000 -1.000000 -0.000000
vn -0.000000 -1.000000 -0.000000
vn -0.000000 -1.000000 -0.000000
vn -0.000000 -1.000000 -0.000000
vn -0.000000 -1.000000 -0.000000
vn -0.000000 -1.000000 -0.000000
vn -0.000000 -1.000000 -0.000000
vn -0.000000 -1.000000 -0.000000
vn -0.000000 -1.000000 -0.000000
vn -0.000000 -1.000000 -0.000000
vn -0.000000 -1.000000 -0.000000
vn -0.000000 -1.000000 -0.000000
vn -0.000000 -1.000000 -0.000000
vn -0.000000 -1.000000 -0.000000
vn -0.000000 -1.000000 -0.000000
vn -0.000000 -1.000000 -0.000000
vn -0.000000 -1.000000 -0.000000
vn -0.000000 -1.000000 -0.000000
vn -0.000000 -1.000000 -0.000000
vn -0.000000 -1.000000 -0.000000
vn -0.000000 -1.000000 -0.000000
vn -0.000000 -1.000000 -0.000000
vn -0.000000 -1.000000 -0.000000
vn -0.000000 -1.000000 -0.000000
vn -0.000000 -1.000000 -0.000000
vn -0.000000 -1.000000 -0.000000
vn -0.000000 -1.000000 -0.000000
vn -0.000000 -1.000000 -0.000000
vn -0.000000 -1.000000 -0.000000
vn -0.000000 -1.000000 -0.000000
vn -0.000000 -1.000000 -0.000000
vn -0.000000 -1.000000 -0.000000
vn -0.000000 -1.000000 -0.000000
vn -0.000000 -1.000000 -0.000000
vn -0.000000 -1.000000 -0.000000
vn -0.000000 -1.000000 -0.000000
vn -0.000000 -1.000000 -0.000000
vn 1.000000 -0.000000 -0.000000
vn 1.000000 -0.000000 -0.000000
vn 1.000000 -0.000000 -0.000000
vn 1.000000 -0.000000 -0.000000
vn -0.000000 1.000000 0.000000
vn -0.000000 1.000000 0.000000
vn -0.000000 1.000000 0.000000
vn -0.000000 1.000000 0.000000
vn -0.000000 1.000000 0.000000
vn -0.000000 1.000000 0.000000
vn -0.000000 1.000000 0.000000
vn -0.000000 1.000000 0.000000
vn -0.000000 1.000000 0.000000
vn -0.000000 1.000000 0.000000
vn -0.000000 1.000000 0.000000
vn -0.000000 1.000000 0.000000
vn -0.000000 1.000000 0.000000
vn -0.000000 1.000000 0.000000
vn -0.000000 1.000000 0.000000
vn -0.000000 1.000000 0.000000
vn -0.000000 1.000000 0.000000
vn -0.000000 1.000000 0.000000
vn -0.000000 1.000000 0.000000
vn -0.000000 1.000000 0.000000
vn -0.000000 1.000000 0.000000
vn -0.000000 1.000000 0.000000
vn -0.000000 1.000000 0.000000
vn -0.000000 1.000000 0.000000
vn -0.000000 1.000000 0.000000
vn -0.000000 1.000000 0.000000
vn -0.000000 1.000000 0.000000
vn -0.000000 1.000000 0.000000
vn -0.000000 1.000000 0.000000
vn -0.000000 1.000000 0.000000
vn -0.000000 1.000000 0.000000
vn -0.000000 1.000000 0.000000
vn -0.000000 1.000000 0.000000
vn -0.000000 1.000000 0.000000
vn -0.000000 1.000000 0.000000
vn -0.000000 1.000000 0.000000
vn -0.000000 1.000000 0.000000
vn -0.000000 1.000000 0.000000
vn -0.000000 1.000000 0.000000
vn -0.000000 1.000000 0.000000
vn -0.000000 1.000000 0.000000
vn -0.000000 1.000000 0.000000
vn -0.000000 1.000000 0.000000
vn -0.000000 1.000000 0.000000
vn -0.000000 1.000000 0.000000
vn -0.000000 1.000000 0.000000
vn -0.000000 1.000000 0.000000
vn -0.000000 1.000000 0.000000
vn -0.000000 1.000000 0.000000
vn -0.000000 1.000000 0.000000
vn -0.000000 1.000000 0.000000
vn -0.000000 1.000000 0.000000
vn -1.000000 -0.000000 -0.000000
vn -1.000000 -0.000000 -0.000000
vn -1.000000 -0.000000 -0.000000
vn -1.000000 -0.000000 -0.000000
vn 1.000000 -0.000000 -0.000000
vn 1.000000 -0.000000 -0.000000
vn 1.000000 -0.000000 -0.000000
vn 1.000000 -0.000000 -0.000000
vn -1.000000 -0.000000 -0.000000
vn -1.000000 -0.000000 -0.000000
vn -1.000000 -0.000000 -0.000000
vn -1.000000 -0.000000 -0.000000
vn -0.000000 0.000000 -1.000000
vn -0.000000 0.000000 -1.000000
vn -0.000000 0.000000 -1.000000
vn -0.000000 0.000000 -1.000000
vn -1.000000 0.000000 -0.000000
vn -1.000000 0.000000 -0.000000
vn -1.000000 0.000000 -0.000000
vn -1.000000 0.000000 -0.000000
vn -0.000000 -0.000000 -1.000000
vn -0.000000 -0.000000 -1.000000
vn -0.000000 -0.000000 -1.000000
vn -0.000000 -0.000000 -1.000000
vn -0.000000 0.000000 -1.000000
vn -0.000000 0.000000 -1.000000
vn -0.000000 0.000000 -1.000000
vn -0.000000 0.000000 -1.000000
vn 1.000000 -0.000000 -0.000000
vn 1.000000 -0.000000 -0.000000
vn 1.000000 -0.000000 -0.000000
vn 1.000000 -0.000000 -0.000000
vn -0.000000 -0.000000 -1.000000
vn -0.000000 -0.000000 -1.000000
vn -0.000000 -0.000000 -1.000000
vn -0.000000 -0.000000 -1.000000
vn 1.000000 0.000000 0.000000
vn 1.000000 0.000000 0.000000
vn 1.000000 0.000000 0.000000
vn 1.000000 0.000000 0.000000
vn 0.000000 0.000000 -1.000000
vn 0.000000 0.000000 -1.000000
vn 0.000000 0.000000 -1.000000
vn 0.000000 0.000000 -1.000000
vn 0.000000 0.000000 -1.000000
vn 0.000000 0.000000 -1.000000
vn 0.000000 0.000000 -1.000000
vn 0.000000 0.000000 -1.000000
vn 0.000000 0.000000 -1.000000
vn 0.000000 0.000000 -1.000000
vn 0.000000 0.000000 -1.000000
vn 0.000000 0.000000 -1.000000
vn 0.000000 0.000000 -1.000000
vn 0.000000 0.000000 -1.000000
vn 0.000000 0.000000 -1.000000
vn 0.000000 0.000000 -1.000000
vn 0.000000 0.000000 -1.000000
vn 0.000000 0.000000 -1.000000
vn 0.000000 0.000000 -1.000000
vn 0.000000 0.000000 -1.000000
vn 0.000000 0.000000 -1.000000
vn 0.000000 0.000000 -1.000000
vn 0.000000 0.000000 -1.000000
vn 0.000000 0.000000 -1.000000
vn 0.000000 0.000000 -1.000000
vn 0.000000 0.000000 -1.000000
vn 0.000000 0.000000 -1.000000
vn 0.000000 0.000000 -1.000000
vn 0.000000 0.000000 -1.000000
vn 0.000000 0.000000 -1.000000
vn 0.000000 0.000000 -1.000000
vn 0.000000 0.000000 -1.000000
vn 0.000000 0.000000 -1.000000
vn 0.000000 0.000000 -1.000000
vn 0.000000 0.000000 -1.000000
vn 0.000000 0.000000 -1.000000
vn 0.000000 0.000000 -1.000000
vn 0.000000 0.000000 -1.000000
vn 0.000000 0.000000 -1.000000
vn 0.000000 0.000000 -1.000000
vn 0.000000 0.000000 -1.000000
vn 0.000000 0.000000 -1.000000
vn 0.000000 0.000000 -1.000000
vn 0.000000 0.000000 -1.000000
vn 0.000000 0.000000 -1.000000
vn 0.000000 0.000000 -1.000000
vn -1.000000 0.000000 0.000000
vn -1.000000 0.000000 0.000000
vn -1.000000 0.000000 0.000000
vn -1.000000 0.000000 0.000000
f 2520/4058/3688 2521/4059/3689 2561/4060/3690
f 2561/4060/3690 2521/4059/3689 2560/4061/3691
f 2560/4061/3691 2521/4059/3689 2522/4062/3692
f 2560/4061/3691 2522/4062/3692 2559/4063/3693
f 2559/4063/3693 2522/4062/3692 2523/4064/3694
f 2559/4063/3693 2523/4064/3694 2558/4065/3695
f 2558/4065/3695 2523/4064/3694 2524/4066/3696
f 2558/4065/3695 2524/4066/3696 2557/4067/3697
f 2557/4067/3697 2524/4066/3696 2525/4068/3698
f 2557/4067/3697 2525/4068/3698 2556/4069/3699
f 2556/4069/3699 2525/4068/3698 2526/4070/3700
f 2556/4069/3699 2526/4070/3700 2555/4071/3701
f 2555/4071/3701 2526/4070/3700 2527/4072/3702
f 2555/4071/3701 2527/4072/3702 2554/4073/3703
f 2554/4073/3703 2527/4072/3702 2528/4074/3704
f 2554/4073/3703 2528/4074/3704 2553/4075/3705
f 2553/4075/3705 2528/4074/3704 2529/4076/3706
f 2553/4075/3705 2529/4076/3706 2552/4077/3707
f 2552/4077/3707 2529/4076/3706 2530/4078/3708
f 2552/4077/3707 2530/4078/3708 2551/4079/3709
f 2551/4079/3709 2530/4078/3708 2531/4080/3710
f 2551/4079/3709 2531/4080/3710 2550/4081/3711
f 2550/4081/3711 2531/4080/3710 2532/4082/3712
f 2550/4081/3711 2532/4082/3712 2549/4083/3713
f 2549/4083/3713 2532/4082/3712 2533/4084/3714
f 2549/4083/3713 2533/4084/3714 2548/4085/3715
f 2548/4085/3715 2533/4084/3714 2534/4086/3716
f 2548/4085/3715 2534/4086/3716 2547/4087/3717
f 2547/4087/3717 2534/4086/3716 2535/4088/3718
f 2547/4087/3717 2535/4088/3718 2546/4089/3719
f 2546/4089/3719 2535/4088/3718 2536/4090/3720
f 2546/4089/3719 2536/4090/3720 2545/4091/3721
f 2545/4091/3721 2536/4090/3720 2537/4092/3722
f 2545/4091/3721 2537/4092/3722 2544/4093/3723
f 2544/4093/3723 2537/4092/3722 2538/4094/3724
f 2544/4093/3723 2538/4094/3724 2543/4095/3725
f 2543/4095/3725 2538/4094/3724 2539/4096/3726
f 2543/4095/3725 2539/4096/3726 2542/4097/3727
f 2542/4097/3727 2539/4096/3726 2540/4098/3728
f 2542/4097/3727 2540/4098/3728 2541/4099/3729
f 2563/4100/3730 2564/4101/3731 2562/4102/3732
f 2562/4102/3732 2564/4101/3731 2565/4103/3733
f 2562/4102/3732 2565/4103/3733 2520/4104/3734
f 2520/4104/3734 2565/4103/3733 2521/4105/3735
f 2521/4105/3735 2565/4103/3733 2566/4106/3736
f 2521/4105/3735 2566/4106/3736 2568/4107/3737
f 2568/4107/3737 2566/4106/3736 2567/4108/3738
f 2521/4105/3735 2568/4107/3737 2522/4109/3739
f 2522/4109/3739 2568/4107/3737 2569/4110/3740
f 2522/4109/3739 2569/4110/3740 2523/4111/3741
f 2523/4111/3741 2569/4110/3740 2570/4112/3742
f 2523/4111/3741 2570/4112/3742 2524/4113/3743
f 2524/4113/3743 2570/4112/3742 2571/4114/3744
f 2524/4113/3743 2571/4114/3744 2525/4115/3745
f 2525/4115/3745 2571/4114/3744 2572/4116/3746
f 2525/4115/3745 2572/4116/3746 2526/4117/3747
f 2526/4117/3747 2572/4116/3746 2573/4118/3748
f 2526/4117/3747 2573/4118/3748 2527/4119/3749
f 2527/4119/3749 2573/4118/3748 2574/4120/3750
f 2527/4119/3749 2574/4120/3750 2528/4121/3751
f 2528/4121/3751 2574/4120/3750 2575/4122/3752
f 2528/4121/3751 2575/4122/3752 2529/4123/3753
f 2529/4123/3753 2575/4122/3752 2576/4124/3754
f 2529/4123/3753 2576/4124/3754 2530/4125/3755
f 2530/4125/3755 2576/4124/3754 2531/4126/3756
f 2531/4126/3756 2576/4124/3754 2577/4127/3757
f 2531/4126/3756 2577/4127/3757 2532/4128/3758
f 2532/4128/3758 2577/4127/3757 2578/4129/3759
f 2532/4128/3758 2578/4129/3759 2533/4130/3760
f 2533/4130/3760 2578/4129/3759 2579/4131/3761
f 2533/4130/3760 2579/4131/3761 2534/4132/3762
f 2534/4132/3762 2579/4131/3761 2580/4133/3763
f 2534/4132/3762 2580/4133/3763 2535/4134/3764
f 2535/4134/3764 2580/4133/3763 2581/4135/3765
f 2535/4134/3764 2581/4135/3765 2536/4136/3766
f 2536/4136/3766 2581/4135/3765 2582/4137/3767
f 2536/4136/3766 2582/4137/3767 2537/4138/3768
f 2537/4138/3768 2582/4137/3767 2583/4139/3769
f 2537/4138/3768 2583/4139/3769 2538/4140/3770
f 2538/4140/3770 2583/4139/3769 2584/4141/3771
f 2538/4140/3770 2584/4141/3771 2539/4142/3772
f 2539/4142/3772 2584/4141/3771 2586/4143/3773
f 2539/4142/3772 2586/4143/3773 2587/4144/3774
f 2584/4141/3771 2585/4145/3775 2586/4143/3773
f 2588/4146/3776 2589/4147/3777 2587/4144/3774
f 2587/4144/3774 2589/4147/3777 2590/4148/3778
f 2587/4144/3774 2590/4148/3778 2540/4149/3779
f 2540/4149/3779 2590/4148/3778 2591/4150/3780
f 2540/4149/3779 2539/4142/3772 2587/4144/3774
f 2520/4104/3734 2592/4151/3781 2562/4102/3732
f 2565/4152/3782 2564/4153/3783 2594/4154/3784
f 2594/4154/3784 2564/4153/3783 2593/4155/3785
f 2560/4156/3786 2594/4157/3787 2561/4158/3788
f 2561/4158/3788 2594/4157/3787 2622/4159/3789
f 2561/4158/3788 2622/4159/3789 2623/4160/3790
f 2559/4161/3791 2618/4162/3792 2560/4156/3786
f 2560/4156/3786 2618/4162/3792 2620/4163/3793
f 2560/4156/3786 2620/4163/3793 2594/4157/3787
f 2618/4162/3792 2559/4161/3791 2617/4164/3794
f 2617/4164/3794 2559/4161/3791 2558/4165/3795
f 2617/4164/3794 2558/4165/3795 2616/4166/3796
f 2616/4166/3796 2558/4165/3795 2557/4167/3797
f 2616/4166/3796 2557/4167/3797 2615/4168/3798
f 2615/4168/3798 2557/4167/3797 2556/4169/3799
f 2615/4168/3798 2556/4169/3799 2614/4170/3800
f 2614/4170/3800 2556/4169/3799 2555/4171/3801
f 2614/4170/3800 2555/4171/3801 2613/4172/3802
f 2613/4172/3802 2555/4171/3801 2554/4173/3803
f 2613/4172/3802 2554/4173/3803 2612/4174/3804
f 2612/4174/3804 2554/4173/3803 2553/4175/3805
f 2612/4174/3804 2553/4175/3805 2611/4176/3806
f 2611/4176/3806 2553/4175/3805 2552/4177/3807
f 2611/4176/3806 2552/4177/3807 2610/4178/3808
f 2610/4178/3808 2552/4177/3807 2551/4179/3809
f 2610/4178/3808 2551/4179/3809 2550/4180/3810
f 2610/4178/3808 2550/4180/3810 2609/4181/3811
f 2609/4181/3811 2550/4180/3810 2549/4182/3812
f 2609/4181/3811 2549/4182/3812 2608/4183/3813
f 2608/4183/3813 2549/4182/3812 2548/4184/3814
f 2608/4183/3813 2548/4184/3814 2607/4185/3815
f 2607/4185/3815 2548/4184/3814 2547/4186/3816
f 2607/4185/3815 2547/4186/3816 2606/4187/3817
f 2606/4187/3817 2547/4186/3816 2546/4188/3818
f 2606/4187/3817 2546/4188/3818 2605/4189/3819
f 2605/4189/3819 2546/4188/3818 2545/4190/3820
f 2605/4189/3819 2545/4190/3820 2604/4191/3821
f 2604/4191/3821 2545/4190/3820 2544/4192/3822
f 2604/4191/3821 2544/4192/3822 2603/4193/3823
f 2603/4193/3823 2544/4192/3822 2543/4194/3824
f 2603/4193/3823 2543/4194/3824 2602/4195/3825
f 2602/4195/3825 2543/4194/3824 2542/4196/3826
f 2602/4195/3825 2542/4196/3826 2600/4197/3827
f 2600/4197/3827 2542/4196/3826 2599/4198/3828
f 2599/4198/3828 2542/4196/3826 2541/4199/3829
f 2599/4198/3828 2541/4199/3829 2596/4200/3830
f 2596/4200/3830 2541/4199/3829 2595/4201/3831
f 2597/4202/3832 2598/4203/3833 2596/4200/3830
f 2596/4200/3830 2598/4203/3833 2599/4198/3828
f 2600/4197/3827 2601/4204/3834 2602/4195/3825
f 2618/4162/3792 2619/4205/3835 2620/4163/3793
f 2593/4206/3836 2621/4207/3837 2594/4157/3787
f 2594/4157/3787 2621/4207/3837 2622/4159/3789
f 2599/4208/3838 2598/4209/3839 2587/4210/3840
f 2587/4210/3840 2598/4209/3839 2588/4211/3841
f 2590/4212/3842 2589/4213/3843 2596/4214/3844
f 2596/4214/3844 2589/4213/3843 2597/4215/3845
f 2622/4216/3846 2621/4217/3847 2562/4218/3848
f 2562/4218/3848 2621/4217/3847 2563/4219/3849
f 2562/4220/3850 2592/4221/3851 2622/4222/3852
f 2622/4222/3852 2592/4221/3851 2623/4223/3853
f 2620/4224/3854 2619/4225/3855 2566/4226/3856
f 2566/4226/3856 2619/4225/3855 2567/4227/3857
f 2566/4228/3858 2565/4229/3859 2620/4230/3860
f 2620/4230/3860 2565/4229/3859 2594/4231/3861
f 2587/4232/3862 2586/4233/3863 2599/4234/3864
f 2599/4234/3864 2586/4233/3863 2600/4235/3865
f 2586/4236/3866 2585/4237/3867 2600/4238/3868
f 2600/4238/3868 2585/4237/3867 2601/4239/3869
f 2591/4240/3870 2590/4241/3871 2595/4242/3872
f 2595/4242/3872 2590/4241/3871 2596/4243/3873
f 2591/4244/3874 2595/4245/3875 2540/4246/3876
f 2540/4246/3876 2595/4245/3875 2541/4247/3877
f 2598/4248/3878 2597/4249/3879 2588/4250/3880
f 2588/4250/3880 2597/4249/3879 2589/4251/3881
f 2619/4252/3882 2618/4253/3883 2567/4254/3884
f 2567/4254/3884 2618/4253/3883 2568/4255/3885
f 2568/4255/3885 2618/4253/3883 2617/4256/3886
f 2568/4255/3885 2617/4256/3886 2569/4257/3887
f 2569/4257/3887 2617/4256/3886 2616/4258/3888
f 2569/4257/3887 2616/4258/3888 2570/4259/3889
f 2570/4259/3889 2616/4258/3888 2615/4260/3890
f 2570/4259/3889 2615/4260/3890 2571/4261/3891
f 2571/4261/3891 2615/4260/3890 2614/4262/3892
f 2571/4261/3891 2614/4262/3892 2572/4263/3893
f 2572/4263/3893 2614/4262/3892 2613/4264/3894
f 2572/4263/3893 2613/4264/3894 2573/4265/3895
f 2573/4265/3895 2613/4264/3894 2612/4266/3896
f 2573/4265/3895 2612/4266/3896 2574/4267/3897
f 2574/4267/3897 2612/4266/3896 2611/4268/3898
f 2574/4267/3897 2611/4268/3898 2575/4269/3899
f 2575/4269/3899 2611/4268/3898 2610/4270/3900
f 2575/4269/3899 2610/4270/3900 2576/4271/3901
f 2576/4271/3901 2610/4270/3900 2609/4272/3902
f 2576/4271/3901 2609/4272/3902 2577/4273/3903
f 2577/4273/3903 2609/4272/3902 2608/4274/3904
f 2577/4273/3903 2608/4274/3904 2578/4275/3905
f 2578/4275/3905 2608/4274/3904 2607/4276/3906
f 2578/4275/3905 2607/4276/3906 2579/4277/3907
f 2579/4277/3907 2607/4276/3906 2606/4278/3908
f 2579/4277/3907 2606/4278/3908 2580/4279/3909
f 2580/4279/3909 2606/4278/3908 2605/4280/3910
f 2580/4279/3909 2605/4280/3910 2581/4281/3911
f 2581/4281/3911 2605/4280/3910 2604/4282/3912
f 2581/4281/3911 2604/4282/3912 2582/4283/3913
f 2582/4283/3913 2604/4282/3912 2603/4284/3914
f 2582/4283/3913 2603/4284/3914 2583/4285/3915
f 2583/4285/3915 2603/4284/3914 2602/4286/3916
f 2583/4285/3915 2602/4286/3916 2584/4287/3917
f 2584/4287/3917 2602/4286/3916 2601/4288/3918
f 2584/4287/3917 2601/4288/3918 2585/4289/3919
f 2621/4290/3920 2593/4291/3921 2563/4292/3922
f 2563/4292/3922 2593/4291/3921 2564/4293/3923
f 2623/4294/3924 2592/4295/3925 2561/4296/3926
f 2561/4296/3926 2592/4295/3925 2520/4297/3927
g Body1:8

v 14.500000 9.500000 72.800001
v 14.500000 9.472741 72.592946
v 14.500000 9.392820 72.400001
v 14.500000 9.265686 72.234316
v 14.500000 9.100000 72.107181
v 14.500000 8.907055 72.027260
v 14.500000 8.700000 72.000001
v 12.000000 8.700000 72.000001
v 12.000000 8.907055 72.027260
v 12.000000 9.100000 72.107181
v 12.000000 9.265686 72.234316
v 12.000000 9.392820 72.400001
v 12.000000 9.472741 72.592946
v 12.000000 9.500000 72.800001
v 12.000000 9.500000 73.500001
v 10.000000 9.500000 73.500001
v 10.000000 9.500000 72.800001
v 8.600000 9.500000 72.800001
v 8.418827 9.500000 72.823853
v 8.250000 9.500000 72.893783
v 8.105025 9.500000 73.005026
v 7.993782 9.500000 73.150001
v 7.923852 9.500000 73.318828
v 7.900000 9.500000 73.500001
v 7.900000 9.500000 75.000001
v 18.860000 9.500000 75.000001
v 29.820000 9.500000 75.000001
v 40.780000 9.500000 75.000001
v 51.740000 9.500000 75.000001
v 62.700000 9.500000 75.000001
v 73.660000 9.500000 75.000001
v 84.620000 9.500000 75.000001
v 95.580000 9.500000 75.000001
v 106.540000 9.500000 75.000001
v 117.500000 9.500000 75.000001
v 128.460000 9.500000 75.000001
v 139.420000 9.500000 75.000001
v 150.380000 9.500000 75.000001
v 161.340000 9.500000 75.000001
v 172.300000 9.500000 75.000001
v 183.260000 9.500000 75.000001
v 194.220000 9.500000 75.000001
v 205.180000 9.500000 75.000001
v 216.140000 9.500000 75.000001
v 227.100000 9.500000 75.000001
v 227.100000 9.500000 73.500001
v 227.076148 9.500000 73.318828
v 227.006218 9.500000 73.150001
v 226.894975 9.500000 73.005026
v 226.750000 9.500000 72.893783
v 226.581173 9.500000 72.823853
v 226.400000 9.500000 72.800001
v 225.000000 9.500000 72.800001
v 225.000000 9.500000 73.500001
v 223.000000 9.500000 73.500001
v 223.000000 9.500000 72.800001
v 220.500000 9.500000 72.800001
v 220.500000 9.500000 73.500001
v 218.500000 9.500000 73.500001
v 218.500000 9.500000 72.800001
v 207.277778 9.500000 72.800001
v 196.055556 9.500000 72.800001
v 184.833333 9.500000 72.800001
v 173.611111 9.500000 72.800001
v 162.388889 9.500000 72.800001
v 151.166667 9.500000 72.800001
v 139.944444 9.500000 72.800001
v 128.722222 9.500000 72.800001
v 117.500000 9.500000 72.800001
v 106.277778 9.500000 72.800001
v 95.055556 9.500000 72.800001
v 83.833333 9.500000 72.800001
v 72.611111 9.500000 72.800001
v 61.388889 9.500000 72.800001
v 50.166667 9.500000 72.800001
v 38.944444 9.500000 72.800001
v 27.722222 9.500000 72.800001
v 16.500000 9.500000 72.800001
v 16.500000 9.500000 73.500001
v 14.500000 9.500000 73.500001
v 12.000000 7.800000 72.000001
v 12.000000 7.592945 72.027260
v 12.000000 7.400000 72.107181
v 12.000000 7.234315 72.234316
v 12.000000 7.107180 72.400001
v 12.000000 7.027259 72.592946
v 12.000000 7.000000 72.800001
v 12.000000 7.000000 73.500001
v 14.500000 7.800000 72.000001
v 14.500000 7.592945 72.027260
v 14.500000 7.400000 72.107181
v 14.500000 7.234315 72.234316
v 14.500000 7.107180 72.400001
v 14.500000 7.027259 72.592946
v 14.500000 7.000000 72.800001
v 14.500000 7.000000 73.500001
v 16.500000 7.000000 73.500001
v 16.500000 7.000000 72.800001
v 27.722222 7.000000 72.800001
v 38.944444 7.000000 72.800001
v 50.166667 7.000000 72.800001
v 61.388889 7.000000 72.800001
v 72.611111 7.000000 72.800001
v 83.833333 7.000000 72.800001
v 95.055556 7.000000 72.800001
v 106.277778 7.000000 72.800001
v 117.500000 7.000000 72.800001
v 128.722222 7.000000 72.800001
v 139.944444 7.000000 72.800001
v 151.166667 7.000000 72.800001
v 162.388889 7.000000 72.800001
v 173.611111 7.000000 72.800001
v 184.833333 7.000000 72.800001
v 196.055556 7.000000 72.800001
v 207.277778 7.000000 72.800001
v 218.500000 7.000000 72.800001
v 218.500000 7.000000 73.500001
v 220.500000 7.000000 73.500001
v 220.500000 7.000000 72.800001
v 223.000000 7.000000 72.800001
v 223.000000 7.000000 73.500001
v 225.000000 7.000000 73.500001
v 225.000000 7.000000 72.800001
v 226.400000 7.000000 72.800001
v 226.581173 7.000000 72.823853
v 226.750000 7.000000 72.893783
v 226.894975 7.000000 73.005026
v 227.006218 7.000000 73.150001
v 227.076148 7.000000 73.318828
v 227.100000 7.000000 73.500001
v 227.100000 7.000000 75.000001
v 216.140000 7.000000 75.000001
v 205.180000 7.000000 75.000001
v 194.220000 7.000000 75.000001
v 183.260000 7.000000 75.000001
v 172.300000 7.000000 75.000001
v 161.340000 7.000000 75.000001
v 150.380000 7.000000 75.000001
v 139.420000 7.000000 75.000001
v 128.460000 7.000000 75.000001
v 117.500000 7.000000 75.000001
v 106.540000 7.000000 75.000001
v 95.580000 7.000000 75.000001
v 84.620000 7.000000 75.000001
v 73.660000 7.000000 75.000001
v 62.700000 7.000000 75.000001
v 51.740000 7.000000 75.000001
v 40.780000 7.000000 75.000001
v 29.820000 7.000000 75.000001
v 18.860000 7.000000 75.000001
v 7.900000 7.000000 75.000001
v 7.900000 7.000000 73.500001
v 7.923852 7.000000 73.318828
v 7.993782 7.000000 73.150001
v 8.105025 7.000000 73.005026
v 8.250000 7.000000 72.893783
v 8.418827 7.000000 72.823853
v 8.600000 7.000000 72.800001
v 10.000000 7.000000 72.800001
v 10.000000 7.000000 73.500001
v 223.000000 9.472741 72.592946
v 223.000000 9.392820 72.400001
v 223.000000 9.265686 72.234316
v 223.000000 9.100000 72.107181
v 223.000000 8.907055 72.027260
v 223.000000 8.700000 72.000001
v 220.500000 8.700000 72.000001
v 220.500000 8.907055 72.027260
v 220.500000 9.100000 72.107181
v 220.500000 9.265686 72.234316
v 220.500000 9.392820 72.400001
v 220.500000 9.472741 72.592946
v 220.500000 7.800000 72.000001
v 220.500000 7.592945 72.027260
v 220.500000 7.400000 72.107181
v 220.500000 7.234315 72.234316
v 220.500000 7.107180 72.400001
v 220.500000 7.027259 72.592946
v 223.000000 7.800000 72.000001
v 223.000000 7.592945 72.027260
v 223.000000 7.400000 72.107181
v 223.000000 7.234315 72.234316
v 223.000000 7.107180 72.400001
v 223.000000 7.027259 72.592946
v 227.307055 9.472741 75.000001
v 227.500000 9.392820 75.000001
v 227.665685 9.265686 75.000001
v 227.792820 9.100000 75.000001
v 227.872741 8.907055 75.000001
v 227.900000 8.700000 75.000001
v 227.900000 8.700000 73.500001
v 227.872741 8.907055 73.500001
v 227.792820 9.100000 73.500001
v 227.665685 9.265686 73.500001
v 227.500000 9.392820 73.500001
v 227.307055 9.472741 73.500001
v 226.400000 8.700000 72.000001
v 226.400000 8.907055 72.027260
v 226.400000 9.100000 72.107181
v 226.400000 9.265686 72.234316
v 226.400000 9.392820 72.400001
v 226.400000 9.472741 72.592946
v 227.848889 8.700000 73.111773
v 227.699038 8.700000 72.750001
v 227.460660 8.700000 72.439341
v 227.150000 8.700000 72.200963
v 226.788229 8.700000 72.051112
v 226.634763 9.472741 72.623853
v 226.684701 9.392820 72.437483
v 226.727583 9.265686 72.277443
v 226.760488 9.100000 72.154640
v 226.781173 8.907055 72.077443
v 226.853528 9.472741 72.714468
v 226.950000 9.392820 72.547373
v 227.032843 9.265686 72.403885
v 227.096410 9.100000 72.293783
v 227.136370 8.907055 72.224570
v 227.041385 9.472741 72.858616
v 227.177817 9.392820 72.722184
v 227.294975 9.265686 72.605026
v 227.384873 9.100000 72.515128
v 227.441385 8.907055 72.458616
v 227.185533 9.472741 73.046473
v 227.352628 9.392820 72.950001
v 227.496116 9.265686 72.867158
v 227.606218 9.100000 72.803591
v 227.675431 8.907055 72.763631
v 227.276148 9.472741 73.265238
v 227.462518 9.392820 73.215300
v 227.622558 9.265686 73.172418
v 227.745361 9.100000 73.139513
v 227.822558 8.907055 73.118828
v 225.000000 8.700000 72.000001
v 225.000000 8.907055 72.027260
v 225.000000 9.100000 72.107181
v 225.000000 9.265686 72.234316
v 225.000000 9.392820 72.400001
v 225.000000 9.472741 72.592946
v 226.400000 7.800000 72.000001
v 225.000000 7.800000 72.000001
v 227.900000 7.800000 73.500001
v 227.848889 7.800000 73.111773
v 227.699038 7.800000 72.750001
v 227.460660 7.800000 72.439341
v 227.150000 7.800000 72.200963
v 226.788229 7.800000 72.051112
v 227.900000 7.800000 75.000001
v 7.692945 9.472741 75.000001
v 7.500000 9.392820 75.000001
v 7.334315 9.265686 75.000001
v 7.207180 9.100000 75.000001
v 7.127259 8.907055 75.000001
v 7.100000 8.700000 75.000001
v 7.100000 7.800000 75.000001
v 7.127259 7.592945 75.000001
v 7.207180 7.400000 75.000001
v 7.334315 7.234315 75.000001
v 7.500000 7.107180 75.000001
v 7.692945 7.027259 75.000001
v 227.307055 7.027259 75.000001
v 227.500000 7.107180 75.000001
v 227.665685 7.234315 75.000001
v 227.792820 7.400000 75.000001
v 227.872741 7.592945 75.000001
v 227.307055 7.027259 73.500001
v 227.500000 7.107180 73.500001
v 227.665685 7.234315 73.500001
v 227.792820 7.400000 73.500001
v 227.872741 7.592945 73.500001
v 226.400000 7.027259 72.592946
v 226.400000 7.107180 72.400001
v 226.400000 7.234315 72.234316
v 226.400000 7.400000 72.107181
v 226.400000 7.592945 72.027260
v 226.781173 7.592945 72.077443
v 226.760488 7.400000 72.154640
v 226.727583 7.234315 72.277443
v 226.684701 7.107180 72.437483
v 226.634763 7.027259 72.623853
v 227.136370 7.592945 72.224570
v 227.096410 7.400000 72.293783
v 227.032843 7.234315 72.403885
v 226.950000 7.107180 72.547373
v 226.853528 7.027259 72.714468
v 227.441385 7.592945 72.458616
v 227.384873 7.400000 72.515128
v 227.294975 7.234315 72.605026
v 227.177817 7.107180 72.722184
v 227.041385 7.027259 72.858616
v 227.675431 7.592945 72.763631
v 227.606218 7.400000 72.803591
v 227.496116 7.234315 72.867158
v 227.352628 7.107180 72.950001
v 227.185533 7.027259 73.046473
v 227.822558 7.592945 73.118828
v 227.745361 7.400000 73.139513
v 227.622558 7.234315 73.172418
v 227.462518 7.107180 73.215300
v 227.276148 7.027259 73.265238
v 225.000000 7.027259 72.592946
v 225.000000 7.107180 72.400001
v 225.000000 7.234315 72.234316
v 225.000000 7.400000 72.107181
v 225.000000 7.592945 72.027260
v 10.000000 7.800000 72.000001
v 10.000000 7.592945 72.027260
v 10.000000 7.400000 72.107181
v 10.000000 7.234315 72.234316
v 10.000000 7.107180 72.400001
v 10.000000 7.027259 72.592946
v 8.600000 7.027259 72.592946
v 8.600000 7.107180 72.400001
v 8.600000 7.234315 72.234316
v 8.600000 7.400000 72.107181
v 8.600000 7.592945 72.027260
v 8.600000 7.800000 72.000001
v 7.692945 7.027259 73.500001
v 7.500000 7.107180 73.500001
v 7.334315 7.234315 73.500001
v 7.207180 7.400000 73.500001
v 7.127259 7.592945 73.500001
v 7.100000 7.800000 73.500001
v 7.151111 7.800000 73.111773
v 7.300962 7.800000 72.750001
v 7.539340 7.800000 72.439341
v 7.850000 7.800000 72.200963
v 8.211771 7.800000 72.051112
v 7.177442 7.592945 73.118828
v 7.254639 7.400000 73.139513
v 7.377442 7.234315 73.172418
v 7.537482 7.107180 73.215300
v 7.723852 7.027259 73.265238
v 7.324569 7.592945 72.763631
v 7.393782 7.400000 72.803591
v 7.503884 7.234315 72.867158
v 7.647372 7.107180 72.950001
v 7.814467 7.027259 73.046473
v 7.558615 7.592945 72.458616
v 7.615127 7.400000 72.515128
v 7.705025 7.234315 72.605026
v 7.822183 7.107180 72.722184
v 7.958615 7.027259 72.858616
v 7.863630 7.592945 72.224570
v 7.903590 7.400000 72.293783
v 7.967157 7.234315 72.403885
v 8.050000 7.107180 72.547373
v 8.146472 7.027259 72.714468
v 8.218827 7.592945 72.077443
v 8.239512 7.400000 72.154640
v 8.272417 7.234315 72.277443
v 8.315299 7.107180 72.437483
v 8.365237 7.027259 72.623853
v 8.600000 8.700000 72.000001
v 10.000000 8.700000 72.000001
v 7.100000 8.700000 73.500001
v 7.151111 8.700000 73.111773
v 7.300962 8.700000 72.750001
v 7.539340 8.700000 72.439341
v 7.850000 8.700000 72.200963
v 8.211771 8.700000 72.051112
v 10.000000 9.472741 72.592946
v 10.000000 9.392820 72.400001
v 10.000000 9.265686 72.234316
v 10.000000 9.100000 72.107181
v 10.000000 8.907055 72.027260
v 8.600000 8.907055 72.027260
v 8.600000 9.100000 72.107181
v 8.600000 9.265686 72.234316
v 8.600000 9.392820 72.400001
v 8.600000 9.472741 72.592946
v 7.127259 8.907055 73.500001
v 7.207180 9.100000 73.500001
v 7.334315 9.265686 73.500001
v 7.500000 9.392820 73.500001
v 7.692945 9.472741 73.500001
v 7.723852 9.472741 73.265238
v 7.537482 9.392820 73.215300
v 7.377442 9.265686 73.172418
v 7.254639 9.100000 73.139513
v 7.177442 8.907055 73.118828
v 7.814467 9.472741 73.046473
v 7.647372 9.392820 72.950001
v 7.503884 9.265686 72.867158
v 7.393782 9.100000 72.803591
v 7.324569 8.907055 72.763631
v 7.958615 9.472741 72.858616
v 7.822183 9.392820 72.722184
v 7.705025 9.265686 72.605026
v 7.615127 9.100000 72.515128
v 7.558615 8.907055 72.458616
v 8.146472 9.472741 72.714468
v 8.050000 9.392820 72.547373
v 7.967157 9.265686 72.403885
v 7.903590 9.100000 72.293783
v 7.863630 8.907055 72.224570
v 8.365237 9.472741 72.623853
v 8.315299 9.392820 72.437483
v 8.272417 9.265686 72.277443
v 8.239512 9.100000 72.154640
v 8.218827 8.907055 72.077443
v 218.500000 9.472741 72.592946
v 218.500000 9.392820 72.400001
v 218.500000 9.265686 72.234316
v 218.500000 9.100000 72.107181
v 218.500000 8.907055 72.027260
v 218.500000 8.700000 72.000001
v 207.277778 8.700000 72.000001
v 196.055556 8.700000 72.000001
v 184.833333 8.700000 72.000001
v 173.611111 8.700000 72.000001
v 162.388889 8.700000 72.000001
v 151.166667 8.700000 72.000001
v 139.944444 8.700000 72.000001
v 128.722222 8.700000 72.000001
v 117.500000 8.700000 72.000001
v 106.277778 8.700000 72.000001
v 95.055556 8.700000 72.000001
v 83.833333 8.700000 72.000001
v 72.611111 8.700000 72.000001
v 61.388889 8.700000 72.000001
v 50.166667 8.700000 72.000001
v 38.944444 8.700000 72.000001
v 27.722222 8.700000 72.000001
v 16.500000 8.700000 72.000001
v 16.500000 8.907055 72.027260
v 16.500000 9.100000 72.107181
v 16.500000 9.265686 72.234316
v 16.500000 9.392820 72.400001
v 16.500000 9.472741 72.592946
v 214.011111 9.472741 72.592946
v 209.522222 9.472741 72.592946
v 205.033333 9.472741 72.592946
v 200.544444 9.472741 72.592946
v 196.055556 9.472741 72.592946
v 191.566667 9.472741 72.592946
v 187.077778 9.472741 72.592946
v 182.588889 9.472741 72.592946
v 178.100000 9.472741 72.592946
v 173.611111 9.472741 72.592946
v 169.122222 9.472741 72.592946
v 164.633333 9.472741 72.592946
v 160.144444 9.472741 72.592946
v 155.655556 9.472741 72.592946
v 151.166667 9.472741 72.592946
v 146.677778 9.472741 72.592946
v 142.188889 9.472741 72.592946
v 137.700000 9.472741 72.592946
v 133.211111 9.472741 72.592946
v 128.722222 9.472741 72.592946
v 124.233333 9.472741 72.592946
v 119.744444 9.472741 72.592946
v 115.255556 9.472741 72.592946
v 110.766667 9.472741 72.592946
v 106.277778 9.472741 72.592946
v 101.788889 9.472741 72.592946
v 97.300000 9.472741 72.592946
v 92.811111 9.472741 72.592946
v 88.322222 9.472741 72.592946
v 83.833333 9.472741 72.592946
v 79.344444 9.472741 72.592946
v 74.855556 9.472741 72.592946
v 70.366667 9.472741 72.592946
v 65.877778 9.472741 72.592946
v 61.388889 9.472741 72.592946
v 56.900000 9.472741 72.592946
v 52.411111 9.472741 72.592946
v 47.922222 9.472741 72.592946
v 43.433333 9.472741 72.592946
v 38.944444 9.472741 72.592946
v 34.455556 9.472741 72.592946
v 29.966667 9.472741 72.592946
v 25.477778 9.472741 72.592946
v 20.988889 9.472741 72.592946
v 214.011111 9.392820 72.400001
v 209.522222 9.392820 72.400001
v 205.033333 9.392820 72.400001
v 200.544444 9.392820 72.400001
v 196.055556 9.392820 72.400001
v 191.566667 9.392820 72.400001
v 187.077778 9.392820 72.400001
v 182.588889 9.392820 72.400001
v 178.100000 9.392820 72.400001
v 173.611111 9.392820 72.400001
v 169.122222 9.392820 72.400001
v 164.633333 9.392820 72.400001
v 160.144444 9.392820 72.400001
v 155.655556 9.392820 72.400001
v 151.166667 9.392820 72.400001
v 146.677778 9.392820 72.400001
v 142.188889 9.392820 72.400001
v 137.700000 9.392820 72.400001
v 133.211111 9.392820 72.400001
v 128.722222 9.392820 72.400001
v 124.233333 9.392820 72.400001
v 119.744444 9.392820 72.400001
v 115.255556 9.392820 72.400001
v 110.766667 9.392820 72.400001
v 106.277778 9.392820 72.400001
v 101.788889 9.392820 72.400001
v 97.300000 9.392820 72.400001
v 92.811111 9.392820 72.400001
v 88.322222 9.392820 72.400001
v 83.833333 9.392820 72.400001
v 79.344444 9.392820 72.400001
v 74.855556 9.392820 72.400001
v 70.366667 9.392820 72.400001
v 65.877778 9.392820 72.400001
v 61.388889 9.392820 72.400001
v 56.900000 9.392820 72.400001
v 52.411111 9.392820 72.400001
v 47.922222 9.392820 72.400001
v 43.433333 9.392820 72.400001
v 38.944444 9.392820 72.400001
v 34.455556 9.392820 72.400001
v 29.966667 9.392820 72.400001
v 25.477778 9.392820 72.400001
v 20.988889 9.392820 72.400001
v 214.011111 9.265686 72.234316
v 209.522222 9.265686 72.234316
v 205.033333 9.265686 72.234316
v 200.544444 9.265686 72.234316
v 196.055556 9.265686 72.234316
v 191.566667 9.265686 72.234316
v 187.077778 9.265686 72.234316
v 182.588889 9.265686 72.234316
v 178.100000 9.265686 72.234316
v 173.611111 9.265686 72.234316
v 169.122222 9.265686 72.234316
v 164.633333 9.265686 72.234316
v 160.144444 9.265686 72.234316
v 155.655556 9.265686 72.234316
v 151.166667 9.265686 72.234316
v 146.677778 9.265686 72.234316
v 142.188889 9.265686 72.234316
v 137.700000 9.265686 72.234316
v 133.211111 9.265686 72.234316
v 128.722222 9.265686 72.234316
v 124.233333 9.265686 72.234316
v 119.744444 9.265686 72.234316
v 115.255556 9.265686 72.234316
v 110.766667 9.265686 72.234316
v 106.277778 9.265686 72.234316
v 101.788889 9.265686 72.234316
v 97.300000 9.265686 72.234316
v 92.811111 9.265686 72.234316
v 88.322222 9.265686 72.234316
v 83.833333 9.265686 72.234316
v 79.344444 9.265686 72.234316
v 74.855556 9.265686 72.234316
v 70.366667 9.265686 72.234316
v 65.877778 9.265686 72.234316
v 61.388889 9.265686 72.234316
v 56.900000 9.265686 72.234316
v 52.411111 9.265686 72.234316
v 47.922222 9.265686 72.234316
v 43.433333 9.265686 72.234316
v 38.944444 9.265686 72.234316
v 34.455556 9.265686 72.234316
v 29.966667 9.265686 72.234316
v 25.477778 9.265686 72.234316
v 20.988889 9.265686 72.234316
v 214.011111 9.100000 72.107181
v 209.522222 9.100000 72.107181
v 205.033333 9.100000 72.107181
v 200.544444 9.100000 72.107181
v 196.055556 9.100000 72.107181
v 191.566667 9.100000 72.107181
v 187.077778 9.100000 72.107181
v 182.588889 9.100000 72.107181
v 178.100000 9.100000 72.107181
v 173.611111 9.100000 72.107181
v 169.122222 9.100000 72.107181
v 164.633333 9.100000 72.107181
v 160.144444 9.100000 72.107181
v 155.655556 9.100000 72.107181
v 151.166667 9.100000 72.107181
v 146.677778 9.100000 72.107181
v 142.188889 9.100000 72.107181
v 137.700000 9.100000 72.107181
v 133.211111 9.100000 72.107181
v 128.722222 9.100000 72.107181
v 124.233333 9.100000 72.107181
v 119.744444 9.100000 72.107181
v 115.255556 9.100000 72.107181
v 110.766667 9.100000 72.107181
v 106.277778 9.100000 72.107181
v 101.788889 9.100000 72.107181
v 97.300000 9.100000 72.107181
v 92.811111 9.100000 72.107181
v 88.322222 9.100000 72.107181
v 83.833333 9.100000 72.107181
v 79.344444 9.100000 72.107181
v 74.855556 9.100000 72.107181
v 70.366667 9.100000 72.107181
v 65.877778 9.100000 72.107181
v 61.388889 9.100000 72.107181
v 56.900000 9.100000 72.107181
v 52.411111 9.100000 72.107181
v 47.922222 9.100000 72.107181
v 43.433333 9.100000 72.107181
v 38.944444 9.100000 72.107181
v 34.455556 9.100000 72.107181
v 29.966667 9.100000 72.107181
v 25.477778 9.100000 72.107181
v 20.988889 9.100000 72.107181
v 214.011111 8.907055 72.027260
v 209.522222 8.907055 72.027260
v 205.033333 8.907055 72.027260
v 200.544444 8.907055 72.027260
v 196.055556 8.907055 72.027260
v 191.566667 8.907055 72.027260
v 187.077778 8.907055 72.027260
v 182.588889 8.907055 72.027260
v 178.100000 8.907055 72.027260
v 173.611111 8.907055 72.027260
v 169.122222 8.907055 72.027260
v 164.633333 8.907055 72.027260
v 160.144444 8.907055 72.027260
v 155.655556 8.907055 72.027260
v 151.166667 8.907055 72.027260
v 146.677778 8.907055 72.027260
v 142.188889 8.907055 72.027260
v 137.700000 8.907055 72.027260
v 133.211111 8.907055 72.027260
v 128.722222 8.907055 72.027260
v 124.233333 8.907055 72.027260
v 119.744444 8.907055 72.027260
v 115.255556 8.907055 72.027260
v 110.766667 8.907055 72.027260
v 106.277778 8.907055 72.027260
v 101.788889 8.907055 72.027260
v 97.300000 8.907055 72.027260
v 92.811111 8.907055 72.027260
v 88.322222 8.907055 72.027260
v 83.833333 8.907055 72.027260
v 79.344444 8.907055 72.027260
v 74.855556 8.907055 72.027260
v 70.366667 8.907055 72.027260
v 65.877778 8.907055 72.027260
v 61.388889 8.907055 72.027260
v 56.900000 8.907055 72.027260
v 52.411111 8.907055 72.027260
v 47.922222 8.907055 72.027260
v 43.433333 8.907055 72.027260
v 38.944444 8.907055 72.027260
v 34.455556 8.907055 72.027260
v 29.966667 8.907055 72.027260
v 25.477778 8.907055 72.027260
v 20.988889 8.907055 72.027260
v 218.500000 7.800000 72.000001
v 207.277778 7.800000 72.000001
v 196.055556 7.800000 72.000001
v 184.833333 7.800000 72.000001
v 173.611111 7.800000 72.000001
v 162.388889 7.800000 72.000001
v 151.166667 7.800000 72.000001
v 139.944444 7.800000 72.000001
v 128.722222 7.800000 72.000001
v 117.500000 7.800000 72.000001
v 106.277778 7.800000 72.000001
v 95.055556 7.800000 72.000001
v 83.833333 7.800000 72.000001
v 72.611111 7.800000 72.000001
v 61.388889 7.800000 72.000001
v 50.166667 7.800000 72.000001
v 38.944444 7.800000 72.000001
v 27.722222 7.800000 72.000001
v 16.500000 7.800000 72.000001
v 218.500000 7.027259 72.592946
v 218.500000 7.107180 72.400001
v 218.500000 7.234315 72.234316
v 218.500000 7.400000 72.107181
v 218.500000 7.592945 72.027260
v 16.500000 7.027259 72.592946
v 16.500000 7.107180 72.400001
v 16.500000 7.234315 72.234316
v 16.500000 7.400000 72.107181
v 16.500000 7.592945 72.027260
v 20.988889 7.027259 72.592946
v 25.477778 7.027259 72.592946
v 29.966667 7.027259 72.592946
v 34.455556 7.027259 72.592946
v 38.944444 7.027259 72.592946
v 43.433333 7.027259 72.592946
v 47.922222 7.027259 72.592946
v 52.411111 7.027259 72.592946
v 56.900000 7.027259 72.592946
v 61.388889 7.027259 72.592946
v 65.877778 7.027259 72.592946
v 70.366667 7.027259 72.592946
v 74.855556 7.027259 72.592946
v 79.344444 7.027259 72.592946
v 83.833333 7.027259 72.592946
v 88.322222 7.027259 72.592946
v 92.811111 7.027259 72.592946
v 97.300000 7.027259 72.592946
v 101.788889 7.027259 72.592946
v 106.277778 7.027259 72.592946
v 110.766667 7.027259 72.592946
v 115.255556 7.027259 72.592946
v 119.744444 7.027259 72.592946
v 124.233333 7.027259 72.592946
v 128.722222 7.027259 72.592946
v 133.211111 7.027259 72.592946
v 137.700000 7.027259 72.592946
v 142.188889 7.027259 72.592946
v 146.677778 7.027259 72.592946
v 151.166667 7.027259 72.592946
v 155.655556 7.027259 72.592946
v 160.144444 7.027259 72.592946
v 164.633333 7.027259 72.592946
v 169.122222 7.027259 72.592946
v 173.611111 7.027259 72.592946
v 178.100000 7.027259 72.592946
v 182.588889 7.027259 72.592946
v 187.077778 7.027259 72.592946
v 191.566667 7.027259 72.592946
v 196.055556 7.027259 72.592946
v 200.544444 7.027259 72.592946
v 205.033333 7.027259 72.592946
v 209.522222 7.027259 72.592946
v 214.011111 7.027259 72.592946
v 20.988889 7.107180 72.400001
v 25.477778 7.107180 72.400001
v 29.966667 7.107180 72.400001
v 34.455556 7.107180 72.400001
v 38.944444 7.107180 72.400001
v 43.433333 7.107180 72.400001
v 47.922222 7.107180 72.400001
v 52.411111 7.107180 72.400001
v 56.900000 7.107180 72.400001
v 61.388889 7.107180 72.400001
v 65.877778 7.107180 72.400001
v 70.366667 7.107180 72.400001
v 74.855556 7.107180 72.400001
v 79.344444 7.107180 72.400001
v 83.833333 7.107180 72.400001
v 88.322222 7.107180 72.400001
v 92.811111 7.107180 72.400001
v 97.300000 7.107180 72.400001
v 101.788889 7.107180 72.400001
v 106.277778 7.107180 72.400001
v 110.766667 7.107180 72.400001
v 115.255556 7.107180 72.400001
v 119.744444 7.107180 72.400001
v 124.233333 7.107180 72.400001
v 128.722222 7.107180 72.400001
v 133.211111 7.107180 72.400001
v 137.700000 7.107180 72.400001
v 142.188889 7.107180 72.400001
v 146.677778 7.107180 72.400001
v 151.166667 7.107180 72.400001
v 155.655556 7.107180 72.400001
v 160.144444 7.107180 72.400001
v 164.633333 7.107180 72.400001
v 169.122222 7.107180 72.400001
v 173.611111 7.107180 72.400001
v 178.100000 7.107180 72.400001
v 182.588889 7.107180 72.400001
v 187.077778 7.107180 72.400001
v 191.566667 7.107180 72.400001
v 196.055556 7.107180 72.400001
v 200.544444 7.107180 72.400001
v 205.033333 7.107180 72.400001
v 209.522222 7.107180 72.400001
v 214.011111 7.107180 72.400001
v 20.988889 7.234315 72.234316
v 25.477778 7.234315 72.234316
v 29.966667 7.234315 72.234316
v 34.455556 7.234315 72.234316
v 38.944444 7.234315 72.234316
v 43.433333 7.234315 72.234316
v 47.922222 7.234315 72.234316
v 52.411111 7.234315 72.234316
v 56.900000 7.234315 72.234316
v 61.388889 7.234315 72.234316
v 65.877778 7.234315 72.234316
v 70.366667 7.234315 72.234316
v 74.855556 7.234315 72.234316
v 79.344444 7.234315 72.234316
v 83.833333 7.234315 72.234316
v 88.322222 7.234315 72.234316
v 92.811111 7.234315 72.234316
v 97.300000 7.234315 72.234316
v 101.788889 7.234315 72.234316
v 106.277778 7.234315 72.234316
v 110.766667 7.234315 72.234316
v 115.255556 7.234315 72.234316
v 119.744444 7.234315 72.234316
v 124.233333 7.234315 72.234316
v 128.722222 7.234315 72.234316
v 133.211111 7.234315 72.234316
v 137.700000 7.234315 72.234316
v 142.188889 7.234315 72.234316
v 146.677778 7.234315 72.234316
v 151.166667 7.234315 72.234316
v 155.655556 7.234315 72.234316
v 160.144444 7.234315 72.234316
v 164.633333 7.234315 72.234316
v 169.122222 7.234315 72.234316
v 173.611111 7.234315 72.234316
v 178.100000 7.234315 72.234316
v 182.588889 7.234315 72.234316
v 187.077778 7.234315 72.234316
v 191.566667 7.234315 72.234316
v 196.055556 7.234315 72.234316
v 200.544444 7.234315 72.234316
v 205.033333 7.234315 72.234316
v 209.522222 7.234315 72.234316
v 214.011111 7.234315 72.234316
v 20.988889 7.400000 72.107181
v 25.477778 7.400000 72.107181
v 29.966667 7.400000 72.107181
v 34.455556 7.400000 72.107181
v 38.944444 7.400000 72.107181
v 43.433333 7.400000 72.107181
v 47.922222 7.400000 72.107181
v 52.411111 7.400000 72.107181
v 56.900000 7.400000 72.107181
v 61.388889 7.400000 72.107181
v 65.877778 7.400000 72.107181
v 70.366667 7.400000 72.107181
v 74.855556 7.400000 72.107181
v 79.344444 7.400000 72.107181
v 83.833333 7.400000 72.107181
v 88.322222 7.400000 72.107181
v 92.811111 7.400000 72.107181
v 97.300000 7.400000 72.107181
v 101.788889 7.400000 72.107181
v 106.277778 7.400000 72.107181
v 110.766667 7.400000 72.107181
v 115.255556 7.400000 72.107181
v 119.744444 7.400000 72.107181
v 124.233333 7.400000 72.107181
v 128.722222 7.400000 72.107181
v 133.211111 7.400000 72.107181
v 137.700000 7.400000 72.107181
v 142.188889 7.400000 72.107181
v 146.677778 7.400000 72.107181
v 151.166667 7.400000 72.107181
v 155.655556 7.400000 72.107181
v 160.144444 7.400000 72.107181
v 164.633333 7.400000 72.107181
v 169.122222 7.400000 72.107181
v 173.611111 7.400000 72.107181
v 178.100000 7.400000 72.107181
v 182.588889 7.400000 72.107181
v 187.077778 7.400000 72.107181
v 191.566667 7.400000 72.107181
v 196.055556 7.400000 72.107181
v 200.544444 7.400000 72.107181
v 205.033333 7.400000 72.107181
v 209.522222 7.400000 72.107181
v 214.011111 7.400000 72.107181
v 20.988889 7.592945 72.027260
v 25.477778 7.592945 72.027260
v 29.966667 7.592945 72.027260
v 34.455556 7.592945 72.027260
v 38.944444 7.592945 72.027260
v 43.433333 7.592945 72.027260
v 47.922222 7.592945 72.027260
v 52.411111 7.592945 72.027260
v 56.900000 7.592945 72.027260
v 61.388889 7.592945 72.027260
v 65.877778 7.592945 72.027260
v 70.366667 7.592945 72.027260
v 74.855556 7.592945 72.027260
v 79.344444 7.592945 72.027260
v 83.833333 7.592945 72.027260
v 88.322222 7.592945 72.027260
v 92.811111 7.592945 72.027260
v 97.300000 7.592945 72.027260
v 101.788889 7.592945 72.027260
v 106.277778 7.592945 72.027260
v 110.766667 7.592945 72.027260
v 115.255556 7.592945 72.027260
v 119.744444 7.592945 72.027260
v 124.233333 7.592945 72.027260
v 128.722222 7.592945 72.027260
v 133.211111 7.592945 72.027260
v 137.700000 7.592945 72.027260
v 142.188889 7.592945 72.027260
v 146.677778 7.592945 72.027260
v 151.166667 7.592945 72.027260
v 155.655556 7.592945 72.027260
v 160.144444 7.592945 72.027260
v 164.633333 7.592945 72.027260
v 169.122222 7.592945 72.027260
v 173.611111 7.592945 72.027260
v 178.100000 7.592945 72.027260
v 182.588889 7.592945 72.027260
v 187.077778 7.592945 72.027260
v 191.566667 7.592945 72.027260
v 196.055556 7.592945 72.027260
v 200.544444 7.592945 72.027260
v 205.033333 7.592945 72.027260
v 209.522222 7.592945 72.027260
v 214.011111 7.592945 72.027260
vt -2.000000 0.628319 0.000000
vt -4.500000 0.628319 0.000000
vt -2.000000 0.418879 0.000000
vt -4.500000 0.418879 0.000000
vt -2.000000 0.209440 0.000000
vt -4.500000 0.209440 0.000000
vt -2.000000 0.000000 0.000000
vt -4.500000 0.000000 0.000000
vt -2.000000 -0.209440 0.000000
vt -4.500000 -0.209440 0.000000
vt -2.000000 -0.418879 0.000000
vt -4.500000 -0.418879 0.000000
vt -2.000000 -0.628319 0.000000
vt -4.500000 -0.628319 0.000000
vt -0.700000 2.000000 0.000000
vt 0.000000 2.000000 0.000000
vt -0.700000 4.500000 0.000000
vt 0.000000 4.500000 0.000000
vt 1.500000 -2.100000 0.000000
vt 1.500000 8.860000 0.000000
vt 0.000000 0.000000 0.000000
vt 0.000000 -2.100000 0.000000
vt -0.181173 -2.076148 0.000000
vt -0.350000 -2.006218 0.000000
vt -0.700000 0.000000 0.000000
vt -0.494975 -1.894975 0.000000
vt -0.606218 -1.750000 0.000000
vt -0.700000 -1.400000 0.000000
vt -0.676148 -1.581173 0.000000
vt 1.500000 19.820000 0.000000
vt -0.700000 17.722222 0.000000
vt 0.000000 6.500000 0.000000
vt -0.700000 28.944444 0.000000
vt 1.500000 30.780000 0.000000
vt -0.700000 40.166667 0.000000
vt 1.500000 41.740000 0.000000
vt -0.700000 51.388889 0.000000
vt 1.500000 52.700000 0.000000
vt -0.700000 62.611111 0.000000
vt 1.500000 63.660000 0.000000
vt -0.700000 73.833333 0.000000
vt 1.500000 74.620000 0.000000
vt -0.700000 85.055556 0.000000
vt 1.500000 85.580000 0.000000
vt -0.700000 96.277778 0.000000
vt 1.500000 96.540000 0.000000
vt -0.700000 107.500000 0.000000
vt 1.500000 107.500000 0.000000
vt 1.500000 118.460000 0.000000
vt -0.700000 118.722222 0.000000
vt 1.500000 129.420000 0.000000
vt -0.700000 129.944444 0.000000
vt 1.500000 140.380000 0.000000
vt -0.700000 141.166667 0.000000
vt 1.500000 151.340000 0.000000
vt -0.700000 152.388889 0.000000
vt 1.500000 162.300000 0.000000
vt -0.700000 163.611111 0.000000
vt 1.500000 173.260000 0.000000
vt -0.700000 174.833333 0.000000
vt 1.500000 184.220000 0.000000
vt -0.700000 186.055556 0.000000
vt 1.500000 195.180000 0.000000
vt -0.700000 197.277778 0.000000
vt 1.500000 206.140000 0.000000
vt 0.000000 208.500000 0.000000
vt 0.000000 210.500000 0.000000
vt 1.500000 217.100000 0.000000
vt 0.000000 213.000000 0.000000
vt 0.000000 215.000000 0.000000
vt 0.000000 217.100000 0.000000
vt -0.181173 217.076148 0.000000
vt -0.350000 217.006218 0.000000
vt -0.700000 215.000000 0.000000
vt -0.494975 216.894975 0.000000
vt -0.606218 216.750000 0.000000
vt -0.676148 216.581173 0.000000
vt -0.700000 216.400000 0.000000
vt -0.700000 213.000000 0.000000
vt -0.700000 210.500000 0.000000
vt -0.700000 208.500000 0.000000
vt -0.700000 6.500000 0.000000
vt -2.407055 9.472741 0.000000
vt -2.407055 7.027259 0.000000
vt -2.200000 9.500000 0.000000
vt -2.200000 7.000000 0.000000
vt -1.500000 7.000000 0.000000
vt -2.600000 9.392820 0.000000
vt -3.000000 7.800000 0.000000
vt -2.600000 7.107180 0.000000
vt -3.000000 8.700000 0.000000
vt -2.765685 9.265686 0.000000
vt -2.892820 9.100000 0.000000
vt -2.972741 8.907055 0.000000
vt -2.972741 7.592945 0.000000
vt -2.892820 7.400000 0.000000
vt -2.765685 7.234315 0.000000
vt -1.500000 9.500000 0.000000
vt 4.500000 0.628319 0.000000
vt 2.000000 0.628319 0.000000
vt 4.500000 0.418879 0.000000
vt 2.000000 0.418879 0.000000
vt 4.500000 0.209440 0.000000
vt 2.000000 0.209440 0.000000
vt 4.500000 0.000000 0.000000
vt 2.000000 0.000000 0.000000
vt 4.500000 -0.209440 0.000000
vt 2.000000 -0.209440 0.000000
vt 4.500000 -0.418879 0.000000
vt 2.000000 -0.418879 0.000000
vt 4.500000 -0.628319 0.000000
vt 2.000000 -0.628319 0.000000
vt 2.200000 4.500000 0.000000
vt 1.500000 4.500000 0.000000
vt 2.200000 2.000000 0.000000
vt 1.500000 2.000000 0.000000
vt 0.000000 -2.100000 0.000000
vt 1.500000 0.000000 0.000000
vt 1.500000 -2.100000 0.000000
vt 1.681173 -2.076148 0.000000
vt 0.000000 8.860000 0.000000
vt 1.500000 6.500000 0.000000
vt 2.200000 17.722222 0.000000
vt 2.200000 6.500000 0.000000
vt 0.000000 19.820000 0.000000
vt 2.200000 28.944444 0.000000
vt 0.000000 30.780000 0.000000
vt 2.200000 40.166667 0.000000
vt 0.000000 41.740000 0.000000
vt 2.200000 51.388889 0.000000
vt 0.000000 52.700000 0.000000
vt 2.200000 62.611111 0.000000
vt 0.000000 63.660000 0.000000
vt 2.200000 73.833333 0.000000
vt 0.000000 74.620000 0.000000
vt 2.200000 85.055556 0.000000
vt 0.000000 85.580000 0.000000
vt 2.200000 96.277778 0.000000
vt 0.000000 96.540000 0.000000
vt 2.200000 107.500000 0.000000
vt 0.000000 107.500000 0.000000
vt 0.000000 118.460000 0.000000
vt 2.200000 118.722222 0.000000
vt 0.000000 129.420000 0.000000
vt 2.200000 129.944444 0.000000
vt 0.000000 140.380000 0.000000
vt 2.200000 141.166667 0.000000
vt 0.000000 151.340000 0.000000
vt 2.200000 152.388889 0.000000
vt 0.000000 162.300000 0.000000
vt 2.200000 163.611111 0.000000
vt 0.000000 173.260000 0.000000
vt 2.200000 174.833333 0.000000
vt 0.000000 184.220000 0.000000
vt 2.200000 186.055556 0.000000
vt 0.000000 195.180000 0.000000
vt 2.200000 197.277778 0.000000
vt 0.000000 206.140000 0.000000
vt 1.500000 208.500000 0.000000
vt 1.500000 210.500000 0.000000
vt 2.200000 208.500000 0.000000
vt 2.200000 210.500000 0.000000
vt 1.500000 213.000000 0.000000
vt 0.000000 217.100000 0.000000
vt 2.200000 213.000000 0.000000
vt 1.500000 215.000000 0.000000
vt 1.500000 217.100000 0.000000
vt 1.681173 217.076148 0.000000
vt 1.850000 217.006218 0.000000
vt 2.200000 215.000000 0.000000
vt 1.994975 216.894975 0.000000
vt 2.106218 216.750000 0.000000
vt 2.200000 216.400000 0.000000
vt 2.176148 216.581173 0.000000
vt 1.850000 -2.006218 0.000000
vt 2.200000 0.000000 0.000000
vt 1.994975 -1.894975 0.000000
vt 2.106218 -1.750000 0.000000
vt 2.176148 -1.581173 0.000000
vt 2.200000 -1.400000 0.000000
vt -210.500000 0.628319 0.000000
vt -213.000000 0.628319 0.000000
vt -210.500000 0.418879 0.000000
vt -213.000000 0.418879 0.000000
vt -210.500000 0.209440 0.000000
vt -213.000000 0.209440 0.000000
vt -210.500000 0.000000 0.000000
vt -213.000000 0.000000 0.000000
vt -210.500000 -0.209440 0.000000
vt -213.000000 -0.209440 0.000000
vt -210.500000 -0.418879 0.000000
vt -213.000000 -0.418879 0.000000
vt -210.500000 -0.628319 0.000000
vt -213.000000 -0.628319 0.000000
vt 0.592945 9.472741 0.000000
vt 0.592945 7.027259 0.000000
vt 0.800000 9.500000 0.000000
vt 0.800000 7.000000 0.000000
vt 1.500000 7.000000 0.000000
vt 0.400000 9.392820 0.000000
vt -0.000000 7.800000 0.000000
vt 0.400000 7.107180 0.000000
vt -0.000000 8.700000 0.000000
vt 0.234315 9.265686 0.000000
vt 0.107180 9.100000 0.000000
vt 0.027259 8.907055 0.000000
vt 0.027259 7.592945 0.000000
vt 0.107180 7.400000 0.000000
vt 0.234315 7.234315 0.000000
vt 1.500000 9.500000 0.000000
vt 213.000000 0.628319 0.000000
vt 210.500000 0.628319 0.000000
vt 213.000000 0.418879 0.000000
vt 210.500000 0.418879 0.000000
vt 213.000000 0.209440 0.000000
vt 210.500000 0.209440 0.000000
vt 213.000000 0.000000 0.000000
vt 210.500000 0.000000 0.000000
vt 213.000000 -0.209440 0.000000
vt 210.500000 -0.209440 0.000000
vt 213.000000 -0.418879 0.000000
vt 210.500000 -0.418879 0.000000
vt 213.000000 -0.628319 0.000000
vt 210.500000 -0.628319 0.000000
vt -0.375000 -0.628319 0.000000
vt 1.125000 -0.628319 0.000000
vt -0.375000 -0.418879 0.000000
vt 1.125000 -0.418879 0.000000
vt -0.375000 -0.209440 0.000000
vt 1.125000 -0.209440 0.000000
vt -0.375000 -0.000000 0.000000
vt 1.125000 -0.000000 0.000000
vt -0.375000 0.209440 0.000000
vt 1.125000 0.209440 0.000000
vt -0.375000 0.418879 0.000000
vt 1.125000 0.418879 0.000000
vt -0.375000 0.628319 0.000000
vt 1.125000 0.628319 0.000000
vt -0.000000 0.000000 0.000000
vt 0.209440 0.000000 0.000000
vt -0.000000 0.331356 0.000000
vt 0.209440 0.331356 0.000000
vt -0.000000 0.662711 0.000000
vt 0.209440 0.662711 0.000000
vt -0.000000 0.994067 0.000000
vt 0.209440 0.994067 0.000000
vt -0.000000 1.325423 0.000000
vt 0.209440 1.325423 0.000000
vt -0.000000 1.656778 0.000000
vt 0.209440 1.656778 0.000000
vt 0.000000 1.988134 0.000000
vt 0.209440 1.988134 0.000000
vt 0.418879 1.656778 0.000000
vt 0.418879 1.988134 0.000000
vt 0.628319 1.656778 0.000000
vt 0.628319 1.988134 0.000000
vt 0.837758 1.656778 0.000000
vt 0.837758 1.988134 0.000000
vt 1.047198 1.656778 0.000000
vt 1.047198 1.988134 0.000000
vt 1.256637 1.656778 0.000000
vt 1.256637 1.988134 0.000000
vt 0.418879 0.000000 0.000000
vt 0.418879 0.331356 0.000000
vt 0.418879 0.662711 0.000000
vt 0.418879 0.994067 0.000000
vt 0.418879 1.325423 0.000000
vt 0.628319 0.000000 0.000000
vt 0.628319 0.331356 0.000000
vt 0.628319 0.662711 0.000000
vt 0.628319 0.994067 0.000000
vt 0.628319 1.325423 0.000000
vt 0.837758 0.000000 0.000000
vt 0.837758 0.331356 0.000000
vt 0.837758 0.662711 0.000000
vt 0.837758 0.994067 0.000000
vt 0.837758 1.325423 0.000000
vt 1.047198 0.000000 0.000000
vt 1.047198 0.331356 0.000000
vt 1.047198 0.662711 0.000000
vt 1.047198 0.994067 0.000000
vt 1.047198 1.325423 0.000000
vt 1.256637 0.000000 0.000000
vt 1.256637 0.331356 0.000000
vt 1.256637 0.662711 0.000000
vt 1.256637 0.994067 0.000000
vt 1.256637 1.325423 0.000000
vt -216.400000 -0.628319 0.000000
vt -215.000000 -0.628319 0.000000
vt -216.400000 -0.418879 0.000000
vt -215.000000 -0.418879 0.000000
vt -216.400000 -0.209440 0.000000
vt -215.000000 -0.209440 0.000000
vt -216.400000 -0.000000 0.000000
vt -215.000000 0.000000 0.000000
vt -216.400000 0.209440 0.000000
vt -215.000000 0.209440 0.000000
vt -216.400000 0.418879 0.000000
vt -215.000000 0.418879 0.000000
vt -216.400000 0.628319 0.000000
vt -215.000000 0.628319 0.000000
vt -215.000000 1.700000 0.000000
vt -216.400000 1.700000 0.000000
vt -215.000000 0.800000 0.000000
vt -216.400000 0.800000 0.000000
vt 0.175000 -1.178097 0.000000
vt 1.075000 -1.178097 0.000000
vt 0.175000 -0.785398 0.000000
vt 1.075000 -0.785398 0.000000
vt 0.175000 -0.392699 0.000000
vt 1.075000 -0.392699 0.000000
vt 0.175000 0.000000 0.000000
vt 1.075000 0.000000 0.000000
vt 0.175000 0.392699 0.000000
vt 1.075000 0.392699 0.000000
vt 0.175000 0.785398 0.000000
vt 1.075000 0.785398 0.000000
vt 0.175000 1.178097 0.000000
vt 1.075000 1.178097 0.000000
vt 0.750000 0.450000 0.000000
vt -0.750000 0.450000 0.000000
vt 0.750000 -0.450000 0.000000
vt -0.750000 -0.450000 0.000000
vt 0.592945 217.872741 0.000000
vt 0.000000 206.140000 0.000000
vt 0.800000 217.900000 0.000000
vt 2.500000 206.140000 0.000000
vt 1.700000 217.900000 0.000000
vt 1.907055 217.872741 0.000000
vt 2.500000 217.100000 0.000000
vt 2.100000 217.792820 0.000000
vt 2.265685 217.665685 0.000000
vt 2.392820 217.500000 0.000000
vt 2.472741 217.307055 0.000000
vt 0.000000 217.100000 0.000000
vt 0.400000 217.792820 0.000000
vt 0.234315 217.665685 0.000000
vt 0.107180 217.500000 0.000000
vt 0.027259 217.307055 0.000000
vt 0.000000 195.180000 0.000000
vt 2.500000 195.180000 0.000000
vt 0.000000 184.220000 0.000000
vt 2.500000 184.220000 0.000000
vt 0.000000 173.260000 0.000000
vt 2.500000 173.260000 0.000000
vt 0.000000 162.300000 0.000000
vt 2.500000 162.300000 0.000000
vt 0.000000 151.340000 0.000000
vt 2.500000 151.340000 0.000000
vt 0.000000 140.380000 0.000000
vt 2.500000 140.380000 0.000000
vt 0.000000 129.420000 0.000000
vt 2.500000 129.420000 0.000000
vt 2.500000 118.460000 0.000000
vt 0.000000 118.460000 0.000000
vt 2.500000 107.500000 0.000000
vt 0.000000 107.500000 0.000000
vt 2.500000 96.540000 0.000000
vt 0.000000 96.540000 0.000000
vt 2.500000 85.580000 0.000000
vt 0.000000 85.580000 0.000000
vt 0.000000 74.620000 0.000000
vt 2.500000 74.620000 0.000000
vt 0.000000 63.660000 0.000000
vt 2.500000 63.660000 0.000000
vt 0.000000 52.700000 0.000000
vt 2.500000 52.700000 0.000000
vt 0.000000 41.740000 0.000000
vt 2.500000 41.740000 0.000000
vt 0.000000 30.780000 0.000000
vt 2.500000 30.780000 0.000000
vt 0.000000 19.820000 0.000000
vt 2.500000 19.820000 0.000000
vt 0.000000 8.860000 0.000000
vt 2.500000 8.860000 0.000000
vt 1.700000 -2.900000 0.000000
vt 1.907055 -2.872741 0.000000
vt 0.000000 -2.100000 0.000000
vt 0.592945 -2.872741 0.000000
vt 0.800000 -2.900000 0.000000
vt 0.027259 -2.307055 0.000000
vt 0.107180 -2.500000 0.000000
vt 0.234315 -2.665685 0.000000
vt 0.400000 -2.792820 0.000000
vt 2.500000 -2.100000 0.000000
vt 2.100000 -2.792820 0.000000
vt 2.265685 -2.665685 0.000000
vt 2.392820 -2.500000 0.000000
vt 2.472741 -2.307055 0.000000
vt -1.125000 -0.628319 0.000000
vt 0.375000 -0.628319 0.000000
vt -1.125000 -0.418879 0.000000
vt 0.375000 -0.418879 0.000000
vt -1.125000 -0.209440 0.000000
vt 0.375000 -0.209440 0.000000
vt -1.125000 0.000000 0.000000
vt 0.375000 0.000000 0.000000
vt -1.125000 0.209440 0.000000
vt 0.375000 0.209440 0.000000
vt -1.125000 0.418879 0.000000
vt 0.375000 0.418879 0.000000
vt -1.125000 0.628319 0.000000
vt 0.375000 0.628319 0.000000
vt 1.256637 -3.976268 0.000000
vt 1.047198 -3.976268 0.000000
vt 1.256637 -4.307624 0.000000
vt 1.047198 -4.307624 0.000000
vt 1.256637 -4.638979 0.000000
vt 1.047198 -4.638979 0.000000
vt 1.256637 -4.970335 0.000000
vt 1.047198 -4.970335 0.000000
vt 1.256637 -5.301691 0.000000
vt 1.047198 -5.301691 0.000000
vt 1.256637 -5.633046 0.000000
vt 1.047198 -5.633046 0.000000
vt 1.256637 -5.964402 0.000000
vt 1.047198 -5.964402 0.000000
vt 0.837758 -5.633046 0.000000
vt 0.837758 -5.964402 0.000000
vt 0.628319 -5.633046 0.000000
vt 0.628319 -5.964402 0.000000
vt 0.418879 -5.633046 0.000000
vt 0.418879 -5.964402 0.000000
vt 0.209440 -5.633046 0.000000
vt 0.209440 -5.964402 0.000000
vt -0.000000 -5.633046 0.000000
vt -0.000000 -5.964402 0.000000
vt 0.837758 -3.976268 0.000000
vt 0.837758 -4.307624 0.000000
vt 0.837758 -4.638979 0.000000
vt 0.837758 -4.970335 0.000000
vt 0.837758 -5.301691 0.000000
vt 0.628319 -3.976268 0.000000
vt 0.628319 -4.307624 0.000000
vt 0.628319 -4.638979 0.000000
vt 0.628319 -4.970335 0.000000
vt 0.628319 -5.301691 0.000000
vt 0.418879 -3.976268 0.000000
vt 0.418879 -4.307624 0.000000
vt 0.418879 -4.638979 0.000000
vt 0.418879 -4.970335 0.000000
vt 0.418879 -5.301691 0.000000
vt 0.209440 -3.976268 0.000000
vt 0.209440 -4.307624 0.000000
vt 0.209440 -4.638979 0.000000
vt 0.209440 -4.970335 0.000000
vt 0.209440 -5.301691 0.000000
vt -0.000000 -3.976268 0.000000
vt -0.000000 -4.307624 0.000000
vt -0.000000 -4.638979 0.000000
vt -0.000000 -4.970335 0.000000
vt -0.000000 -5.301691 0.000000
vt 216.400000 0.628319 0.000000
vt 215.000000 0.628319 0.000000
vt 216.400000 0.418879 0.000000
vt 215.000000 0.418879 0.000000
vt 216.400000 0.209440 0.000000
vt 215.000000 0.209440 0.000000
vt 216.400000 -0.000000 0.000000
vt 215.000000 0.000000 0.000000
vt 216.400000 -0.209440 0.000000
vt 215.000000 -0.209440 0.000000
vt 216.400000 -0.418879 0.000000
vt 215.000000 -0.418879 0.000000
vt 216.400000 -0.628319 0.000000
vt 215.000000 -0.628319 0.000000
vt -1.400000 -0.628319 0.000000
vt -0.000000 -0.628319 0.000000
vt -1.400000 -0.418879 0.000000
vt -0.000000 -0.418879 0.000000
vt -1.400000 -0.209440 0.000000
vt -0.000000 -0.209440 0.000000
vt -1.400000 0.000000 0.000000
vt -0.000000 0.000000 0.000000
vt -1.400000 0.209440 0.000000
vt -0.000000 0.209440 0.000000
vt -1.400000 0.418879 0.000000
vt -0.000000 0.418879 0.000000
vt -1.400000 0.628319 0.000000
vt -0.000000 0.628319 0.000000
vt 1.256637 -1.988134 0.000000
vt 1.047198 -1.988134 0.000000
vt 1.256637 -2.319490 0.000000
vt 1.047198 -2.319490 0.000000
vt 1.256637 -2.650845 0.000000
vt 1.047198 -2.650845 0.000000
vt 1.256637 -2.982201 0.000000
vt 1.047198 -2.982201 0.000000
vt 1.256637 -3.313557 0.000000
vt 1.047198 -3.313557 0.000000
vt 1.256637 -3.644912 0.000000
vt 1.047198 -3.644912 0.000000
vt 1.256637 -3.976268 0.000000
vt 1.047198 -3.976268 0.000000
vt 0.837758 -3.644912 0.000000
vt 0.837758 -3.976268 0.000000
vt 0.628319 -3.644912 0.000000
vt 0.628319 -3.976268 0.000000
vt 0.418879 -3.644912 0.000000
vt 0.418879 -3.976268 0.000000
vt 0.209440 -3.644912 0.000000
vt 0.209440 -3.976268 0.000000
vt -0.000000 -3.644912 0.000000
vt -0.000000 -3.976268 0.000000
vt 0.837758 -1.988134 0.000000
vt 0.837758 -2.319490 0.000000
vt 0.837758 -2.650845 0.000000
vt 0.837758 -2.982201 0.000000
vt 0.837758 -3.313557 0.000000
vt 0.628319 -1.988134 0.000000
vt 0.628319 -2.319490 0.000000
vt 0.628319 -2.650845 0.000000
vt 0.628319 -2.982201 0.000000
vt 0.628319 -3.313557 0.000000
vt 0.418879 -1.988134 0.000000
vt 0.418879 -2.319490 0.000000
vt 0.418879 -2.650845 0.000000
vt 0.418879 -2.982201 0.000000
vt 0.418879 -3.313557 0.000000
vt 0.209440 -1.988134 0.000000
vt 0.209440 -2.319490 0.000000
vt 0.209440 -2.650845 0.000000
vt 0.209440 -2.982201 0.000000
vt 0.209440 -3.313557 0.000000
vt -0.000000 -1.988134 0.000000
vt -0.000000 -2.319490 0.000000
vt -0.000000 -2.650845 0.000000
vt -0.000000 -2.982201 0.000000
vt -0.000000 -3.313557 0.000000
vt -1.125000 -0.628319 0.000000
vt 0.375000 -0.628319 0.000000
vt -1.125000 -0.418879 0.000000
vt 0.375000 -0.418879 0.000000
vt -1.125000 -0.209440 0.000000
vt 0.375000 -0.209440 0.000000
vt -1.125000 -0.000000 0.000000
vt 0.375000 0.000000 0.000000
vt -1.125000 0.209440 0.000000
vt 0.375000 0.209440 0.000000
vt -1.125000 0.418879 0.000000
vt 0.375000 0.418879 0.000000
vt -1.125000 0.628319 0.000000
vt 0.375000 0.628319 0.000000
vt 0.000000 0.800000 0.000000
vt 1.400000 0.800000 0.000000
vt 0.000000 1.700000 0.000000
vt 1.400000 1.700000 0.000000
vt -1.075000 -1.178097 0.000000
vt -0.175000 -1.178097 0.000000
vt -1.075000 -0.785398 0.000000
vt -0.175000 -0.785398 0.000000
vt -1.075000 -0.392699 0.000000
vt -0.175000 -0.392699 0.000000
vt -1.075000 0.000000 0.000000
vt -0.175000 0.000000 0.000000
vt -1.075000 0.392699 0.000000
vt -0.175000 0.392699 0.000000
vt -1.075000 0.785398 0.000000
vt -0.175000 0.785398 0.000000
vt -1.075000 1.178097 0.000000
vt -0.175000 1.178097 0.000000
vt 0.450000 0.750000 0.000000
vt -0.450000 0.750000 0.000000
vt 0.450000 -0.750000 0.000000
vt -0.450000 -0.750000 0.000000
vt 1.400000 0.628319 0.000000
vt -0.000000 0.628319 0.000000
vt 1.400000 0.418879 0.000000
vt -0.000000 0.418879 0.000000
vt 1.400000 0.209440 0.000000
vt -0.000000 0.209440 0.000000
vt 1.400000 0.000000 0.000000
vt -0.000000 0.000000 0.000000
vt 1.400000 -0.209440 0.000000
vt -0.000000 -0.209440 0.000000
vt 1.400000 -0.418879 0.000000
vt -0.000000 -0.418879 0.000000
vt 1.400000 -0.628319 0.000000
vt -0.000000 -0.628319 0.000000
vt -0.000000 -1.988134 0.000000
vt 0.209440 -1.988134 0.000000
vt -0.000000 -1.656778 0.000000
vt 0.209440 -1.656778 0.000000
vt -0.000000 -1.325423 0.000000
vt 0.209440 -1.325423 0.000000
vt -0.000000 -0.994067 0.000000
vt 0.209440 -0.994067 0.000000
vt -0.000000 -0.662711 0.000000
vt 0.209440 -0.662711 0.000000
vt -0.000000 -0.331356 0.000000
vt 0.209440 -0.331356 0.000000
vt -0.000000 0.000000 0.000000
vt 0.209440 0.000000 0.000000
vt 0.418879 -0.331356 0.000000
vt 0.418879 0.000000 0.000000
vt 0.628319 -0.331356 0.000000
vt 0.628319 0.000000 0.000000
vt 0.837758 -0.331356 0.000000
vt 0.837758 0.000000 0.000000
vt 1.047198 -0.331356 0.000000
vt 1.047198 0.000000 0.000000
vt 1.256637 -0.331356 0.000000
vt 1.256637 0.000000 0.000000
vt 0.418879 -1.988134 0.000000
vt 0.418879 -1.656778 0.000000
vt 0.418879 -1.325423 0.000000
vt 0.418879 -0.994067 0.000000
vt 0.418879 -0.662711 0.000000
vt 0.628319 -1.988134 0.000000
vt 0.628319 -1.656778 0.000000
vt 0.628319 -1.325423 0.000000
vt 0.628319 -0.994067 0.000000
vt 0.628319 -0.662711 0.000000
vt 0.837758 -1.988134 0.000000
vt 0.837758 -1.656778 0.000000
vt 0.837758 -1.325423 0.000000
vt 0.837758 -0.994067 0.000000
vt 0.837758 -0.662711 0.000000
vt 1.047198 -1.988134 0.000000
vt 1.047198 -1.656778 0.000000
vt 1.047198 -1.325423 0.000000
vt 1.047198 -0.994067 0.000000
vt 1.047198 -0.662711 0.000000
vt 1.256637 -1.988134 0.000000
vt 1.256637 -1.656778 0.000000
vt 1.256637 -1.325423 0.000000
vt 1.256637 -0.994067 0.000000
vt 1.256637 -0.662711 0.000000
vt 0.375000 0.628319 0.000000
vt -1.125000 0.628319 0.000000
vt 0.375000 0.418879 0.000000
vt -1.125000 0.418879 0.000000
vt 0.375000 0.209440 0.000000
vt -1.125000 0.209440 0.000000
vt 0.375000 0.000000 0.000000
vt -1.125000 0.000000 0.000000
vt 0.375000 -0.209440 0.000000
vt -1.125000 -0.209440 0.000000
vt 0.375000 -0.418879 0.000000
vt -1.125000 -0.418879 0.000000
vt 0.375000 -0.628319 0.000000
vt -1.125000 -0.628319 0.000000
vt -197.277778 0.628319 0.000000
vt -208.500000 0.628319 0.000000
vt -204.011111 0.418879 0.000000
vt -208.500000 0.418879 0.000000
vt -204.011111 0.209440 0.000000
vt -208.500000 0.209440 0.000000
vt -204.011111 0.000000 0.000000
vt -208.500000 0.000000 0.000000
vt -204.011111 -0.209440 0.000000
vt -208.500000 -0.209440 0.000000
vt -204.011111 -0.418879 0.000000
vt -208.500000 -0.418879 0.000000
vt -208.500000 -0.628319 0.000000
vt -197.277778 -0.628319 0.000000
vt -199.522222 -0.418879 0.000000
vt -199.522222 -0.209440 0.000000
vt -199.522222 0.000000 0.000000
vt -199.522222 0.209440 0.000000
vt -199.522222 0.418879 0.000000
vt -195.033333 0.418879 0.000000
vt -190.544444 0.418879 0.000000
vt -190.544444 0.209440 0.000000
vt -186.055556 0.209440 0.000000
vt -186.055556 0.000000 0.000000
vt -181.566667 0.000000 0.000000
vt -181.566667 -0.209440 0.000000
vt -177.077778 -0.209440 0.000000
vt -177.077778 -0.418879 0.000000
vt -172.588889 -0.418879 0.000000
vt -174.833333 -0.628319 0.000000
vt -168.100000 -0.418879 0.000000
vt -163.611111 -0.628319 0.000000
vt -163.611111 -0.418879 0.000000
vt -159.122222 -0.418879 0.000000
vt -163.611111 -0.209440 0.000000
vt -159.122222 -0.209440 0.000000
vt -163.611111 0.000000 0.000000
vt -159.122222 0.000000 0.000000
vt -163.611111 0.209440 0.000000
vt -159.122222 0.209440 0.000000
vt -163.611111 0.418879 0.000000
vt -159.122222 0.418879 0.000000
vt -163.611111 0.628319 0.000000
vt -152.388889 0.628319 0.000000
vt -154.633333 0.418879 0.000000
vt -150.144444 0.418879 0.000000
vt -150.144444 0.209440 0.000000
vt -145.655556 0.209440 0.000000
vt -145.655556 0.000000 0.000000
vt -141.166667 0.000000 0.000000
vt -141.166667 -0.209440 0.000000
vt -136.677778 -0.209440 0.000000
vt -136.677778 -0.418879 0.000000
vt -132.188889 -0.418879 0.000000
vt -129.944444 -0.628319 0.000000
vt -127.700000 -0.418879 0.000000
vt -123.211111 -0.418879 0.000000
vt -127.700000 -0.209440 0.000000
vt -123.211111 -0.209440 0.000000
vt -127.700000 0.000000 0.000000
vt -123.211111 0.000000 0.000000
vt -127.700000 0.209440 0.000000
vt -123.211111 0.209440 0.000000
vt -127.700000 0.418879 0.000000
vt -123.211111 0.418879 0.000000
vt -129.944444 0.628319 0.000000
vt -118.722222 0.628319 0.000000
vt -118.722222 0.418879 0.000000
vt -114.233333 0.418879 0.000000
vt -114.233333 0.209440 0.000000
vt -109.744444 0.209440 0.000000
vt -109.744444 0.000000 0.000000
vt -105.255556 0.000000 0.000000
vt -105.255556 -0.209440 0.000000
vt -100.766667 -0.209440 0.000000
vt -100.766667 -0.418879 0.000000
vt -96.277778 -0.418879 0.000000
vt -96.277778 -0.628319 0.000000
vt -91.788889 -0.418879 0.000000
vt -85.055556 -0.628319 0.000000
vt -87.300000 -0.418879 0.000000
vt -82.811111 -0.418879 0.000000
vt -87.300000 -0.209440 0.000000
vt -82.811111 -0.209440 0.000000
vt -87.300000 0.000000 0.000000
vt -82.811111 0.000000 0.000000
vt -87.300000 0.209440 0.000000
vt -82.811111 0.209440 0.000000
vt -87.300000 0.418879 0.000000
vt -82.811111 0.418879 0.000000
vt -85.055556 0.628319 0.000000
vt -78.322222 0.418879 0.000000
vt -73.833333 0.628319 0.000000
vt -73.833333 0.418879 0.000000
vt -69.344444 0.418879 0.000000
vt -69.344444 0.209440 0.000000
vt -64.855556 0.209440 0.000000
vt -64.855556 0.000000 0.000000
vt -60.366667 0.000000 0.000000
vt -60.366667 -0.209440 0.000000
vt -55.877778 -0.209440 0.000000
vt -55.877778 -0.418879 0.000000
vt -51.388889 -0.418879 0.000000
vt -51.388889 -0.628319 0.000000
vt -46.900000 -0.418879 0.000000
vt -40.166667 -0.628319 0.000000
vt -42.411111 -0.418879 0.000000
vt -37.922222 -0.418879 0.000000
vt -42.411111 -0.209440 0.000000
vt -37.922222 -0.209440 0.000000
vt -42.411111 0.000000 0.000000
vt -37.922222 0.000000 0.000000
vt -42.411111 0.209440 0.000000
vt -37.922222 0.209440 0.000000
vt -42.411111 0.418879 0.000000
vt -37.922222 0.418879 0.000000
vt -40.166667 0.628319 0.000000
vt -33.433333 0.418879 0.000000
vt -28.944444 0.628319 0.000000
vt -28.944444 0.418879 0.000000
vt -24.455556 0.418879 0.000000
vt -24.455556 0.209440 0.000000
vt -19.966667 0.209440 0.000000
vt -19.966667 0.000000 0.000000
vt -15.477778 0.000000 0.000000
vt -15.477778 -0.209440 0.000000
vt -10.988889 -0.209440 0.000000
vt -10.988889 -0.418879 0.000000
vt -6.500000 -0.418879 0.000000
vt -6.500000 -0.628319 0.000000
vt -17.722222 -0.628319 0.000000
vt -15.477778 -0.418879 0.000000
vt -19.966667 -0.418879 0.000000
vt -19.966667 -0.209440 0.000000
vt -24.455556 -0.209440 0.000000
vt -24.455556 0.000000 0.000000
vt -28.944444 0.000000 0.000000
vt -28.944444 0.209440 0.000000
vt -33.433333 0.209440 0.000000
vt -186.055556 -0.628319 0.000000
vt -190.544444 -0.418879 0.000000
vt -195.033333 -0.418879 0.000000
vt -181.566667 -0.418879 0.000000
vt -186.055556 -0.418879 0.000000
vt -190.544444 -0.209440 0.000000
vt -195.033333 -0.209440 0.000000
vt -195.033333 0.000000 0.000000
vt -152.388889 -0.628319 0.000000
vt -154.633333 -0.418879 0.000000
vt -154.633333 -0.209440 0.000000
vt -154.633333 0.000000 0.000000
vt -154.633333 0.209440 0.000000
vt -141.166667 -0.628319 0.000000
vt -145.655556 -0.418879 0.000000
vt -150.144444 -0.418879 0.000000
vt -141.166667 -0.418879 0.000000
vt -145.655556 -0.209440 0.000000
vt -150.144444 -0.209440 0.000000
vt -150.144444 0.000000 0.000000
vt -118.722222 -0.628319 0.000000
vt -118.722222 -0.418879 0.000000
vt -118.722222 -0.209440 0.000000
vt -118.722222 0.000000 0.000000
vt -118.722222 0.209440 0.000000
vt -114.233333 -0.418879 0.000000
vt -107.500000 -0.628319 0.000000
vt -109.744444 -0.418879 0.000000
vt -105.255556 -0.418879 0.000000
vt -109.744444 -0.209440 0.000000
vt -78.322222 -0.418879 0.000000
vt -73.833333 -0.628319 0.000000
vt -73.833333 -0.418879 0.000000
vt -69.344444 -0.418879 0.000000
vt -73.833333 -0.209440 0.000000
vt -69.344444 -0.209440 0.000000
vt -73.833333 0.000000 0.000000
vt -69.344444 0.000000 0.000000
vt -73.833333 0.209440 0.000000
vt -62.611111 -0.628319 0.000000
vt -64.855556 -0.418879 0.000000
vt -64.855556 -0.209440 0.000000
vt -60.366667 -0.418879 0.000000
vt -33.433333 -0.418879 0.000000
vt -28.944444 -0.628319 0.000000
vt -28.944444 -0.418879 0.000000
vt -24.455556 -0.418879 0.000000
vt -28.944444 -0.209440 0.000000
vt -6.500000 -0.209440 0.000000
vt -10.988889 0.000000 0.000000
vt -15.477778 0.209440 0.000000
vt -19.966667 0.418879 0.000000
vt -17.722222 0.628319 0.000000
vt -6.500000 0.000000 0.000000
vt -10.988889 0.209440 0.000000
vt -15.477778 0.418879 0.000000
vt -6.500000 0.209440 0.000000
vt -10.988889 0.418879 0.000000
vt -6.500000 0.418879 0.000000
vt -6.500000 0.628319 0.000000
vt -46.900000 0.418879 0.000000
vt -51.388889 0.628319 0.000000
vt -51.388889 0.418879 0.000000
vt -55.877778 0.418879 0.000000
vt -51.388889 0.209440 0.000000
vt -55.877778 0.209440 0.000000
vt -51.388889 0.000000 0.000000
vt -55.877778 0.000000 0.000000
vt -51.388889 -0.209440 0.000000
vt -62.611111 0.628319 0.000000
vt -60.366667 0.418879 0.000000
vt -60.366667 0.209440 0.000000
vt -64.855556 0.418879 0.000000
vt -91.788889 0.418879 0.000000
vt -96.277778 0.628319 0.000000
vt -96.277778 0.418879 0.000000
vt -100.766667 0.418879 0.000000
vt -96.277778 0.209440 0.000000
vt -100.766667 0.209440 0.000000
vt -96.277778 0.000000 0.000000
vt -100.766667 0.000000 0.000000
vt -96.277778 -0.209440 0.000000
vt -107.500000 0.628319 0.000000
vt -105.255556 0.418879 0.000000
vt -105.255556 0.209440 0.000000
vt -109.744444 0.418879 0.000000
vt -141.166667 0.628319 0.000000
vt -136.677778 0.418879 0.000000
vt -132.188889 0.418879 0.000000
vt -145.655556 0.418879 0.000000
vt -141.166667 0.418879 0.000000
vt -136.677778 0.209440 0.000000
vt -132.188889 0.209440 0.000000
vt -132.188889 0.000000 0.000000
vt -168.100000 0.418879 0.000000
vt -174.833333 0.628319 0.000000
vt -172.588889 0.418879 0.000000
vt -177.077778 0.418879 0.000000
vt -172.588889 0.209440 0.000000
vt -177.077778 0.209440 0.000000
vt -172.588889 0.000000 0.000000
vt -177.077778 0.000000 0.000000
vt -172.588889 -0.209440 0.000000
vt -181.566667 0.418879 0.000000
vt -186.055556 0.628319 0.000000
vt -186.055556 0.418879 0.000000
vt -195.033333 0.209440 0.000000
vt -181.566667 0.209440 0.000000
vt -168.100000 0.209440 0.000000
vt -168.100000 0.000000 0.000000
vt -168.100000 -0.209440 0.000000
vt -141.166667 0.209440 0.000000
vt -91.788889 0.209440 0.000000
vt -91.788889 0.000000 0.000000
vt -91.788889 -0.209440 0.000000
vt -78.322222 0.209440 0.000000
vt -78.322222 0.000000 0.000000
vt -78.322222 -0.209440 0.000000
vt -46.900000 0.209440 0.000000
vt -46.900000 0.000000 0.000000
vt -46.900000 -0.209440 0.000000
vt -190.544444 0.000000 0.000000
vt -186.055556 -0.209440 0.000000
vt -136.677778 0.000000 0.000000
vt -114.233333 0.000000 0.000000
vt -114.233333 -0.209440 0.000000
vt -33.433333 0.000000 0.000000
vt -33.433333 -0.209440 0.000000
vt -132.188889 -0.209440 0.000000
vt -6.500000 1.700000 0.000000
vt -17.722222 1.700000 0.000000
vt -6.500000 0.800000 0.000000
vt -17.722222 0.800000 0.000000
vt -28.944444 1.700000 0.000000
vt -28.944444 0.800000 0.000000
vt -40.166667 1.700000 0.000000
vt -40.166667 0.800000 0.000000
vt -51.388889 1.700000 0.000000
vt -51.388889 0.800000 0.000000
vt -62.611111 1.700000 0.000000
vt -62.611111 0.800000 0.000000
vt -73.833333 1.700000 0.000000
vt -73.833333 0.800000 0.000000
vt -85.055556 1.700000 0.000000
vt -85.055556 0.800000 0.000000
vt -96.277778 1.700000 0.000000
vt -96.277778 0.800000 0.000000
vt -107.500000 1.700000 0.000000
vt -107.500000 0.800000 0.000000
vt -118.722222 1.700000 0.000000
vt -118.722222 0.800000 0.000000
vt -129.944444 1.700000 0.000000
vt -129.944444 0.800000 0.000000
vt -141.166667 1.700000 0.000000
vt -141.166667 0.800000 0.000000
vt -152.388889 1.700000 0.000000
vt -152.388889 0.800000 0.000000
vt -163.611111 1.700000 0.000000
vt -163.611111 0.800000 0.000000
vt -174.833333 1.700000 0.000000
vt -174.833333 0.800000 0.000000
vt -186.055556 1.700000 0.000000
vt -186.055556 0.800000 0.000000
vt -197.277778 1.700000 0.000000
vt -197.277778 0.800000 0.000000
vt -208.500000 1.700000 0.000000
vt -208.500000 0.800000 0.000000
vt 2.972741 8.907055 0.000000
vt 2.892820 9.100000 0.000000
vt 3.000000 8.700000 0.000000
vt 2.765685 9.265686 0.000000
vt 2.600000 9.392820 0.000000
vt 3.000000 7.800000 0.000000
vt 2.407055 9.472741 0.000000
vt 2.600000 7.107180 0.000000
vt 2.407055 7.027259 0.000000
vt 2.200000 9.500000 0.000000
vt 2.200000 7.000000 0.000000
vt 1.500000 7.000000 0.000000
vt 1.500000 9.500000 0.000000
vt 2.765685 7.234315 0.000000
vt 2.892820 7.400000 0.000000
vt 2.972741 7.592945 0.000000
vt 17.722222 0.628319 0.000000
vt 6.500000 0.628319 0.000000
vt 10.988889 0.418879 0.000000
vt 6.500000 0.418879 0.000000
vt 10.988889 0.209440 0.000000
vt 6.500000 0.209440 0.000000
vt 10.988889 0.000000 0.000000
vt 6.500000 0.000000 0.000000
vt 10.988889 -0.209440 0.000000
vt 6.500000 -0.209440 0.000000
vt 10.988889 -0.418879 0.000000
vt 6.500000 -0.418879 0.000000
vt 6.500000 -0.628319 0.000000
vt 17.722222 -0.628319 0.000000
vt 15.477778 -0.418879 0.000000
vt 15.477778 -0.209440 0.000000
vt 15.477778 0.000000 0.000000
vt 15.477778 0.209440 0.000000
vt 15.477778 0.418879 0.000000
vt 19.966667 0.418879 0.000000
vt 24.455556 0.418879 0.000000
vt 24.455556 0.209440 0.000000
vt 28.944444 0.209440 0.000000
vt 28.944444 0.000000 0.000000
vt 33.433333 0.000000 0.000000
vt 33.433333 -0.209440 0.000000
vt 37.922222 -0.209440 0.000000
vt 37.922222 -0.418879 0.000000
vt 42.411111 -0.418879 0.000000
vt 40.166667 -0.628319 0.000000
vt 46.900000 -0.418879 0.000000
vt 51.388889 -0.628319 0.000000
vt 51.388889 -0.418879 0.000000
vt 55.877778 -0.418879 0.000000
vt 51.388889 -0.209440 0.000000
vt 55.877778 -0.209440 0.000000
vt 51.388889 0.000000 0.000000
vt 55.877778 0.000000 0.000000
vt 51.388889 0.209440 0.000000
vt 55.877778 0.209440 0.000000
vt 51.388889 0.418879 0.000000
vt 55.877778 0.418879 0.000000
vt 51.388889 0.628319 0.000000
vt 62.611111 0.628319 0.000000
vt 60.366667 0.418879 0.000000
vt 64.855556 0.418879 0.000000
vt 64.855556 0.209440 0.000000
vt 69.344444 0.209440 0.000000
vt 69.344444 0.000000 0.000000
vt 73.833333 0.000000 0.000000
vt 73.833333 -0.209440 0.000000
vt 78.322222 -0.209440 0.000000
vt 78.322222 -0.418879 0.000000
vt 82.811111 -0.418879 0.000000
vt 85.055556 -0.628319 0.000000
vt 87.300000 -0.418879 0.000000
vt 91.788889 -0.418879 0.000000
vt 87.300000 -0.209440 0.000000
vt 91.788889 -0.209440 0.000000
vt 87.300000 0.000000 0.000000
vt 91.788889 0.000000 0.000000
vt 87.300000 0.209440 0.000000
vt 91.788889 0.209440 0.000000
vt 87.300000 0.418879 0.000000
vt 91.788889 0.418879 0.000000
vt 85.055556 0.628319 0.000000
vt 96.277778 0.628319 0.000000
vt 96.277778 0.418879 0.000000
vt 100.766667 0.418879 0.000000
vt 100.766667 0.209440 0.000000
vt 105.255556 0.209440 0.000000
vt 105.255556 0.000000 0.000000
vt 109.744444 0.000000 0.000000
vt 109.744444 -0.209440 0.000000
vt 114.233333 -0.209440 0.000000
vt 114.233333 -0.418879 0.000000
vt 118.722222 -0.418879 0.000000
vt 118.722222 -0.628319 0.000000
vt 123.211111 -0.418879 0.000000
vt 129.944444 -0.628319 0.000000
vt 127.700000 -0.418879 0.000000
vt 132.188889 -0.418879 0.000000
vt 127.700000 -0.209440 0.000000
vt 132.188889 -0.209440 0.000000
vt 127.700000 0.000000 0.000000
vt 132.188889 0.000000 0.000000
vt 127.700000 0.209440 0.000000
vt 132.188889 0.209440 0.000000
vt 127.700000 0.418879 0.000000
vt 132.188889 0.418879 0.000000
vt 129.944444 0.628319 0.000000
vt 136.677778 0.418879 0.000000
vt 141.166667 0.628319 0.000000
vt 141.166667 0.418879 0.000000
vt 145.655556 0.418879 0.000000
vt 145.655556 0.209440 0.000000
vt 150.144444 0.209440 0.000000
vt 150.144444 0.000000 0.000000
vt 154.633333 0.000000 0.000000
vt 154.633333 -0.209440 0.000000
vt 159.122222 -0.209440 0.000000
vt 159.122222 -0.418879 0.000000
vt 163.611111 -0.418879 0.000000
vt 163.611111 -0.628319 0.000000
vt 168.100000 -0.418879 0.000000
vt 174.833333 -0.628319 0.000000
vt 172.588889 -0.418879 0.000000
vt 177.077778 -0.418879 0.000000
vt 172.588889 -0.209440 0.000000
vt 177.077778 -0.209440 0.000000
vt 172.588889 0.000000 0.000000
vt 177.077778 0.000000 0.000000
vt 172.588889 0.209440 0.000000
vt 177.077778 0.209440 0.000000
vt 172.588889 0.418879 0.000000
vt 177.077778 0.418879 0.000000
vt 174.833333 0.628319 0.000000
vt 181.566667 0.418879 0.000000
vt 186.055556 0.628319 0.000000
vt 186.055556 0.418879 0.000000
vt 190.544444 0.418879 0.000000
vt 190.544444 0.209440 0.000000
vt 195.033333 0.209440 0.000000
vt 195.033333 0.000000 0.000000
vt 199.522222 0.000000 0.000000
vt 199.522222 -0.209440 0.000000
vt 204.011111 -0.209440 0.000000
vt 204.011111 -0.418879 0.000000
vt 208.500000 -0.418879 0.000000
vt 208.500000 -0.628319 0.000000
vt 197.277778 -0.628319 0.000000
vt 199.522222 -0.418879 0.000000
vt 195.033333 -0.418879 0.000000
vt 195.033333 -0.209440 0.000000
vt 190.544444 -0.209440 0.000000
vt 190.544444 0.000000 0.000000
vt 186.055556 0.000000 0.000000
vt 186.055556 0.209440 0.000000
vt 181.566667 0.209440 0.000000
vt 28.944444 -0.628319 0.000000
vt 24.455556 -0.418879 0.000000
vt 19.966667 -0.418879 0.000000
vt 33.433333 -0.418879 0.000000
vt 28.944444 -0.418879 0.000000
vt 24.455556 -0.209440 0.000000
vt 19.966667 -0.209440 0.000000
vt 19.966667 0.000000 0.000000
vt 62.611111 -0.628319 0.000000
vt 60.366667 -0.418879 0.000000
vt 60.366667 -0.209440 0.000000
vt 60.366667 0.000000 0.000000
vt 60.366667 0.209440 0.000000
vt 73.833333 -0.628319 0.000000
vt 69.344444 -0.418879 0.000000
vt 64.855556 -0.418879 0.000000
vt 73.833333 -0.418879 0.000000
vt 69.344444 -0.209440 0.000000
vt 64.855556 -0.209440 0.000000
vt 64.855556 0.000000 0.000000
vt 96.277778 -0.628319 0.000000
vt 96.277778 -0.418879 0.000000
vt 96.277778 -0.209440 0.000000
vt 96.277778 0.000000 0.000000
vt 96.277778 0.209440 0.000000
vt 100.766667 -0.418879 0.000000
vt 107.500000 -0.628319 0.000000
vt 105.255556 -0.418879 0.000000
vt 109.744444 -0.418879 0.000000
vt 105.255556 -0.209440 0.000000
vt 136.677778 -0.418879 0.000000
vt 141.166667 -0.628319 0.000000
vt 141.166667 -0.418879 0.000000
vt 145.655556 -0.418879 0.000000
vt 141.166667 -0.209440 0.000000
vt 145.655556 -0.209440 0.000000
vt 141.166667 0.000000 0.000000
vt 145.655556 0.000000 0.000000
vt 141.166667 0.209440 0.000000
vt 152.388889 -0.628319 0.000000
vt 150.144444 -0.418879 0.000000
vt 150.144444 -0.209440 0.000000
vt 154.633333 -0.418879 0.000000
vt 181.566667 -0.418879 0.000000
vt 186.055556 -0.628319 0.000000
vt 186.055556 -0.418879 0.000000
vt 190.544444 -0.418879 0.000000
vt 186.055556 -0.209440 0.000000
vt 208.500000 -0.209440 0.000000
vt 204.011111 0.000000 0.000000
vt 199.522222 0.209440 0.000000
vt 195.033333 0.418879 0.000000
vt 197.277778 0.628319 0.000000
vt 208.500000 0.000000 0.000000
vt 204.011111 0.209440 0.000000
vt 199.522222 0.418879 0.000000
vt 208.500000 0.209440 0.000000
vt 204.011111 0.418879 0.000000
vt 208.500000 0.418879 0.000000
vt 208.500000 0.628319 0.000000
vt 168.100000 0.418879 0.000000
vt 163.611111 0.628319 0.000000
vt 163.611111 0.418879 0.000000
vt 159.122222 0.418879 0.000000
vt 163.611111 0.209440 0.000000
vt 159.122222 0.209440 0.000000
vt 163.611111 0.000000 0.000000
vt 159.122222 0.000000 0.000000
vt 163.611111 -0.209440 0.000000
vt 152.388889 0.628319 0.000000
vt 154.633333 0.418879 0.000000
vt 154.633333 0.209440 0.000000
vt 150.144444 0.418879 0.000000
vt 123.211111 0.418879 0.000000
vt 118.722222 0.628319 0.000000
vt 118.722222 0.418879 0.000000
vt 114.233333 0.418879 0.000000
vt 118.722222 0.209440 0.000000
vt 114.233333 0.209440 0.000000
vt 118.722222 0.000000 0.000000
vt 114.233333 0.000000 0.000000
vt 118.722222 -0.209440 0.000000
vt 107.500000 0.628319 0.000000
vt 109.744444 0.418879 0.000000
vt 109.744444 0.209440 0.000000
vt 105.255556 0.418879 0.000000
vt 73.833333 0.628319 0.000000
vt 78.322222 0.418879 0.000000
vt 82.811111 0.418879 0.000000
vt 69.344444 0.418879 0.000000
vt 73.833333 0.418879 0.000000
vt 78.322222 0.209440 0.000000
vt 82.811111 0.209440 0.000000
vt 82.811111 0.000000 0.000000
vt 46.900000 0.418879 0.000000
vt 40.166667 0.628319 0.000000
vt 42.411111 0.418879 0.000000
vt 37.922222 0.418879 0.000000
vt 42.411111 0.209440 0.000000
vt 37.922222 0.209440 0.000000
vt 42.411111 0.000000 0.000000
vt 37.922222 0.000000 0.000000
vt 42.411111 -0.209440 0.000000
vt 33.433333 0.418879 0.000000
vt 28.944444 0.628319 0.000000
vt 28.944444 0.418879 0.000000
vt 19.966667 0.209440 0.000000
vt 33.433333 0.209440 0.000000
vt 46.900000 0.209440 0.000000
vt 46.900000 0.000000 0.000000
vt 46.900000 -0.209440 0.000000
vt 73.833333 0.209440 0.000000
vt 123.211111 0.209440 0.000000
vt 123.211111 0.000000 0.000000
vt 123.211111 -0.209440 0.000000
vt 136.677778 0.209440 0.000000
vt 136.677778 0.000000 0.000000
vt 136.677778 -0.209440 0.000000
vt 168.100000 0.209440 0.000000
vt 168.100000 0.000000 0.000000
vt 168.100000 -0.209440 0.000000
vt 24.455556 0.000000 0.000000
vt 28.944444 -0.209440 0.000000
vt 78.322222 0.000000 0.000000
vt 100.766667 0.000000 0.000000
vt 100.766667 -0.209440 0.000000
vt 181.566667 0.000000 0.000000
vt 181.566667 -0.209440 0.000000
vt 82.811111 -0.209440 0.000000
vt 2.972741 8.907055 0.000000
vt 2.892820 9.100000 0.000000
vt 3.000000 8.700000 0.000000
vt 2.765685 9.265686 0.000000
vt 2.600000 9.392820 0.000000
vt 3.000000 7.800000 0.000000
vt 2.407055 9.472741 0.000000
vt 2.600000 7.107180 0.000000
vt 2.407055 7.027259 0.000000
vt 2.200000 9.500000 0.000000
vt 2.200000 7.000000 0.000000
vt 1.500000 7.000000 0.000000
vt 1.500000 9.500000 0.000000
vt 2.765685 7.234315 0.000000
vt 2.892820 7.400000 0.000000
vt 2.972741 7.592945 0.000000
vt 0.000000 213.000000 0.000000
vt 2.500000 213.000000 0.000000
vt 0.000000 215.000000 0.000000
vt 2.500000 215.000000 0.000000
vt 0.592945 9.472741 0.000000
vt 0.592945 7.027259 0.000000
vt 0.800000 9.500000 0.000000
vt 0.800000 7.000000 0.000000
vt 1.500000 7.000000 0.000000
vt 0.400000 9.392820 0.000000
vt -0.000000 7.800000 0.000000
vt 0.400000 7.107180 0.000000
vt -0.000000 8.700000 0.000000
vt 0.234315 9.265686 0.000000
vt 0.107180 9.100000 0.000000
vt 0.027259 8.907055 0.000000
vt 0.027259 7.592945 0.000000
vt 0.107180 7.400000 0.000000
vt 0.234315 7.234315 0.000000
vt 1.500000 9.500000 0.000000
vt -210.500000 1.700000 0.000000
vt -213.000000 1.700000 0.000000
vt -210.500000 0.800000 0.000000
vt -213.000000 0.800000 0.000000
vt 2.500000 210.500000 0.000000
vt 0.000000 210.500000 0.000000
vt 2.500000 208.500000 0.000000
vt 0.000000 208.500000 0.000000
vt -0.027259 8.907055 0.000000
vt -0.107180 9.100000 0.000000
vt 0.000000 8.700000 0.000000
vt -0.234315 9.265686 0.000000
vt -0.400000 9.392820 0.000000
vt 0.000000 7.800000 0.000000
vt -0.592945 9.472741 0.000000
vt -0.400000 7.107180 0.000000
vt -0.592945 7.027259 0.000000
vt -0.800000 9.500000 0.000000
vt -0.800000 7.000000 0.000000
vt -1.500000 7.000000 0.000000
vt -1.500000 9.500000 0.000000
vt -0.234315 7.234315 0.000000
vt -0.107180 7.400000 0.000000
vt -0.027259 7.592945 0.000000
vt 0.000000 4.500000 0.000000
vt 2.500000 4.500000 0.000000
vt 0.000000 6.500000 0.000000
vt 2.500000 6.500000 0.000000
vt -2.407055 9.472741 0.000000
vt -2.407055 7.027259 0.000000
vt -2.200000 9.500000 0.000000
vt -2.200000 7.000000 0.000000
vt -1.500000 7.000000 0.000000
vt -2.600000 9.392820 0.000000
vt -3.000000 7.800000 0.000000
vt -2.600000 7.107180 0.000000
vt -3.000000 8.700000 0.000000
vt -2.765685 9.265686 0.000000
vt -2.892820 9.100000 0.000000
vt -2.972741 8.907055 0.000000
vt -2.972741 7.592945 0.000000
vt -2.892820 7.400000 0.000000
vt -2.765685 7.234315 0.000000
vt -1.500000 9.500000 0.000000
vt -2.000000 1.700000 0.000000
vt -4.500000 1.700000 0.000000
vt -2.000000 0.800000 0.000000
vt -4.500000 0.800000 0.000000
vt -1.500000 7.000000 0.000000
vt -0.800000 7.000000 0.000000
vt -0.800000 9.500000 0.000000
vt -0.592945 7.027259 0.000000
vt -0.592945 9.472741 0.000000
vt -0.400000 7.107180 0.000000
vt 0.000000 7.800000 0.000000
vt -0.234315 7.234315 0.000000
vt -0.107180 7.400000 0.000000
vt -0.027259 7.592945 0.000000
vt -0.400000 9.392820 0.000000
vt 0.000000 8.700000 0.000000
vt -0.234315 9.265686 0.000000
vt -0.107180 9.100000 0.000000
vt -0.027259 8.907055 0.000000
vt -1.500000 9.500000 0.000000
vt 2.500000 2.000000 0.000000
vt 0.000000 2.000000 0.000000
vt 2.500000 0.000000 0.000000
vt 0.000000 0.000000 0.000000
vn -0.000000 1.000000 -0.000000
vn -0.000000 1.000000 -0.000000
vn -0.000000 0.965926 -0.258819
vn -0.000000 0.965926 -0.258819
vn -0.000000 0.866025 -0.500000
vn -0.000000 0.866025 -0.500000
vn -0.000000 0.707107 -0.707107
vn -0.000000 0.707107 -0.707107
vn -0.000000 0.500000 -0.866025
vn -0.000000 0.500000 -0.866025
vn -0.000000 0.258819 -0.965926
vn -0.000000 0.258819 -0.965926
vn -0.000000 -0.000000 -1.000000
vn -0.000000 -0.000000 -1.000000
vn 0.000000 1.000000 0.000000
vn 0.000000 1.000000 0.000000
vn 0.000000 1.000000 0.000000
vn 0.000000 1.000000 0.000000
vn 0.000000 1.000000 0.000000
vn 0.000000 1.000000 0.000000
vn 0.000000 1.000000 0.000000
vn 0.000000 1.000000 0.000000
vn 0.000000 1.000000 0.000000
vn 0.000000 1.000000 0.000000
vn 0.000000 1.000000 0.000000
vn 0.000000 1.000000 0.000000
vn 0.000000 1.000000 0.000000
vn 0.000000 1.000000 0.000000
vn 0.000000 1.000000 0.000000
vn 0.000000 1.000000 0.000000
vn 0.000000 1.000000 0.000000
vn 0.000000 1.000000 0.000000
vn 0.000000 1.000000 0.000000
vn 0.000000 1.000000 0.000000
vn 0.000000 1.000000 0.000000
vn 0.000000 1.000000 0.000000
vn 0.000000 1.000000 0.000000
vn 0.000000 1.000000 0.000000
vn 0.000000 1.000000 0.000000
vn 0.000000 1.000000 0.000000
vn 0.000000 1.000000 0.000000
vn 0.000000 1.000000 0.000000
vn 0.000000 1.000000 0.000000
vn 0.000000 1.000000 0.000000
vn 0.000000 1.000000 0.000000
vn 0.000000 1.000000 0.000000
vn 0.000000 1.000000 0.000000
vn 0.000000 1.000000 0.000000
vn 0.000000 1.000000 0.000000
vn 0.000000 1.000000 0.000000
vn 0.000000 1.000000 0.000000
vn 0.000000 1.000000 0.000000
vn 0.000000 1.000000 0.000000
vn 0.000000 1.000000 0.000000
vn 0.000000 1.000000 0.000000
vn 0.000000 1.000000 0.000000
vn 0.000000 1.000000 0.000000
vn 0.000000 1.000000 0.000000
vn 0.000000 1.000000 0.000000
vn 0.000000 1.000000 0.000000
vn 0.000000 1.000000 0.000000
vn 0.000000 1.000000 0.000000
vn 0.000000 1.000000 0.000000
vn 0.000000 1.000000 0.000000
vn 0.000000 1.000000 0.000000
vn 0.000000 1.000000 0.000000
vn 0.000000 1.000000 0.000000
vn 0.000000 1.000000 0.000000
vn 0.000000 1.000000 0.000000
vn 0.000000 1.000000 0.000000
vn 0.000000 1.000000 0.000000
vn 0.000000 1.000000 0.000000
vn 0.000000 1.000000 0.000000
vn 0.000000 1.000000 0.000000
vn 0.000000 1.000000 0.000000
vn 0.000000 1.000000 0.000000
vn 0.000000 1.000000 0.000000
vn 0.000000 1.000000 0.000000
vn 0.000000 1.000000 0.000000
vn 0.000000 1.000000 0.000000
vn -1.000000 0.000000 -0.000000
vn -1.000000 0.000000 -0.000000
vn -1.000000 0.000000 -0.000000
vn -1.000000 0.000000 -0.000000
vn -1.000000 0.000000 -0.000000
vn -1.000000 0.000000 -0.000000
vn -1.000000 0.000000 -0.000000
vn -1.000000 0.000000 -0.000000
vn -1.000000 0.000000 -0.000000
vn -1.000000 0.000000 -0.000000
vn -1.000000 0.000000 -0.000000
vn -1.000000 0.000000 -0.000000
vn -1.000000 0.000000 -0.000000
vn -1.000000 0.000000 -0.000000
vn -1.000000 0.000000 -0.000000
vn -1.000000 0.000000 -0.000000
vn 0.000000 -1.000000 -0.000000
vn 0.000000 -1.000000 -0.000000
vn 0.000000 -0.965926 -0.258819
vn 0.000000 -0.965926 -0.258819
vn 0.000000 -0.866025 -0.500000
vn 0.000000 -0.866025 -0.500000
vn 0.000000 -0.707107 -0.707107
vn 0.000000 -0.707107 -0.707107
vn 0.000000 -0.500000 -0.866025
vn 0.000000 -0.500000 -0.866025
vn 0.000000 -0.258819 -0.965926
vn 0.000000 -0.258819 -0.965926
vn -0.000000 -0.000000 -1.000000
vn -0.000000 -0.000000 -1.000000
vn 0.000000 -1.000000 0.000000
vn 0.000000 -1.000000 0.000000
vn 0.000000 -1.000000 0.000000
vn 0.000000 -1.000000 0.000000
vn 0.000000 -1.000000 0.000000
vn 0.000000 -1.000000 0.000000
vn 0.000000 -1.000000 0.000000
vn 0.000000 -1.000000 0.000000
vn 0.000000 -1.000000 0.000000
vn 0.000000 -1.000000 0.000000
vn 0.000000 -1.000000 0.000000
vn 0.000000 -1.000000 0.000000
vn 0.000000 -1.000000 0.000000
vn 0.000000 -1.000000 0.000000
vn 0.000000 -1.000000 0.000000
vn 0.000000 -1.000000 0.000000
vn 0.000000 -1.000000 0.000000
vn 0.000000 -1.000000 0.000000
vn 0.000000 -1.000000 0.000000
vn 0.000000 -1.000000 0.000000
vn 0.000000 -1.000000 0.000000
vn 0.000000 -1.000000 0.000000
vn 0.000000 -1.000000 0.000000
vn 0.000000 -1.000000 0.000000
vn 0.000000 -1.000000 0.000000
vn 0.000000 -1.000000 0.000000
vn 0.000000 -1.000000 0.000000
vn 0.000000 -1.000000 0.000000
vn 0.000000 -1.000000 0.000000
vn 0.000000 -1.000000 0.000000
vn 0.000000 -1.000000 0.000000
vn 0.000000 -1.000000 0.000000
vn 0.000000 -1.000000 0.000000
vn 0.000000 -1.000000 0.000000
vn 0.000000 -1.000000 0.000000
vn 0.000000 -1.000000 0.000000
vn 0.000000 -1.000000 0.000000
vn 0.000000 -1.000000 0.000000
vn 0.000000 -1.000000 0.000000
vn 0.000000 -1.000000 0.000000
vn 0.000000 -1.000000 0.000000
vn 0.000000 -1.000000 0.000000
vn 0.000000 -1.000000 0.000000
vn 0.000000 -1.000000 0.000000
vn 0.000000 -1.000000 0.000000
vn 0.000000 -1.000000 0.000000
vn 0.000000 -1.000000 0.000000
vn 0.000000 -1.000000 0.000000
vn 0.000000 -1.000000 0.000000
vn 0.000000 -1.000000 0.000000
vn 0.000000 -1.000000 0.000000
vn 0.000000 -1.000000 0.000000
vn 0.000000 -1.000000 0.000000
vn 0.000000 -1.000000 0.000000
vn 0.000000 -1.000000 0.000000
vn 0.000000 -1.000000 0.000000
vn 0.000000 -1.000000 0.000000
vn 0.000000 -1.000000 0.000000
vn 0.000000 -1.000000 0.000000
vn 0.000000 -1.000000 0.000000
vn 0.000000 -1.000000 0.000000
vn 0.000000 -1.000000 0.000000
vn 0.000000 -1.000000 0.000000
vn 0.000000 -1.000000 0.000000
vn 0.000000 -1.000000 0.000000
vn 0.000000 -1.000000 0.000000
vn -0.000000 0.965926 -0.258819
vn -0.000000 0.965926 -0.258819
vn -0.000000 0.866025 -0.500000
vn -0.000000 0.866025 -0.500000
vn -0.000000 0.707107 -0.707107
vn -0.000000 0.707107 -0.707107
vn -0.000000 0.500000 -0.866025
vn -0.000000 0.500000 -0.866025
vn -0.000000 0.258819 -0.965926
vn -0.000000 0.258819 -0.965926
vn -0.000000 -0.000000 -1.000000
vn -0.000000 -0.000000 -1.000000
vn -1.000000 -0.000000 -0.000000
vn -1.000000 -0.000000 -0.000000
vn -1.000000 -0.000000 -0.000000
vn -1.000000 -0.000000 -0.000000
vn -1.000000 -0.000000 -0.000000
vn -1.000000 -0.000000 -0.000000
vn -1.000000 -0.000000 -0.000000
vn -1.000000 -0.000000 -0.000000
vn -1.000000 -0.000000 -0.000000
vn -1.000000 -0.000000 -0.000000
vn -1.000000 -0.000000 -0.000000
vn -1.000000 -0.000000 -0.000000
vn -1.000000 -0.000000 -0.000000
vn -1.000000 -0.000000 -0.000000
vn -1.000000 -0.000000 -0.000000
vn -1.000000 -0.000000 -0.000000
vn 0.000000 -0.965926 -0.258819
vn 0.000000 -0.965926 -0.258819
vn 0.000000 -0.866025 -0.500000
vn 0.000000 -0.866025 -0.500000
vn 0.000000 -0.707107 -0.707107
vn 0.000000 -0.707107 -0.707107
vn 0.000000 -0.500000 -0.866025
vn 0.000000 -0.500000 -0.866025
vn 0.000000 -0.258819 -0.965926
vn 0.000000 -0.258819 -0.965926
vn -0.000000 -0.000000 -1.000000
vn -0.000000 -0.000000 -1.000000
vn 0.258819 0.965926 0.000000
vn 0.258819 0.965926 0.000000
vn 0.500000 0.866025 0.000000
vn 0.500000 0.866025 0.000000
vn 0.707107 0.707107 0.000000
vn 0.707107 0.707107 0.000000
vn 0.866025 0.500000 0.000000
vn 0.866025 0.500000 0.000000
vn 0.965926 0.258819 0.000000
vn 0.965926 0.258819 0.000000
vn 1.000000 -0.000000 -0.000000
vn 1.000000 -0.000000 -0.000000
vn -0.000000 -0.000000 -1.000000
vn 0.000000 0.258819 -0.965926
vn 0.258819 -0.000000 -0.965926
vn 0.250000 0.258819 -0.933013
vn 0.500000 -0.000000 -0.866025
vn 0.482963 0.258819 -0.836516
vn 0.707107 -0.000000 -0.707107
vn 0.683013 0.258819 -0.683013
vn 0.866025 -0.000000 -0.500000
vn 0.836516 0.258819 -0.482963
vn 0.965926 -0.000000 -0.258819
vn 0.933013 0.258819 -0.250000
vn 0.836516 0.500000 -0.224144
vn 0.683013 0.707107 -0.183013
vn 0.482963 0.866025 -0.129410
vn 0.250000 0.965926 -0.066987
vn 0.000000 0.500000 -0.866025
vn 0.224144 0.500000 -0.836516
vn 0.433013 0.500000 -0.750000
vn 0.612372 0.500000 -0.612372
vn 0.750000 0.500000 -0.433013
vn 0.000000 0.707107 -0.707107
vn 0.183013 0.707107 -0.683013
vn 0.353553 0.707107 -0.612372
vn 0.500000 0.707107 -0.500000
vn 0.612372 0.707107 -0.353553
vn 0.000000 0.866025 -0.500000
vn 0.129410 0.866025 -0.482963
vn 0.250000 0.866025 -0.433013
vn 0.353553 0.866025 -0.353553
vn 0.433013 0.866025 -0.250000
vn 0.000000 0.965926 -0.258819
vn 0.066987 0.965926 -0.250000
vn 0.129410 0.965926 -0.224144
vn 0.183013 0.965926 -0.183013
vn 0.224144 0.965926 -0.129410
vn -0.000000 -0.000000 -1.000000
vn -0.000000 0.258819 -0.965926
vn -0.000000 0.500000 -0.866025
vn -0.000000 0.707107 -0.707107
vn -0.000000 0.866025 -0.500000
vn -0.000000 0.965926 -0.258819
vn 0.000000 0.000000 -1.000000
vn 0.000000 0.000000 -1.000000
vn 0.258819 -0.000000 -0.965926
vn 0.500000 -0.000000 -0.866025
vn 0.707107 -0.000000 -0.707107
vn 0.866025 -0.000000 -0.500000
vn 0.965926 -0.000000 -0.258819
vn 1.000000 -0.000000 -0.000000
vn 1.000000 0.000000 0.000000
vn -0.000000 0.000000 1.000000
vn -0.000000 0.000000 1.000000
vn -0.000000 0.000000 1.000000
vn -0.000000 0.000000 1.000000
vn -0.000000 0.000000 1.000000
vn -0.000000 0.000000 1.000000
vn -0.000000 0.000000 1.000000
vn -0.000000 0.000000 1.000000
vn -0.000000 0.000000 1.000000
vn -0.000000 0.000000 1.000000
vn -0.000000 0.000000 1.000000
vn -0.000000 0.000000 1.000000
vn -0.000000 0.000000 1.000000
vn -0.000000 0.000000 1.000000
vn -0.000000 0.000000 1.000000
vn -0.000000 0.000000 1.000000
vn -0.000000 0.000000 1.000000
vn -0.000000 0.000000 1.000000
vn -0.000000 0.000000 1.000000
vn -0.000000 0.000000 1.000000
vn -0.000000 0.000000 1.000000
vn -0.000000 0.000000 1.000000
vn -0.000000 0.000000 1.000000
vn -0.000000 0.000000 1.000000
vn -0.000000 0.000000 1.000000
vn -0.000000 0.000000 1.000000
vn -0.000000 0.000000 1.000000
vn -0.000000 0.000000 1.000000
vn -0.000000 0.000000 1.000000
vn -0.000000 0.000000 1.000000
vn -0.000000 0.000000 1.000000
vn -0.000000 0.000000 1.000000
vn -0.000000 0.000000 1.000000
vn -0.000000 0.000000 1.000000
vn -0.000000 0.000000 1.000000
vn -0.000000 0.000000 1.000000
vn -0.000000 0.000000 1.000000
vn -0.000000 0.000000 1.000000
vn -0.000000 0.000000 1.000000
vn -0.000000 0.000000 1.000000
vn -0.000000 0.000000 1.000000
vn -0.000000 0.000000 1.000000
vn -0.000000 0.000000 1.000000
vn -0.000000 0.000000 1.000000
vn -0.000000 0.000000 1.000000
vn -0.000000 0.000000 1.000000
vn -0.000000 0.000000 1.000000
vn -0.000000 0.000000 1.000000
vn -0.000000 0.000000 1.000000
vn -0.000000 0.000000 1.000000
vn -0.000000 0.000000 1.000000
vn -0.000000 0.000000 1.000000
vn -0.000000 0.000000 1.000000
vn -0.000000 0.000000 1.000000
vn -0.000000 0.000000 1.000000
vn -0.000000 0.000000 1.000000
vn -0.000000 0.000000 1.000000
vn -0.000000 0.000000 1.000000
vn -0.000000 0.000000 1.000000
vn -0.000000 0.000000 1.000000
vn -0.000000 0.000000 1.000000
vn -0.000000 0.000000 1.000000
vn -0.000000 0.000000 1.000000
vn -0.000000 0.000000 1.000000
vn -0.000000 0.000000 1.000000
vn -0.000000 0.000000 1.000000
vn 0.965926 -0.258819 -0.000000
vn 0.965926 -0.258819 -0.000000
vn 0.866025 -0.500000 -0.000000
vn 0.866025 -0.500000 -0.000000
vn 0.707107 -0.707107 -0.000000
vn 0.707107 -0.707107 -0.000000
vn 0.500000 -0.866025 -0.000000
vn 0.500000 -0.866025 -0.000000
vn 0.258819 -0.965926 -0.000000
vn 0.258819 -0.965926 -0.000000
vn -0.000000 -0.965926 -0.258819
vn 0.066987 -0.965926 -0.250000
vn 0.129410 -0.965926 -0.224144
vn 0.183013 -0.965926 -0.183013
vn 0.224144 -0.965926 -0.129410
vn 0.250000 -0.965926 -0.066987
vn 0.482963 -0.866025 -0.129410
vn 0.683013 -0.707107 -0.183013
vn 0.836516 -0.500000 -0.224144
vn 0.933013 -0.258819 -0.250000
vn -0.000000 -0.866025 -0.500000
vn 0.129410 -0.866025 -0.482963
vn 0.250000 -0.866025 -0.433013
vn 0.353553 -0.866025 -0.353553
vn 0.433013 -0.866025 -0.250000
vn -0.000000 -0.707107 -0.707107
vn 0.183013 -0.707107 -0.683013
vn 0.353553 -0.707107 -0.612372
vn 0.500000 -0.707107 -0.500000
vn 0.612372 -0.707107 -0.353553
vn -0.000000 -0.500000 -0.866025
vn 0.224144 -0.500000 -0.836516
vn 0.433013 -0.500000 -0.750000
vn 0.612372 -0.500000 -0.612372
vn 0.750000 -0.500000 -0.433013
vn -0.000000 -0.258819 -0.965926
vn 0.250000 -0.258819 -0.933013
vn 0.482963 -0.258819 -0.836516
vn 0.683013 -0.258819 -0.683013
vn 0.836516 -0.258819 -0.482963
vn 0.000000 -0.965926 -0.258819
vn 0.000000 -0.866025 -0.500000
vn 0.000000 -0.707107 -0.707107
vn 0.000000 -0.500000 -0.866025
vn 0.000000 -0.258819 -0.965926
vn -0.000000 -0.000000 -1.000000
vn -0.000000 -0.000000 -1.000000
vn 0.000000 -0.258819 -0.965926
vn 0.000000 -0.258819 -0.965926
vn 0.000000 -0.500000 -0.866025
vn 0.000000 -0.500000 -0.866025
vn 0.000000 -0.707107 -0.707107
vn 0.000000 -0.707107 -0.707107
vn 0.000000 -0.866025 -0.500000
vn 0.000000 -0.866025 -0.500000
vn 0.000000 -0.965926 -0.258819
vn 0.000000 -0.965926 -0.258819
vn -0.258819 -0.965926 0.000000
vn -0.250000 -0.965926 -0.066987
vn -0.224144 -0.965926 -0.129410
vn -0.183013 -0.965926 -0.183013
vn -0.129410 -0.965926 -0.224144
vn -0.066987 -0.965926 -0.250000
vn -0.129410 -0.866025 -0.482963
vn -0.183013 -0.707107 -0.683013
vn -0.224144 -0.500000 -0.836516
vn -0.250000 -0.258819 -0.933013
vn -0.258819 0.000000 -0.965926
vn -0.500000 -0.866025 0.000000
vn -0.482963 -0.866025 -0.129410
vn -0.433013 -0.866025 -0.250000
vn -0.353553 -0.866025 -0.353553
vn -0.250000 -0.866025 -0.433013
vn -0.707107 -0.707107 0.000000
vn -0.683013 -0.707107 -0.183013
vn -0.612372 -0.707107 -0.353553
vn -0.500000 -0.707107 -0.500000
vn -0.353553 -0.707107 -0.612372
vn -0.866025 -0.500000 0.000000
vn -0.836516 -0.500000 -0.224144
vn -0.750000 -0.500000 -0.433013
vn -0.612372 -0.500000 -0.612372
vn -0.433013 -0.500000 -0.750000
vn -0.965926 -0.258819 0.000000
vn -0.933013 -0.258819 -0.250000
vn -0.836516 -0.258819 -0.482963
vn -0.683013 -0.258819 -0.683013
vn -0.482963 -0.258819 -0.836516
vn -1.000000 0.000000 0.000000
vn -0.965926 0.000000 -0.258819
vn -0.866025 0.000000 -0.500000
vn -0.707107 0.000000 -0.707107
vn -0.500000 0.000000 -0.866025
vn -0.258819 -0.965926 0.000000
vn -0.500000 -0.866025 0.000000
vn -0.707107 -0.707107 0.000000
vn -0.866025 -0.500000 0.000000
vn -0.965926 -0.258819 0.000000
vn -1.000000 -0.000000 0.000000
vn 0.000000 0.000000 -1.000000
vn 0.000000 0.000000 -1.000000
vn -0.258819 0.000000 -0.965926
vn -0.500000 0.000000 -0.866025
vn -0.707107 0.000000 -0.707107
vn -0.866025 0.000000 -0.500000
vn -0.965926 0.000000 -0.258819
vn -1.000000 0.000000 -0.000000
vn -1.000000 0.000000 0.000000
vn -0.000000 0.965926 -0.258819
vn -0.000000 0.965926 -0.258819
vn -0.000000 0.866025 -0.500000
vn -0.000000 0.866025 -0.500000
vn -0.000000 0.707107 -0.707107
vn -0.000000 0.707107 -0.707107
vn -0.000000 0.500000 -0.866025
vn -0.000000 0.500000 -0.866025
vn -0.000000 0.258819 -0.965926
vn -0.000000 0.258819 -0.965926
vn -0.965926 0.258819 -0.000000
vn -0.933013 0.258819 -0.250000
vn -0.836516 0.258819 -0.482963
vn -0.683013 0.258819 -0.683013
vn -0.482963 0.258819 -0.836516
vn -0.250000 0.258819 -0.933013
vn -0.224144 0.500000 -0.836516
vn -0.183013 0.707107 -0.683013
vn -0.129410 0.866025 -0.482963
vn -0.066987 0.965926 -0.250000
vn -0.866025 0.500000 -0.000000
vn -0.836516 0.500000 -0.224144
vn -0.750000 0.500000 -0.433013
vn -0.612372 0.500000 -0.612372
vn -0.433013 0.500000 -0.750000
vn -0.707107 0.707107 -0.000000
vn -0.683013 0.707107 -0.183013
vn -0.612372 0.707107 -0.353553
vn -0.500000 0.707107 -0.500000
vn -0.353553 0.707107 -0.612372
vn -0.500000 0.866025 -0.000000
vn -0.482963 0.866025 -0.129410
vn -0.433013 0.866025 -0.250000
vn -0.353553 0.866025 -0.353553
vn -0.250000 0.866025 -0.433013
vn -0.258819 0.965926 -0.000000
vn -0.250000 0.965926 -0.066987
vn -0.224144 0.965926 -0.129410
vn -0.183013 0.965926 -0.183013
vn -0.129410 0.965926 -0.224144
vn -0.965926 0.258819 -0.000000
vn -0.866025 0.500000 -0.000000
vn -0.707107 0.707107 -0.000000
vn -0.500000 0.866025 -0.000000
vn -0.258819 0.965926 -0.000000
vn -0.000000 0.965926 -0.258819
vn -0.000000 0.965926 -0.258819
vn -0.000000 0.866025 -0.500000
vn -0.000000 0.866025 -0.500000
vn -0.000000 0.707107 -0.707107
vn -0.000000 0.707107 -0.707107
vn -0.000000 0.500000 -0.866025
vn -0.000000 0.500000 -0.866025
vn -0.000000 0.258819 -0.965926
vn -0.000000 0.258819 -0.965926
vn -0.000000 -0.000000 -1.000000
vn -0.000000 -0.000000 -1.000000
vn -0.000000 0.258819 -0.965926
vn -0.000000 0.500000 -0.866025
vn -0.000000 0.707107 -0.707107
vn -0.000000 0.866025 -0.500000
vn -0.000000 0.965926 -0.258819
vn -0.000000 0.965926 -0.258819
vn -0.000000 0.965926 -0.258819
vn -0.000000 0.866025 -0.500000
vn -0.000000 0.866025 -0.500000
vn -0.000000 0.707107 -0.707107
vn -0.000000 0.707107 -0.707107
vn -0.000000 0.500000 -0.866025
vn -0.000000 0.500000 -0.866025
vn -0.000000 0.258819 -0.965926
vn -0.000000 0.258819 -0.965926
vn -0.000000 -0.000000 -1.000000
vn -0.000000 0.258819 -0.965926
vn -0.000000 -0.000000 -1.000000
vn -0.000000 0.258819 -0.965926
vn -0.000000 0.258819 -0.965926
vn -0.000000 0.500000 -0.866025
vn -0.000000 0.500000 -0.866025
vn -0.000000 0.707107 -0.707107
vn -0.000000 0.707107 -0.707107
vn -0.000000 0.866025 -0.500000
vn -0.000000 0.866025 -0.500000
vn -0.000000 0.965926 -0.258819
vn -0.000000 0.965926 -0.258819
vn -0.000000 0.965926 -0.258819
vn -0.000000 0.965926 -0.258819
vn -0.000000 0.866025 -0.500000
vn -0.000000 0.866025 -0.500000
vn -0.000000 0.707107 -0.707107
vn -0.000000 0.707107 -0.707107
vn -0.000000 0.500000 -0.866025
vn -0.000000 0.500000 -0.866025
vn -0.000000 0.258819 -0.965926
vn -0.000000 0.258819 -0.965926
vn -0.000000 -0.000000 -1.000000
vn -0.000000 0.258819 -0.965926
vn -0.000000 0.258819 -0.965926
vn -0.000000 0.500000 -0.866025
vn -0.000000 0.500000 -0.866025
vn -0.000000 0.707107 -0.707107
vn -0.000000 0.707107 -0.707107
vn -0.000000 0.866025 -0.500000
vn -0.000000 0.866025 -0.500000
vn -0.000000 0.965926 -0.258819
vn -0.000000 0.965926 -0.258819
vn -0.000000 0.965926 -0.258819
vn -0.000000 0.965926 -0.258819
vn -0.000000 0.866025 -0.500000
vn -0.000000 0.866025 -0.500000
vn -0.000000 0.707107 -0.707107
vn -0.000000 0.707107 -0.707107
vn -0.000000 0.500000 -0.866025
vn -0.000000 0.500000 -0.866025
vn -0.000000 0.258819 -0.965926
vn -0.000000 0.258819 -0.965926
vn -0.000000 -0.000000 -1.000000
vn -0.000000 0.258819 -0.965926
vn -0.000000 -0.000000 -1.000000
vn -0.000000 0.258819 -0.965926
vn -0.000000 0.258819 -0.965926
vn -0.000000 0.500000 -0.866025
vn -0.000000 0.500000 -0.866025
vn -0.000000 0.707107 -0.707107
vn -0.000000 0.707107 -0.707107
vn -0.000000 0.866025 -0.500000
vn -0.000000 0.866025 -0.500000
vn -0.000000 0.965926 -0.258819
vn -0.000000 0.965926 -0.258819
vn -0.000000 0.965926 -0.258819
vn -0.000000 0.965926 -0.258819
vn -0.000000 0.965926 -0.258819
vn -0.000000 0.866025 -0.500000
vn -0.000000 0.866025 -0.500000
vn -0.000000 0.707107 -0.707107
vn -0.000000 0.707107 -0.707107
vn -0.000000 0.500000 -0.866025
vn -0.000000 0.500000 -0.866025
vn -0.000000 0.258819 -0.965926
vn -0.000000 0.258819 -0.965926
vn -0.000000 -0.000000 -1.000000
vn -0.000000 0.258819 -0.965926
vn -0.000000 -0.000000 -1.000000
vn -0.000000 0.258819 -0.965926
vn -0.000000 0.258819 -0.965926
vn -0.000000 0.500000 -0.866025
vn -0.000000 0.500000 -0.866025
vn -0.000000 0.707107 -0.707107
vn -0.000000 0.707107 -0.707107
vn -0.000000 0.866025 -0.500000
vn -0.000000 0.866025 -0.500000
vn -0.000000 0.965926 -0.258819
vn -0.000000 0.965926 -0.258819
vn -0.000000 0.965926 -0.258819
vn -0.000000 0.965926 -0.258819
vn -0.000000 0.965926 -0.258819
vn -0.000000 0.866025 -0.500000
vn -0.000000 0.866025 -0.500000
vn -0.000000 0.707107 -0.707107
vn -0.000000 0.707107 -0.707107
vn -0.000000 0.500000 -0.866025
vn -0.000000 0.500000 -0.866025
vn -0.000000 0.258819 -0.965926
vn -0.000000 0.258819 -0.965926
vn -0.000000 -0.000000 -1.000000
vn -0.000000 -0.000000 -1.000000
vn -0.000000 0.258819 -0.965926
vn -0.000000 0.258819 -0.965926
vn -0.000000 0.500000 -0.866025
vn -0.000000 0.500000 -0.866025
vn -0.000000 0.707107 -0.707107
vn -0.000000 0.707107 -0.707107
vn -0.000000 0.866025 -0.500000
vn -0.000000 0.866025 -0.500000
vn -0.000000 -0.000000 -1.000000
vn -0.000000 0.258819 -0.965926
vn -0.000000 0.258819 -0.965926
vn -0.000000 0.258819 -0.965926
vn -0.000000 0.258819 -0.965926
vn -0.000000 0.500000 -0.866025
vn -0.000000 0.500000 -0.866025
vn -0.000000 0.707107 -0.707107
vn -0.000000 -0.000000 -1.000000
vn -0.000000 0.258819 -0.965926
vn -0.000000 0.500000 -0.866025
vn -0.000000 0.707107 -0.707107
vn -0.000000 0.866025 -0.500000
vn -0.000000 -0.000000 -1.000000
vn -0.000000 0.258819 -0.965926
vn -0.000000 0.258819 -0.965926
vn -0.000000 0.258819 -0.965926
vn -0.000000 0.500000 -0.866025
vn -0.000000 0.500000 -0.866025
vn -0.000000 0.707107 -0.707107
vn -0.000000 -0.000000 -1.000000
vn -0.000000 0.258819 -0.965926
vn -0.000000 0.500000 -0.866025
vn -0.000000 0.707107 -0.707107
vn -0.000000 0.866025 -0.500000
vn -0.000000 0.258819 -0.965926
vn -0.000000 -0.000000 -1.000000
vn -0.000000 0.258819 -0.965926
vn -0.000000 0.258819 -0.965926
vn -0.000000 0.500000 -0.866025
vn -0.000000 0.258819 -0.965926
vn -0.000000 -0.000000 -1.000000
vn -0.000000 0.258819 -0.965926
vn -0.000000 0.258819 -0.965926
vn -0.000000 0.500000 -0.866025
vn -0.000000 0.500000 -0.866025
vn -0.000000 0.707107 -0.707107
vn -0.000000 0.707107 -0.707107
vn -0.000000 0.866025 -0.500000
vn -0.000000 -0.000000 -1.000000
vn -0.000000 0.258819 -0.965926
vn -0.000000 0.500000 -0.866025
vn -0.000000 0.258819 -0.965926
vn -0.000000 0.258819 -0.965926
vn -0.000000 -0.000000 -1.000000
vn -0.000000 0.258819 -0.965926
vn -0.000000 0.258819 -0.965926
vn -0.000000 0.500000 -0.866025
vn -0.000000 0.500000 -0.866025
vn -0.000000 0.707107 -0.707107
vn -0.000000 0.866025 -0.500000
vn -0.000000 0.965926 -0.258819
vn -0.000000 0.707107 -0.707107
vn -0.000000 0.866025 -0.500000
vn -0.000000 0.965926 -0.258819
vn -0.000000 0.866025 -0.500000
vn -0.000000 0.965926 -0.258819
vn -0.000000 0.965926 -0.258819
vn -0.000000 0.965926 -0.258819
vn -0.000000 0.965926 -0.258819
vn -0.000000 0.965926 -0.258819
vn -0.000000 0.866025 -0.500000
vn -0.000000 0.866025 -0.500000
vn -0.000000 0.707107 -0.707107
vn -0.000000 0.707107 -0.707107
vn -0.000000 0.500000 -0.866025
vn -0.000000 0.965926 -0.258819
vn -0.000000 0.866025 -0.500000
vn -0.000000 0.965926 -0.258819
vn -0.000000 0.965926 -0.258819
vn -0.000000 0.965926 -0.258819
vn -0.000000 0.965926 -0.258819
vn -0.000000 0.866025 -0.500000
vn -0.000000 0.866025 -0.500000
vn -0.000000 0.707107 -0.707107
vn -0.000000 0.707107 -0.707107
vn -0.000000 0.500000 -0.866025
vn -0.000000 0.965926 -0.258819
vn -0.000000 0.866025 -0.500000
vn -0.000000 0.965926 -0.258819
vn -0.000000 0.965926 -0.258819
vn -0.000000 0.965926 -0.258819
vn -0.000000 0.965926 -0.258819
vn -0.000000 0.965926 -0.258819
vn -0.000000 0.866025 -0.500000
vn -0.000000 0.866025 -0.500000
vn -0.000000 0.707107 -0.707107
vn -0.000000 0.965926 -0.258819
vn -0.000000 0.965926 -0.258819
vn -0.000000 0.965926 -0.258819
vn -0.000000 0.866025 -0.500000
vn -0.000000 0.866025 -0.500000
vn -0.000000 0.707107 -0.707107
vn -0.000000 0.707107 -0.707107
vn -0.000000 0.500000 -0.866025
vn -0.000000 0.965926 -0.258819
vn -0.000000 0.965926 -0.258819
vn -0.000000 0.866025 -0.500000
vn -0.000000 0.866025 -0.500000
vn -0.000000 0.866025 -0.500000
vn -0.000000 0.707107 -0.707107
vn -0.000000 0.500000 -0.866025
vn -0.000000 0.866025 -0.500000
vn -0.000000 0.866025 -0.500000
vn -0.000000 0.707107 -0.707107
vn -0.000000 0.500000 -0.866025
vn -0.000000 0.866025 -0.500000
vn -0.000000 0.707107 -0.707107
vn -0.000000 0.500000 -0.866025
vn -0.000000 0.866025 -0.500000
vn -0.000000 0.707107 -0.707107
vn -0.000000 0.500000 -0.866025
vn -0.000000 0.707107 -0.707107
vn -0.000000 0.500000 -0.866025
vn -0.000000 0.707107 -0.707107
vn -0.000000 0.707107 -0.707107
vn -0.000000 0.500000 -0.866025
vn -0.000000 0.707107 -0.707107
vn -0.000000 0.500000 -0.866025
vn -0.000000 0.500000 -0.866025
vn 0.000000 0.000000 -1.000000
vn 0.000000 0.000000 -1.000000
vn 0.000000 0.000000 -1.000000
vn 0.000000 0.000000 -1.000000
vn 0.000000 0.000000 -1.000000
vn 0.000000 0.000000 -1.000000
vn 0.000000 0.000000 -1.000000
vn 0.000000 0.000000 -1.000000
vn 0.000000 0.000000 -1.000000
vn 0.000000 0.000000 -1.000000
vn 0.000000 0.000000 -1.000000
vn 0.000000 0.000000 -1.000000
vn 0.000000 0.000000 -1.000000
vn 0.000000 0.000000 -1.000000
vn 0.000000 0.000000 -1.000000
vn 0.000000 0.000000 -1.000000
vn 0.000000 0.000000 -1.000000
vn 0.000000 0.000000 -1.000000
vn 0.000000 0.000000 -1.000000
vn 1.000000 0.000000 -0.000000
vn 1.000000 0.000000 -0.000000
vn 1.000000 0.000000 -0.000000
vn 1.000000 0.000000 -0.000000
vn 1.000000 0.000000 -0.000000
vn 1.000000 0.000000 -0.000000
vn 1.000000 0.000000 -0.000000
vn 1.000000 0.000000 -0.000000
vn 1.000000 0.000000 -0.000000
vn 1.000000 0.000000 -0.000000
vn 1.000000 0.000000 -0.000000
vn 1.000000 0.000000 -0.000000
vn 1.000000 0.000000 -0.000000
vn 1.000000 0.000000 -0.000000
vn 1.000000 0.000000 -0.000000
vn 1.000000 0.000000 -0.000000
vn 0.000000 -0.965926 -0.258819
vn 0.000000 -0.965926 -0.258819
vn 0.000000 -0.866025 -0.500000
vn 0.000000 -0.866025 -0.500000
vn 0.000000 -0.707107 -0.707107
vn 0.000000 -0.707107 -0.707107
vn 0.000000 -0.500000 -0.866025
vn 0.000000 -0.500000 -0.866025
vn 0.000000 -0.258819 -0.965926
vn 0.000000 -0.258819 -0.965926
vn 0.000000 -0.258819 -0.965926
vn 0.000000 -0.500000 -0.866025
vn 0.000000 -0.707107 -0.707107
vn 0.000000 -0.866025 -0.500000
vn 0.000000 -0.965926 -0.258819
vn 0.000000 -0.965926 -0.258819
vn 0.000000 -0.965926 -0.258819
vn 0.000000 -0.866025 -0.500000
vn 0.000000 -0.866025 -0.500000
vn 0.000000 -0.707107 -0.707107
vn 0.000000 -0.707107 -0.707107
vn 0.000000 -0.500000 -0.866025
vn 0.000000 -0.500000 -0.866025
vn 0.000000 -0.258819 -0.965926
vn 0.000000 -0.258819 -0.965926
vn 0.000000 -0.258819 -0.965926
vn 0.000000 -0.258819 -0.965926
vn 0.000000 -0.258819 -0.965926
vn 0.000000 -0.500000 -0.866025
vn 0.000000 -0.500000 -0.866025
vn 0.000000 -0.707107 -0.707107
vn 0.000000 -0.707107 -0.707107
vn 0.000000 -0.866025 -0.500000
vn 0.000000 -0.866025 -0.500000
vn 0.000000 -0.965926 -0.258819
vn 0.000000 -0.965926 -0.258819
vn 0.000000 -0.965926 -0.258819
vn 0.000000 -0.965926 -0.258819
vn 0.000000 -0.866025 -0.500000
vn 0.000000 -0.866025 -0.500000
vn 0.000000 -0.707107 -0.707107
vn 0.000000 -0.707107 -0.707107
vn 0.000000 -0.500000 -0.866025
vn 0.000000 -0.500000 -0.866025
vn 0.000000 -0.258819 -0.965926
vn 0.000000 -0.258819 -0.965926
vn 0.000000 -0.258819 -0.965926
vn 0.000000 -0.258819 -0.965926
vn 0.000000 -0.500000 -0.866025
vn 0.000000 -0.500000 -0.866025
vn 0.000000 -0.707107 -0.707107
vn 0.000000 -0.707107 -0.707107
vn 0.000000 -0.866025 -0.500000
vn 0.000000 -0.866025 -0.500000
vn 0.000000 -0.965926 -0.258819
vn 0.000000 -0.965926 -0.258819
vn 0.000000 -0.965926 -0.258819
vn 0.000000 -0.965926 -0.258819
vn 0.000000 -0.866025 -0.500000
vn 0.000000 -0.866025 -0.500000
vn 0.000000 -0.707107 -0.707107
vn 0.000000 -0.707107 -0.707107
vn 0.000000 -0.500000 -0.866025
vn 0.000000 -0.500000 -0.866025
vn 0.000000 -0.258819 -0.965926
vn 0.000000 -0.258819 -0.965926
vn 0.000000 -0.258819 -0.965926
vn 0.000000 -0.258819 -0.965926
vn 0.000000 -0.258819 -0.965926
vn 0.000000 -0.500000 -0.866025
vn 0.000000 -0.500000 -0.866025
vn 0.000000 -0.707107 -0.707107
vn 0.000000 -0.707107 -0.707107
vn 0.000000 -0.866025 -0.500000
vn 0.000000 -0.866025 -0.500000
vn 0.000000 -0.965926 -0.258819
vn 0.000000 -0.965926 -0.258819
vn 0.000000 -0.965926 -0.258819
vn 0.000000 -0.965926 -0.258819
vn 0.000000 -0.965926 -0.258819
vn 0.000000 -0.866025 -0.500000
vn 0.000000 -0.866025 -0.500000
vn 0.000000 -0.707107 -0.707107
vn 0.000000 -0.707107 -0.707107
vn 0.000000 -0.500000 -0.866025
vn 0.000000 -0.500000 -0.866025
vn 0.000000 -0.258819 -0.965926
vn 0.000000 -0.258819 -0.965926
vn 0.000000 -0.258819 -0.965926
vn 0.000000 -0.258819 -0.965926
vn 0.000000 -0.258819 -0.965926
vn 0.000000 -0.500000 -0.866025
vn 0.000000 -0.500000 -0.866025
vn 0.000000 -0.707107 -0.707107
vn 0.000000 -0.707107 -0.707107
vn 0.000000 -0.866025 -0.500000
vn 0.000000 -0.866025 -0.500000
vn 0.000000 -0.965926 -0.258819
vn 0.000000 -0.965926 -0.258819
vn 0.000000 -0.965926 -0.258819
vn 0.000000 -0.965926 -0.258819
vn 0.000000 -0.965926 -0.258819
vn 0.000000 -0.866025 -0.500000
vn 0.000000 -0.866025 -0.500000
vn 0.000000 -0.707107 -0.707107
vn 0.000000 -0.707107 -0.707107
vn 0.000000 -0.500000 -0.866025
vn 0.000000 -0.500000 -0.866025
vn 0.000000 -0.258819 -0.965926
vn 0.000000 -0.258819 -0.965926
vn 0.000000 -0.258819 -0.965926
vn 0.000000 -0.258819 -0.965926
vn 0.000000 -0.500000 -0.866025
vn 0.000000 -0.500000 -0.866025
vn 0.000000 -0.707107 -0.707107
vn 0.000000 -0.707107 -0.707107
vn 0.000000 -0.866025 -0.500000
vn 0.000000 -0.866025 -0.500000
vn 0.000000 -0.258819 -0.965926
vn 0.000000 -0.258819 -0.965926
vn 0.000000 -0.258819 -0.965926
vn 0.000000 -0.258819 -0.965926
vn 0.000000 -0.500000 -0.866025
vn 0.000000 -0.500000 -0.866025
vn 0.000000 -0.707107 -0.707107
vn 0.000000 -0.258819 -0.965926
vn 0.000000 -0.500000 -0.866025
vn 0.000000 -0.707107 -0.707107
vn 0.000000 -0.866025 -0.500000
vn 0.000000 -0.258819 -0.965926
vn 0.000000 -0.258819 -0.965926
vn 0.000000 -0.258819 -0.965926
vn 0.000000 -0.500000 -0.866025
vn 0.000000 -0.500000 -0.866025
vn 0.000000 -0.707107 -0.707107
vn 0.000000 -0.258819 -0.965926
vn 0.000000 -0.500000 -0.866025
vn 0.000000 -0.707107 -0.707107
vn 0.000000 -0.866025 -0.500000
vn 0.000000 -0.258819 -0.965926
vn 0.000000 -0.258819 -0.965926
vn 0.000000 -0.258819 -0.965926
vn 0.000000 -0.500000 -0.866025
vn 0.000000 -0.258819 -0.965926
vn 0.000000 -0.258819 -0.965926
vn 0.000000 -0.258819 -0.965926
vn 0.000000 -0.500000 -0.866025
vn 0.000000 -0.500000 -0.866025
vn 0.000000 -0.707107 -0.707107
vn 0.000000 -0.707107 -0.707107
vn 0.000000 -0.866025 -0.500000
vn 0.000000 -0.258819 -0.965926
vn 0.000000 -0.500000 -0.866025
vn 0.000000 -0.258819 -0.965926
vn 0.000000 -0.258819 -0.965926
vn 0.000000 -0.258819 -0.965926
vn 0.000000 -0.258819 -0.965926
vn 0.000000 -0.500000 -0.866025
vn 0.000000 -0.500000 -0.866025
vn 0.000000 -0.707107 -0.707107
vn 0.000000 -0.866025 -0.500000
vn 0.000000 -0.965926 -0.258819
vn 0.000000 -0.707107 -0.707107
vn 0.000000 -0.866025 -0.500000
vn 0.000000 -0.965926 -0.258819
vn 0.000000 -0.866025 -0.500000
vn 0.000000 -0.965926 -0.258819
vn 0.000000 -0.965926 -0.258819
vn 0.000000 -0.965926 -0.258819
vn 0.000000 -0.965926 -0.258819
vn 0.000000 -0.965926 -0.258819
vn 0.000000 -0.866025 -0.500000
vn 0.000000 -0.866025 -0.500000
vn 0.000000 -0.707107 -0.707107
vn 0.000000 -0.707107 -0.707107
vn 0.000000 -0.500000 -0.866025
vn 0.000000 -0.965926 -0.258819
vn 0.000000 -0.866025 -0.500000
vn 0.000000 -0.965926 -0.258819
vn 0.000000 -0.965926 -0.258819
vn 0.000000 -0.965926 -0.258819
vn 0.000000 -0.965926 -0.258819
vn 0.000000 -0.866025 -0.500000
vn 0.000000 -0.866025 -0.500000
vn 0.000000 -0.707107 -0.707107
vn 0.000000 -0.707107 -0.707107
vn 0.000000 -0.500000 -0.866025
vn 0.000000 -0.965926 -0.258819
vn 0.000000 -0.866025 -0.500000
vn 0.000000 -0.965926 -0.258819
vn 0.000000 -0.965926 -0.258819
vn 0.000000 -0.965926 -0.258819
vn 0.000000 -0.965926 -0.258819
vn 0.000000 -0.965926 -0.258819
vn 0.000000 -0.866025 -0.500000
vn 0.000000 -0.866025 -0.500000
vn 0.000000 -0.707107 -0.707107
vn 0.000000 -0.965926 -0.258819
vn 0.000000 -0.965926 -0.258819
vn 0.000000 -0.965926 -0.258819
vn 0.000000 -0.866025 -0.500000
vn 0.000000 -0.866025 -0.500000
vn 0.000000 -0.707107 -0.707107
vn 0.000000 -0.707107 -0.707107
vn 0.000000 -0.500000 -0.866025
vn 0.000000 -0.965926 -0.258819
vn 0.000000 -0.965926 -0.258819
vn 0.000000 -0.866025 -0.500000
vn 0.000000 -0.866025 -0.500000
vn 0.000000 -0.866025 -0.500000
vn 0.000000 -0.707107 -0.707107
vn 0.000000 -0.500000 -0.866025
vn 0.000000 -0.866025 -0.500000
vn 0.000000 -0.866025 -0.500000
vn 0.000000 -0.707107 -0.707107
vn 0.000000 -0.500000 -0.866025
vn 0.000000 -0.866025 -0.500000
vn 0.000000 -0.707107 -0.707107
vn 0.000000 -0.500000 -0.866025
vn 0.000000 -0.866025 -0.500000
vn 0.000000 -0.707107 -0.707107
vn 0.000000 -0.500000 -0.866025
vn 0.000000 -0.707107 -0.707107
vn 0.000000 -0.500000 -0.866025
vn 0.000000 -0.707107 -0.707107
vn 0.000000 -0.707107 -0.707107
vn 0.000000 -0.500000 -0.866025
vn 0.000000 -0.707107 -0.707107
vn 0.000000 -0.500000 -0.866025
vn 0.000000 -0.500000 -0.866025
vn 1.000000 0.000000 -0.000000
vn 1.000000 0.000000 -0.000000
vn 1.000000 0.000000 -0.000000
vn 1.000000 0.000000 -0.000000
vn 1.000000 0.000000 -0.000000
vn 1.000000 0.000000 -0.000000
vn 1.000000 0.000000 -0.000000
vn 1.000000 0.000000 -0.000000
vn 1.000000 0.000000 -0.000000
vn 1.000000 0.000000 -0.000000
vn 1.000000 0.000000 -0.000000
vn 1.000000 0.000000 -0.000000
vn 1.000000 0.000000 -0.000000
vn 1.000000 0.000000 -0.000000
vn 1.000000 0.000000 -0.000000
vn 1.000000 0.000000 -0.000000
vn 0.000000 0.000000 -1.000000
vn 0.000000 0.000000 -1.000000
vn 0.000000 0.000000 -1.000000
vn 0.000000 0.000000 -1.000000
vn -1.000000 -0.000000 -0.000000
vn -1.000000 -0.000000 -0.000000
vn -1.000000 -0.000000 -0.000000
vn -1.000000 -0.000000 -0.000000
vn -1.000000 -0.000000 -0.000000
vn -1.000000 -0.000000 -0.000000
vn -1.000000 -0.000000 -0.000000
vn -1.000000 -0.000000 -0.000000
vn -1.000000 -0.000000 -0.000000
vn -1.000000 -0.000000 -0.000000
vn -1.000000 -0.000000 -0.000000
vn -1.000000 -0.000000 -0.000000
vn -1.000000 -0.000000 -0.000000
vn -1.000000 -0.000000 -0.000000
vn -1.000000 -0.000000 -0.000000
vn -1.000000 -0.000000 -0.000000
vn 0.000000 0.000000 -1.000000
vn 0.000000 0.000000 -1.000000
vn 0.000000 0.000000 -1.000000
vn 0.000000 0.000000 -1.000000
vn 1.000000 -0.000000 -0.000000
vn 1.000000 -0.000000 -0.000000
vn 1.000000 -0.000000 -0.000000
vn 1.000000 -0.000000 -0.000000
vn 1.000000 -0.000000 -0.000000
vn 1.000000 -0.000000 -0.000000
vn 1.000000 -0.000000 -0.000000
vn 1.000000 -0.000000 -0.000000
vn 1.000000 -0.000000 -0.000000
vn 1.000000 -0.000000 -0.000000
vn 1.000000 -0.000000 -0.000000
vn 1.000000 -0.000000 -0.000000
vn 1.000000 -0.000000 -0.000000
vn 1.000000 -0.000000 -0.000000
vn 1.000000 -0.000000 -0.000000
vn 1.000000 -0.000000 -0.000000
vn 0.000000 0.000000 -1.000000
vn 0.000000 0.000000 -1.000000
vn 0.000000 0.000000 -1.000000
vn 0.000000 0.000000 -1.000000
vn -1.000000 -0.000000 -0.000000
vn -1.000000 -0.000000 -0.000000
vn -1.000000 -0.000000 -0.000000
vn -1.000000 -0.000000 -0.000000
vn -1.000000 -0.000000 -0.000000
vn -1.000000 -0.000000 -0.000000
vn -1.000000 -0.000000 -0.000000
vn -1.000000 -0.000000 -0.000000
vn -1.000000 -0.000000 -0.000000
vn -1.000000 -0.000000 -0.000000
vn -1.000000 -0.000000 -0.000000
vn -1.000000 -0.000000 -0.000000
vn -1.000000 -0.000000 -0.000000
vn -1.000000 -0.000000 -0.000000
vn -1.000000 -0.000000 -0.000000
vn -1.000000 -0.000000 -0.000000
vn 1.000000 -0.000000 -0.000000
vn 1.000000 -0.000000 -0.000000
vn 1.000000 -0.000000 -0.000000
vn 1.000000 -0.000000 -0.000000
vn 1.000000 -0.000000 -0.000000
vn 1.000000 -0.000000 -0.000000
vn 1.000000 -0.000000 -0.000000
vn 1.000000 -0.000000 -0.000000
vn 1.000000 -0.000000 -0.000000
vn 1.000000 -0.000000 -0.000000
vn 1.000000 -0.000000 -0.000000
vn 1.000000 -0.000000 -0.000000
vn 1.000000 -0.000000 -0.000000
vn 1.000000 -0.000000 -0.000000
vn 1.000000 -0.000000 -0.000000
vn 1.000000 -0.000000 -0.000000
vn 0.000000 0.000000 -1.000000
vn 0.000000 0.000000 -1.000000
vn 0.000000 0.000000 -1.000000
vn 0.000000 0.000000 -1.000000
f 2637/4298/3928 2624/4299/3929 2636/4300/3930
f 2636/4300/3930 2624/4299/3929 2625/4301/3931
f 2636/4300/3930 2625/4301/3931 2635/4302/3932
f 2635/4302/3932 2625/4301/3931 2626/4303/3933
f 2635/4302/3932 2626/4303/3933 2634/4304/3934
f 2634/4304/3934 2626/4303/3933 2627/4305/3935
f 2634/4304/3934 2627/4305/3935 2633/4306/3936
f 2633/4306/3936 2627/4305/3935 2628/4307/3937
f 2633/4306/3936 2628/4307/3937 2632/4308/3938
f 2632/4308/3938 2628/4307/3937 2629/4309/3939
f 2632/4308/3938 2629/4309/3939 2631/4310/3940
f 2631/4310/3940 2629/4309/3939 2630/4311/3941
f 2637/4312/3928 2638/4313/3942 2624/4314/3929
f 2624/4314/3929 2638/4313/3942 2703/4315/3943
f 2703/4315/3943 2638/4313/3942 2648/4316/3944
f 2703/4315/3943 2648/4316/3944 2649/4317/3945
f 2638/4313/3942 2639/4318/3946 2648/4316/3944
f 2648/4316/3944 2639/4318/3946 2647/4319/3947
f 2647/4319/3947 2639/4318/3946 2646/4320/3948
f 2646/4320/3948 2639/4318/3946 2645/4321/3949
f 2645/4321/3949 2639/4318/3946 2640/4322/3950
f 2645/4321/3949 2640/4322/3950 2644/4323/3951
f 2644/4323/3951 2640/4322/3950 2643/4324/3952
f 2643/4324/3952 2640/4322/3950 2641/4325/3953
f 2643/4324/3952 2641/4325/3953 2642/4326/3954
f 2650/4327/3955 2700/4328/3956 2649/4317/3945
f 2649/4317/3945 2700/4328/3956 2702/4329/3957
f 2649/4317/3945 2702/4329/3957 2703/4315/3943
f 2700/4328/3956 2650/4327/3955 2699/4330/3958
f 2699/4330/3958 2650/4327/3955 2651/4331/3959
f 2699/4330/3958 2651/4331/3959 2698/4332/3960
f 2698/4332/3960 2651/4331/3959 2652/4333/3961
f 2698/4332/3960 2652/4333/3961 2697/4334/3962
f 2697/4334/3962 2652/4333/3961 2653/4335/3963
f 2697/4334/3962 2653/4335/3963 2696/4336/3964
f 2696/4336/3964 2653/4335/3963 2654/4337/3965
f 2696/4336/3964 2654/4337/3965 2695/4338/3966
f 2695/4338/3966 2654/4337/3965 2655/4339/3967
f 2695/4338/3966 2655/4339/3967 2694/4340/3968
f 2694/4340/3968 2655/4339/3967 2656/4341/3969
f 2694/4340/3968 2656/4341/3969 2693/4342/3970
f 2693/4342/3970 2656/4341/3969 2657/4343/3971
f 2693/4342/3970 2657/4343/3971 2692/4344/3972
f 2692/4344/3972 2657/4343/3971 2658/4345/3973
f 2692/4344/3972 2658/4345/3973 2659/4346/3974
f 2692/4344/3972 2659/4346/3974 2691/4347/3975
f 2691/4347/3975 2659/4346/3974 2660/4348/3976
f 2691/4347/3975 2660/4348/3976 2690/4349/3977
f 2690/4349/3977 2660/4348/3976 2661/4350/3978
f 2690/4349/3977 2661/4350/3978 2689/4351/3979
f 2689/4351/3979 2661/4350/3978 2662/4352/3980
f 2689/4351/3979 2662/4352/3980 2688/4353/3981
f 2688/4353/3981 2662/4352/3980 2663/4354/3982
f 2688/4353/3981 2663/4354/3982 2687/4355/3983
f 2687/4355/3983 2663/4354/3982 2664/4356/3984
f 2687/4355/3983 2664/4356/3984 2686/4357/3985
f 2686/4357/3985 2664/4356/3984 2665/4358/3986
f 2686/4357/3985 2665/4358/3986 2685/4359/3987
f 2685/4359/3987 2665/4358/3986 2666/4360/3988
f 2685/4359/3987 2666/4360/3988 2684/4361/3989
f 2684/4361/3989 2666/4360/3988 2667/4362/3990
f 2684/4361/3989 2667/4362/3990 2682/4363/3991
f 2682/4363/3991 2667/4362/3990 2681/4364/3992
f 2681/4364/3992 2667/4362/3990 2668/4365/3993
f 2681/4364/3992 2668/4365/3993 2678/4366/3994
f 2678/4366/3994 2668/4365/3993 2677/4367/3995
f 2677/4367/3995 2668/4365/3993 2669/4368/3996
f 2677/4367/3995 2669/4368/3996 2670/4369/3997
f 2670/4369/3997 2671/4370/3998 2677/4367/3995
f 2677/4367/3995 2671/4370/3998 2676/4371/3999
f 2676/4371/3999 2671/4370/3998 2672/4372/4000
f 2676/4371/3999 2672/4372/4000 2673/4373/4001
f 2674/4374/4002 2675/4375/4003 2673/4373/4001
f 2673/4373/4001 2675/4375/4003 2676/4371/3999
f 2678/4366/3994 2679/4376/4004 2681/4364/3992
f 2681/4364/3992 2679/4376/4004 2680/4377/4005
f 2682/4363/3991 2683/4378/4006 2684/4361/3989
f 2700/4328/3956 2701/4379/4007 2702/4329/3957
f 2636/4380/4008 2709/4381/4009 2637/4382/4010
f 2637/4382/4010 2709/4381/4009 2710/4383/4011
f 2637/4382/4010 2710/4383/4011 2711/4384/4012
f 2635/4385/4013 2704/4386/4014 2636/4380/4008
f 2636/4380/4008 2704/4386/4014 2708/4387/4015
f 2636/4380/4008 2708/4387/4015 2709/4381/4009
f 2704/4386/4014 2635/4385/4013 2631/4388/4016
f 2631/4388/4016 2635/4385/4013 2634/4389/4017
f 2631/4388/4016 2634/4389/4017 2633/4390/4018
f 2633/4390/4018 2632/4391/4019 2631/4388/4016
f 2705/4392/4020 2706/4393/4021 2704/4386/4014
f 2704/4386/4014 2706/4393/4021 2707/4394/4022
f 2704/4386/4014 2707/4394/4022 2708/4387/4015
f 2711/4384/4012 2638/4395/4023 2637/4382/4010
f 2718/4396/4024 2710/4397/4025 2717/4398/4026
f 2717/4398/4026 2710/4397/4025 2709/4399/4027
f 2717/4398/4026 2709/4399/4027 2716/4400/4028
f 2716/4400/4028 2709/4399/4027 2708/4401/4029
f 2716/4400/4028 2708/4401/4029 2715/4402/4030
f 2715/4402/4030 2708/4401/4029 2707/4403/4031
f 2715/4402/4030 2707/4403/4031 2714/4404/4032
f 2714/4404/4032 2707/4403/4031 2706/4405/4033
f 2714/4404/4032 2706/4405/4033 2713/4406/4034
f 2713/4406/4034 2706/4405/4033 2705/4407/4035
f 2713/4406/4034 2705/4407/4035 2712/4408/4036
f 2712/4408/4036 2705/4407/4035 2704/4409/4037
f 2718/4410/4024 2719/4411/4038 2710/4412/4025
f 2710/4412/4025 2719/4411/4038 2711/4413/4039
f 2711/4413/4039 2719/4411/4038 2774/4414/4040
f 2711/4413/4039 2774/4414/4040 2783/4415/4041
f 2783/4415/4041 2774/4414/4040 2775/4416/4042
f 2783/4415/4041 2775/4416/4042 2776/4417/4043
f 2774/4414/4040 2719/4411/4038 2773/4418/4044
f 2773/4418/4044 2719/4411/4038 2720/4419/4045
f 2773/4418/4044 2720/4419/4045 2722/4420/4046
f 2722/4420/4046 2720/4419/4045 2721/4421/4047
f 2773/4418/4044 2722/4420/4046 2772/4422/4048
f 2772/4422/4048 2722/4420/4046 2723/4423/4049
f 2772/4422/4048 2723/4423/4049 2771/4424/4050
f 2771/4424/4050 2723/4423/4049 2724/4425/4051
f 2771/4424/4050 2724/4425/4051 2770/4426/4052
f 2770/4426/4052 2724/4425/4051 2725/4427/4053
f 2770/4426/4052 2725/4427/4053 2769/4428/4054
f 2769/4428/4054 2725/4427/4053 2726/4429/4055
f 2769/4428/4054 2726/4429/4055 2768/4430/4056
f 2768/4430/4056 2726/4429/4055 2727/4431/4057
f 2768/4430/4056 2727/4431/4057 2767/4432/4058
f 2767/4432/4058 2727/4431/4057 2728/4433/4059
f 2767/4432/4058 2728/4433/4059 2766/4434/4060
f 2766/4434/4060 2728/4433/4059 2729/4435/4061
f 2766/4434/4060 2729/4435/4061 2765/4436/4062
f 2765/4436/4062 2729/4435/4061 2730/4437/4063
f 2765/4436/4062 2730/4437/4063 2764/4438/4064
f 2764/4438/4064 2730/4437/4063 2763/4439/4065
f 2763/4439/4065 2730/4437/4063 2731/4440/4066
f 2763/4439/4065 2731/4440/4066 2762/4441/4067
f 2762/4441/4067 2731/4440/4066 2732/4442/4068
f 2762/4441/4067 2732/4442/4068 2761/4443/4069
f 2761/4443/4069 2732/4442/4068 2733/4444/4070
f 2761/4443/4069 2733/4444/4070 2760/4445/4071
f 2760/4445/4071 2733/4444/4070 2734/4446/4072
f 2760/4445/4071 2734/4446/4072 2759/4447/4073
f 2759/4447/4073 2734/4446/4072 2735/4448/4074
f 2759/4447/4073 2735/4448/4074 2758/4449/4075
f 2758/4449/4075 2735/4448/4074 2736/4450/4076
f 2758/4449/4075 2736/4450/4076 2757/4451/4077
f 2757/4451/4077 2736/4450/4076 2737/4452/4078
f 2757/4451/4077 2737/4452/4078 2756/4453/4079
f 2756/4453/4079 2737/4452/4078 2738/4454/4080
f 2756/4453/4079 2738/4454/4080 2755/4455/4081
f 2755/4455/4081 2738/4454/4080 2740/4456/4082
f 2755/4455/4081 2740/4456/4082 2741/4457/4083
f 2738/4454/4080 2739/4458/4084 2740/4456/4082
f 2742/4459/4085 2744/4460/4086 2741/4457/4083
f 2741/4457/4083 2744/4460/4086 2754/4461/4087
f 2741/4457/4083 2754/4461/4087 2755/4455/4081
f 2742/4459/4085 2743/4462/4088 2744/4460/4086
f 2744/4460/4086 2745/4463/4089 2754/4461/4087
f 2754/4461/4087 2745/4463/4089 2753/4464/4090
f 2753/4464/4090 2745/4463/4089 2752/4465/4091
f 2752/4465/4091 2745/4463/4089 2751/4466/4092
f 2751/4466/4092 2745/4463/4089 2746/4467/4093
f 2751/4466/4092 2746/4467/4093 2750/4468/4094
f 2750/4468/4094 2746/4467/4093 2749/4469/4095
f 2749/4469/4095 2746/4467/4093 2747/4470/4096
f 2749/4469/4095 2747/4470/4096 2748/4471/4097
f 2776/4417/4043 2777/4472/4098 2783/4415/4041
f 2783/4415/4041 2777/4472/4098 2782/4473/4099
f 2782/4473/4099 2777/4472/4098 2778/4474/4100
f 2782/4473/4099 2778/4474/4100 2779/4475/4101
f 2780/4476/4102 2781/4477/4103 2779/4475/4101
f 2779/4475/4101 2781/4477/4103 2782/4473/4099
f 2680/4478/4005 2679/4479/4004 2795/4480/4104
f 2795/4480/4104 2679/4479/4004 2784/4481/4105
f 2795/4480/4104 2784/4481/4105 2794/4482/4106
f 2794/4482/4106 2784/4481/4105 2785/4483/4107
f 2794/4482/4106 2785/4483/4107 2793/4484/4108
f 2793/4484/4108 2785/4483/4107 2786/4485/4109
f 2793/4484/4108 2786/4485/4109 2792/4486/4110
f 2792/4486/4110 2786/4485/4109 2787/4487/4111
f 2792/4486/4110 2787/4487/4111 2791/4488/4112
f 2791/4488/4112 2787/4487/4111 2788/4489/4113
f 2791/4488/4112 2788/4489/4113 2790/4490/4114
f 2790/4490/4114 2788/4489/4113 2789/4491/4115
f 2795/4492/4116 2801/4493/4117 2680/4494/4118
f 2680/4494/4118 2801/4493/4117 2742/4495/4119
f 2680/4494/4118 2742/4495/4119 2741/4496/4120
f 2794/4497/4121 2796/4498/4122 2795/4492/4116
f 2795/4492/4116 2796/4498/4122 2800/4499/4123
f 2795/4492/4116 2800/4499/4123 2801/4493/4117
f 2796/4498/4122 2794/4497/4121 2790/4500/4124
f 2790/4500/4124 2794/4497/4121 2793/4501/4125
f 2790/4500/4124 2793/4501/4125 2792/4502/4126
f 2792/4502/4126 2791/4503/4127 2790/4500/4124
f 2797/4504/4128 2798/4505/4129 2796/4498/4122
f 2796/4498/4122 2798/4505/4129 2799/4506/4130
f 2796/4498/4122 2799/4506/4130 2800/4499/4123
f 2741/4496/4120 2681/4507/4131 2680/4494/4118
f 2743/4508/4088 2742/4509/4085 2807/4510/4132
f 2807/4510/4132 2742/4509/4085 2801/4511/4133
f 2807/4510/4132 2801/4511/4133 2806/4512/4134
f 2806/4512/4134 2801/4511/4133 2800/4513/4135
f 2806/4512/4134 2800/4513/4135 2805/4514/4136
f 2805/4514/4136 2800/4513/4135 2799/4515/4137
f 2805/4514/4136 2799/4515/4137 2804/4516/4138
f 2804/4516/4138 2799/4515/4137 2798/4517/4139
f 2804/4516/4138 2798/4517/4139 2803/4518/4140
f 2803/4518/4140 2798/4517/4139 2797/4519/4141
f 2803/4518/4140 2797/4519/4141 2802/4520/4142
f 2802/4520/4142 2797/4519/4141 2796/4521/4143
f 2669/4522/3996 2668/4523/3993 2819/4524/4144
f 2819/4524/4144 2668/4523/3993 2808/4525/4145
f 2819/4524/4144 2808/4525/4145 2818/4526/4146
f 2818/4526/4146 2808/4525/4145 2809/4527/4147
f 2818/4526/4146 2809/4527/4147 2817/4528/4148
f 2817/4528/4148 2809/4527/4147 2810/4529/4149
f 2817/4528/4148 2810/4529/4149 2816/4530/4150
f 2816/4530/4150 2810/4529/4149 2811/4531/4151
f 2816/4530/4150 2811/4531/4151 2815/4532/4152
f 2815/4532/4152 2811/4531/4151 2812/4533/4153
f 2815/4532/4152 2812/4533/4153 2814/4534/4154
f 2814/4534/4154 2812/4533/4153 2813/4535/4155
f 2820/4536/4156 2821/4537/4157 2830/4538/4158
f 2830/4538/4158 2821/4537/4157 2835/4539/4159
f 2830/4538/4158 2835/4539/4159 2829/4540/4160
f 2829/4540/4160 2835/4539/4159 2840/4541/4161
f 2829/4540/4160 2840/4541/4161 2828/4542/4162
f 2828/4542/4162 2840/4541/4161 2845/4543/4163
f 2828/4542/4162 2845/4543/4163 2827/4544/4164
f 2827/4544/4164 2845/4543/4163 2850/4545/4165
f 2827/4544/4164 2850/4545/4165 2826/4546/4166
f 2826/4546/4166 2850/4545/4165 2855/4547/4167
f 2826/4546/4166 2855/4547/4167 2814/4548/4154
f 2814/4548/4154 2855/4547/4167 2815/4549/4152
f 2815/4549/4152 2855/4547/4167 2854/4550/4168
f 2815/4549/4152 2854/4550/4168 2816/4551/4150
f 2816/4551/4150 2854/4550/4168 2853/4552/4169
f 2816/4551/4150 2853/4552/4169 2817/4553/4148
f 2817/4553/4148 2853/4552/4169 2852/4554/4170
f 2817/4553/4148 2852/4554/4170 2818/4555/4146
f 2818/4555/4146 2852/4554/4170 2851/4556/4171
f 2818/4555/4146 2851/4556/4171 2819/4557/4144
f 2819/4557/4144 2851/4556/4171 2670/4558/3997
f 2819/4557/4144 2670/4558/3997 2669/4559/3996
f 2821/4537/4157 2822/4560/4172 2835/4539/4159
f 2835/4539/4159 2822/4560/4172 2834/4561/4173
f 2835/4539/4159 2834/4561/4173 2840/4541/4161
f 2840/4541/4161 2834/4561/4173 2839/4562/4174
f 2840/4541/4161 2839/4562/4174 2845/4543/4163
f 2845/4543/4163 2839/4562/4174 2844/4563/4175
f 2845/4543/4163 2844/4563/4175 2850/4545/4165
f 2850/4545/4165 2844/4563/4175 2849/4564/4176
f 2850/4545/4165 2849/4564/4176 2855/4547/4167
f 2855/4547/4167 2849/4564/4176 2854/4550/4168
f 2822/4560/4172 2823/4565/4177 2834/4561/4173
f 2834/4561/4173 2823/4565/4177 2833/4566/4178
f 2834/4561/4173 2833/4566/4178 2839/4562/4174
f 2839/4562/4174 2833/4566/4178 2838/4567/4179
f 2839/4562/4174 2838/4567/4179 2844/4563/4175
f 2844/4563/4175 2838/4567/4179 2843/4568/4180
f 2844/4563/4175 2843/4568/4180 2849/4564/4176
f 2849/4564/4176 2843/4568/4180 2848/4569/4181
f 2849/4564/4176 2848/4569/4181 2854/4550/4168
f 2854/4550/4168 2848/4569/4181 2853/4552/4169
f 2823/4565/4177 2824/4570/4182 2833/4566/4178
f 2833/4566/4178 2824/4570/4182 2832/4571/4183
f 2833/4566/4178 2832/4571/4183 2838/4567/4179
f 2838/4567/4179 2832/4571/4183 2837/4572/4184
f 2838/4567/4179 2837/4572/4184 2843/4568/4180
f 2843/4568/4180 2837/4572/4184 2842/4573/4185
f 2843/4568/4180 2842/4573/4185 2848/4569/4181
f 2848/4569/4181 2842/4573/4185 2847/4574/4186
f 2848/4569/4181 2847/4574/4186 2853/4552/4169
f 2853/4552/4169 2847/4574/4186 2852/4554/4170
f 2824/4570/4182 2825/4575/4187 2832/4571/4183
f 2832/4571/4183 2825/4575/4187 2831/4576/4188
f 2832/4571/4183 2831/4576/4188 2837/4572/4184
f 2837/4572/4184 2831/4576/4188 2836/4577/4189
f 2837/4572/4184 2836/4577/4189 2842/4573/4185
f 2842/4573/4185 2836/4577/4189 2841/4578/4190
f 2842/4573/4185 2841/4578/4190 2847/4574/4186
f 2847/4574/4186 2841/4578/4190 2846/4579/4191
f 2847/4574/4186 2846/4579/4191 2852/4554/4170
f 2852/4554/4170 2846/4579/4191 2851/4556/4171
f 2825/4575/4187 2675/4580/4003 2831/4576/4188
f 2831/4576/4188 2675/4580/4003 2674/4581/4002
f 2831/4576/4188 2674/4581/4002 2836/4577/4189
f 2836/4577/4189 2674/4581/4002 2673/4582/4001
f 2836/4577/4189 2673/4582/4001 2841/4578/4190
f 2841/4578/4190 2673/4582/4001 2672/4583/4000
f 2841/4578/4190 2672/4583/4000 2846/4579/4191
f 2846/4579/4191 2672/4583/4000 2671/4584/3998
f 2846/4579/4191 2671/4584/3998 2851/4556/4171
f 2851/4556/4171 2671/4584/3998 2670/4558/3997
f 2820/4585/4156 2856/4586/4192 2821/4587/4157
f 2821/4587/4157 2856/4586/4192 2857/4588/4193
f 2821/4587/4157 2857/4588/4193 2822/4589/4172
f 2822/4589/4172 2857/4588/4193 2858/4590/4194
f 2822/4589/4172 2858/4590/4194 2823/4591/4177
f 2823/4591/4177 2858/4590/4194 2859/4592/4195
f 2823/4591/4177 2859/4592/4195 2824/4593/4182
f 2824/4593/4182 2859/4592/4195 2860/4594/4196
f 2824/4593/4182 2860/4594/4196 2825/4595/4187
f 2825/4595/4187 2860/4594/4196 2861/4596/4197
f 2825/4595/4187 2861/4596/4197 2675/4597/4003
f 2675/4597/4003 2861/4596/4197 2676/4598/3999
f 2856/4599/4192 2820/4600/4156 2863/4601/4198
f 2863/4601/4198 2820/4600/4156 2862/4602/4199
f 2862/4603/4199 2820/4604/4156 2869/4605/4200
f 2869/4605/4200 2820/4604/4156 2830/4606/4158
f 2869/4605/4200 2830/4606/4158 2868/4607/4201
f 2868/4607/4201 2830/4606/4158 2829/4608/4160
f 2868/4607/4201 2829/4608/4160 2867/4609/4202
f 2867/4609/4202 2829/4608/4160 2828/4610/4162
f 2867/4609/4202 2828/4610/4162 2866/4611/4203
f 2866/4611/4203 2828/4610/4162 2827/4612/4164
f 2866/4611/4203 2827/4612/4164 2865/4613/4204
f 2865/4613/4204 2827/4612/4164 2826/4614/4166
f 2865/4613/4204 2826/4614/4166 2864/4615/4205
f 2864/4615/4205 2826/4614/4166 2814/4616/4154
f 2814/4617/4154 2813/4618/4155 2864/4619/4205
f 2864/4619/4205 2813/4618/4155 2870/4620/4206
f 2812/4621/4207 2667/4622/4208 2813/4623/4209
f 2813/4623/4209 2667/4622/4208 2755/4624/4210
f 2813/4623/4209 2755/4624/4210 2870/4625/4211
f 2870/4625/4211 2755/4624/4210 2887/4626/4212
f 2887/4626/4212 2755/4624/4210 2754/4627/4213
f 2887/4626/4212 2754/4627/4213 2886/4628/4214
f 2886/4628/4214 2754/4627/4213 2885/4629/4215
f 2885/4629/4215 2754/4627/4213 2884/4630/4216
f 2884/4630/4216 2754/4627/4213 2883/4631/4217
f 2667/4622/4208 2812/4621/4207 2668/4632/4218
f 2668/4632/4218 2812/4621/4207 2811/4633/4219
f 2668/4632/4218 2811/4633/4219 2810/4634/4220
f 2810/4634/4220 2809/4635/4221 2668/4632/4218
f 2668/4632/4218 2809/4635/4221 2808/4636/4222
f 2667/4622/4208 2666/4637/4223 2755/4624/4210
f 2755/4624/4210 2666/4637/4223 2756/4638/4224
f 2756/4638/4224 2666/4637/4223 2665/4639/4225
f 2756/4638/4224 2665/4639/4225 2757/4640/4226
f 2757/4640/4226 2665/4639/4225 2664/4641/4227
f 2757/4640/4226 2664/4641/4227 2758/4642/4228
f 2758/4642/4228 2664/4641/4227 2663/4643/4229
f 2758/4642/4228 2663/4643/4229 2759/4644/4230
f 2759/4644/4230 2663/4643/4229 2662/4645/4231
f 2759/4644/4230 2662/4645/4231 2760/4646/4232
f 2760/4646/4232 2662/4645/4231 2661/4647/4233
f 2760/4646/4232 2661/4647/4233 2761/4648/4234
f 2761/4648/4234 2661/4647/4233 2660/4649/4235
f 2761/4648/4234 2660/4649/4235 2762/4650/4236
f 2762/4650/4236 2660/4649/4235 2763/4651/4237
f 2763/4651/4237 2660/4649/4235 2659/4652/4238
f 2763/4651/4237 2659/4652/4238 2764/4653/4239
f 2764/4653/4239 2659/4652/4238 2658/4654/4240
f 2764/4653/4239 2658/4654/4240 2765/4655/4241
f 2765/4655/4241 2658/4654/4240 2657/4656/4242
f 2765/4655/4241 2657/4656/4242 2766/4657/4243
f 2766/4657/4243 2657/4656/4242 2656/4658/4244
f 2766/4657/4243 2656/4658/4244 2655/4659/4245
f 2766/4657/4243 2655/4659/4245 2767/4660/4246
f 2767/4660/4246 2655/4659/4245 2654/4661/4247
f 2767/4660/4246 2654/4661/4247 2768/4662/4248
f 2768/4662/4248 2654/4661/4247 2653/4663/4249
f 2768/4662/4248 2653/4663/4249 2769/4664/4250
f 2769/4664/4250 2653/4663/4249 2652/4665/4251
f 2769/4664/4250 2652/4665/4251 2770/4666/4252
f 2770/4666/4252 2652/4665/4251 2651/4667/4253
f 2770/4666/4252 2651/4667/4253 2771/4668/4254
f 2771/4668/4254 2651/4667/4253 2650/4669/4255
f 2771/4668/4254 2650/4669/4255 2772/4670/4256
f 2772/4670/4256 2650/4669/4255 2649/4671/4257
f 2772/4670/4256 2649/4671/4257 2773/4672/4258
f 2773/4672/4258 2649/4671/4257 2877/4673/4259
f 2773/4672/4258 2877/4673/4259 2878/4674/4260
f 2648/4675/4261 2875/4676/4262 2649/4671/4257
f 2649/4671/4257 2875/4676/4262 2876/4677/4263
f 2649/4671/4257 2876/4677/4263 2877/4673/4259
f 2871/4678/4264 2872/4679/4265 2648/4675/4261
f 2648/4675/4261 2872/4679/4265 2873/4680/4266
f 2648/4675/4261 2873/4680/4266 2874/4681/4267
f 2874/4681/4267 2875/4676/4262 2648/4675/4261
f 2773/4672/4258 2878/4674/4260 2774/4682/4268
f 2774/4682/4268 2878/4674/4260 2879/4683/4269
f 2774/4682/4268 2879/4683/4269 2880/4684/4270
f 2880/4684/4270 2881/4685/4271 2774/4682/4268
f 2774/4682/4268 2881/4685/4271 2882/4686/4272
f 2864/4687/4205 2870/4688/4206 2892/4689/4273
f 2892/4689/4273 2870/4688/4206 2887/4690/4274
f 2892/4689/4273 2887/4690/4274 2891/4691/4275
f 2891/4691/4275 2887/4690/4274 2886/4692/4276
f 2891/4691/4275 2886/4692/4276 2890/4693/4277
f 2890/4693/4277 2886/4692/4276 2885/4694/4278
f 2890/4693/4277 2885/4694/4278 2889/4695/4279
f 2889/4695/4279 2885/4694/4278 2884/4696/4280
f 2889/4695/4279 2884/4696/4280 2888/4697/4281
f 2888/4697/4281 2884/4696/4280 2883/4698/4282
f 2888/4697/4281 2883/4698/4282 2753/4699/4090
f 2753/4699/4090 2883/4698/4282 2754/4700/4087
f 2747/4701/4096 2893/4702/4283 2748/4703/4097
f 2748/4703/4097 2893/4702/4283 2902/4704/4284
f 2748/4703/4097 2902/4704/4284 2749/4705/4095
f 2749/4705/4095 2902/4704/4284 2907/4706/4285
f 2749/4705/4095 2907/4706/4285 2750/4707/4094
f 2750/4707/4094 2907/4706/4285 2912/4708/4286
f 2750/4707/4094 2912/4708/4286 2751/4709/4092
f 2751/4709/4092 2912/4708/4286 2917/4710/4287
f 2751/4709/4092 2917/4710/4287 2752/4711/4091
f 2752/4711/4091 2917/4710/4287 2922/4712/4288
f 2752/4711/4091 2922/4712/4288 2753/4713/4090
f 2753/4713/4090 2922/4712/4288 2888/4714/4281
f 2888/4714/4281 2922/4712/4288 2921/4715/4289
f 2888/4714/4281 2921/4715/4289 2889/4716/4279
f 2889/4716/4279 2921/4715/4289 2920/4717/4290
f 2889/4716/4279 2920/4717/4290 2890/4718/4277
f 2890/4718/4277 2920/4717/4290 2919/4719/4291
f 2890/4718/4277 2919/4719/4291 2891/4720/4275
f 2891/4720/4275 2919/4719/4291 2918/4721/4292
f 2891/4720/4275 2918/4721/4292 2892/4722/4273
f 2892/4722/4273 2918/4721/4292 2865/4723/4204
f 2892/4722/4273 2865/4723/4204 2864/4724/4205
f 2893/4702/4283 2894/4725/4293 2902/4704/4284
f 2902/4704/4284 2894/4725/4293 2901/4726/4294
f 2902/4704/4284 2901/4726/4294 2907/4706/4285
f 2907/4706/4285 2901/4726/4294 2906/4727/4295
f 2907/4706/4285 2906/4727/4295 2912/4708/4286
f 2912/4708/4286 2906/4727/4295 2911/4728/4296
f 2912/4708/4286 2911/4728/4296 2917/4710/4287
f 2917/4710/4287 2911/4728/4296 2916/4729/4297
f 2917/4710/4287 2916/4729/4297 2922/4712/4288
f 2922/4712/4288 2916/4729/4297 2921/4715/4289
f 2894/4725/4293 2895/4730/4298 2901/4726/4294
f 2901/4726/4294 2895/4730/4298 2900/4731/4299
f 2901/4726/4294 2900/4731/4299 2906/4727/4295
f 2906/4727/4295 2900/4731/4299 2905/4732/4300
f 2906/4727/4295 2905/4732/4300 2911/4728/4296
f 2911/4728/4296 2905/4732/4300 2910/4733/4301
f 2911/4728/4296 2910/4733/4301 2916/4729/4297
f 2916/4729/4297 2910/4733/4301 2915/4734/4302
f 2916/4729/4297 2915/4734/4302 2921/4715/4289
f 2921/4715/4289 2915/4734/4302 2920/4717/4290
f 2895/4730/4298 2896/4735/4303 2900/4731/4299
f 2900/4731/4299 2896/4735/4303 2899/4736/4304
f 2900/4731/4299 2899/4736/4304 2905/4732/4300
f 2905/4732/4300 2899/4736/4304 2904/4737/4305
f 2905/4732/4300 2904/4737/4305 2910/4733/4301
f 2910/4733/4301 2904/4737/4305 2909/4738/4306
f 2910/4733/4301 2909/4738/4306 2915/4734/4302
f 2915/4734/4302 2909/4738/4306 2914/4739/4307
f 2915/4734/4302 2914/4739/4307 2920/4717/4290
f 2920/4717/4290 2914/4739/4307 2919/4719/4291
f 2896/4735/4303 2897/4740/4308 2899/4736/4304
f 2899/4736/4304 2897/4740/4308 2898/4741/4309
f 2899/4736/4304 2898/4741/4309 2904/4737/4305
f 2904/4737/4305 2898/4741/4309 2903/4742/4310
f 2904/4737/4305 2903/4742/4310 2909/4738/4306
f 2909/4738/4306 2903/4742/4310 2908/4743/4311
f 2909/4738/4306 2908/4743/4311 2914/4739/4307
f 2914/4739/4307 2908/4743/4311 2913/4744/4312
f 2914/4739/4307 2913/4744/4312 2919/4719/4291
f 2919/4719/4291 2913/4744/4312 2918/4721/4292
f 2897/4740/4308 2862/4745/4199 2898/4741/4309
f 2898/4741/4309 2862/4745/4199 2869/4746/4200
f 2898/4741/4309 2869/4746/4200 2903/4742/4310
f 2903/4742/4310 2869/4746/4200 2868/4747/4201
f 2903/4742/4310 2868/4747/4201 2908/4743/4311
f 2908/4743/4311 2868/4747/4201 2867/4748/4202
f 2908/4743/4311 2867/4748/4202 2913/4744/4312
f 2913/4744/4312 2867/4748/4202 2866/4749/4203
f 2913/4744/4312 2866/4749/4203 2918/4721/4292
f 2918/4721/4292 2866/4749/4203 2865/4723/4204
f 2747/4750/4096 2746/4751/4093 2893/4752/4283
f 2893/4752/4283 2746/4751/4093 2923/4753/4313
f 2893/4752/4283 2923/4753/4313 2894/4754/4293
f 2894/4754/4293 2923/4753/4313 2924/4755/4314
f 2894/4754/4293 2924/4755/4314 2895/4756/4298
f 2895/4756/4298 2924/4755/4314 2925/4757/4315
f 2895/4756/4298 2925/4757/4315 2896/4758/4303
f 2896/4758/4303 2925/4757/4315 2926/4759/4316
f 2896/4758/4303 2926/4759/4316 2897/4760/4308
f 2897/4760/4308 2926/4759/4316 2927/4761/4317
f 2897/4760/4308 2927/4761/4317 2862/4762/4199
f 2862/4762/4199 2927/4761/4317 2863/4763/4198
f 2939/4764/4318 2928/4765/4319 2938/4766/4320
f 2938/4766/4320 2928/4765/4319 2929/4767/4321
f 2938/4766/4320 2929/4767/4321 2937/4768/4322
f 2937/4768/4322 2929/4767/4321 2930/4769/4323
f 2937/4768/4322 2930/4769/4323 2936/4770/4324
f 2936/4770/4324 2930/4769/4323 2931/4771/4325
f 2936/4770/4324 2931/4771/4325 2935/4772/4326
f 2935/4772/4326 2931/4771/4325 2932/4773/4327
f 2935/4772/4326 2932/4773/4327 2934/4774/4328
f 2934/4774/4328 2932/4773/4327 2933/4775/4329
f 2934/4774/4328 2933/4775/4329 2781/4776/4103
f 2781/4776/4103 2933/4775/4329 2782/4777/4099
f 2775/4778/4042 2940/4779/4330 2776/4780/4043
f 2776/4780/4043 2940/4779/4330 2955/4781/4331
f 2776/4780/4043 2955/4781/4331 2777/4782/4098
f 2777/4782/4098 2955/4781/4331 2960/4783/4332
f 2777/4782/4098 2960/4783/4332 2778/4784/4100
f 2778/4784/4100 2960/4783/4332 2965/4785/4333
f 2778/4784/4100 2965/4785/4333 2779/4786/4101
f 2779/4786/4101 2965/4785/4333 2970/4787/4334
f 2779/4786/4101 2970/4787/4334 2780/4788/4102
f 2780/4788/4102 2970/4787/4334 2975/4789/4335
f 2780/4788/4102 2975/4789/4335 2781/4790/4103
f 2781/4790/4103 2975/4789/4335 2934/4791/4328
f 2934/4791/4328 2975/4789/4335 2974/4792/4336
f 2934/4791/4328 2974/4792/4336 2935/4793/4326
f 2935/4793/4326 2974/4792/4336 2973/4794/4337
f 2935/4793/4326 2973/4794/4337 2936/4795/4324
f 2936/4795/4324 2973/4794/4337 2972/4796/4338
f 2936/4795/4324 2972/4796/4338 2937/4797/4322
f 2937/4797/4322 2972/4796/4338 2971/4798/4339
f 2937/4797/4322 2971/4798/4339 2938/4799/4320
f 2938/4799/4320 2971/4798/4339 2950/4800/4340
f 2938/4799/4320 2950/4800/4340 2939/4801/4318
f 2940/4779/4330 2941/4802/4341 2955/4781/4331
f 2955/4781/4331 2941/4802/4341 2954/4803/4342
f 2955/4781/4331 2954/4803/4342 2960/4783/4332
f 2960/4783/4332 2954/4803/4342 2959/4804/4343
f 2960/4783/4332 2959/4804/4343 2965/4785/4333
f 2965/4785/4333 2959/4804/4343 2964/4805/4344
f 2965/4785/4333 2964/4805/4344 2970/4787/4334
f 2970/4787/4334 2964/4805/4344 2969/4806/4345
f 2970/4787/4334 2969/4806/4345 2975/4789/4335
f 2975/4789/4335 2969/4806/4345 2974/4792/4336
f 2941/4802/4341 2942/4807/4346 2954/4803/4342
f 2954/4803/4342 2942/4807/4346 2953/4808/4347
f 2954/4803/4342 2953/4808/4347 2959/4804/4343
f 2959/4804/4343 2953/4808/4347 2958/4809/4348
f 2959/4804/4343 2958/4809/4348 2964/4805/4344
f 2964/4805/4344 2958/4809/4348 2963/4810/4349
f 2964/4805/4344 2963/4810/4349 2969/4806/4345
f 2969/4806/4345 2963/4810/4349 2968/4811/4350
f 2969/4806/4345 2968/4811/4350 2974/4792/4336
f 2974/4792/4336 2968/4811/4350 2973/4794/4337
f 2942/4807/4346 2943/4812/4351 2953/4808/4347
f 2953/4808/4347 2943/4812/4351 2952/4813/4352
f 2953/4808/4347 2952/4813/4352 2958/4809/4348
f 2958/4809/4348 2952/4813/4352 2957/4814/4353
f 2958/4809/4348 2957/4814/4353 2963/4810/4349
f 2963/4810/4349 2957/4814/4353 2962/4815/4354
f 2963/4810/4349 2962/4815/4354 2968/4811/4350
f 2968/4811/4350 2962/4815/4354 2967/4816/4355
f 2968/4811/4350 2967/4816/4355 2973/4794/4337
f 2973/4794/4337 2967/4816/4355 2972/4796/4338
f 2943/4812/4351 2944/4817/4356 2952/4813/4352
f 2952/4813/4352 2944/4817/4356 2951/4818/4357
f 2952/4813/4352 2951/4818/4357 2957/4814/4353
f 2957/4814/4353 2951/4818/4357 2956/4819/4358
f 2957/4814/4353 2956/4819/4358 2962/4815/4354
f 2962/4815/4354 2956/4819/4358 2961/4820/4359
f 2962/4815/4354 2961/4820/4359 2967/4816/4355
f 2967/4816/4355 2961/4820/4359 2966/4821/4360
f 2967/4816/4355 2966/4821/4360 2972/4796/4338
f 2972/4796/4338 2966/4821/4360 2971/4798/4339
f 2944/4817/4356 2945/4822/4361 2951/4818/4357
f 2951/4818/4357 2945/4822/4361 2946/4823/4362
f 2951/4818/4357 2946/4823/4362 2956/4819/4358
f 2956/4819/4358 2946/4823/4362 2947/4824/4363
f 2956/4819/4358 2947/4824/4363 2961/4820/4359
f 2961/4820/4359 2947/4824/4363 2948/4825/4364
f 2961/4820/4359 2948/4825/4364 2966/4821/4360
f 2966/4821/4360 2948/4825/4364 2949/4826/4365
f 2966/4821/4360 2949/4826/4365 2971/4798/4339
f 2971/4798/4339 2949/4826/4365 2950/4800/4340
f 2775/4827/4042 2774/4828/4040 2940/4829/4330
f 2940/4829/4330 2774/4828/4040 2882/4830/4366
f 2940/4829/4330 2882/4830/4366 2941/4831/4341
f 2941/4831/4341 2882/4830/4366 2881/4832/4367
f 2941/4831/4341 2881/4832/4367 2942/4833/4346
f 2942/4833/4346 2881/4832/4367 2880/4834/4368
f 2942/4833/4346 2880/4834/4368 2943/4835/4351
f 2943/4835/4351 2880/4834/4368 2879/4836/4369
f 2943/4835/4351 2879/4836/4369 2944/4837/4356
f 2944/4837/4356 2879/4836/4369 2878/4838/4370
f 2944/4837/4356 2878/4838/4370 2945/4839/4361
f 2945/4839/4361 2878/4838/4370 2877/4840/4371
f 2928/4841/4319 2939/4842/4318 2977/4843/4372
f 2977/4843/4372 2939/4842/4318 2976/4844/4373
f 2976/4845/4373 2939/4846/4318 2983/4847/4374
f 2983/4847/4374 2939/4846/4318 2950/4848/4340
f 2983/4847/4374 2950/4848/4340 2982/4849/4375
f 2982/4849/4375 2950/4848/4340 2949/4850/4365
f 2982/4849/4375 2949/4850/4365 2981/4851/4376
f 2981/4851/4376 2949/4850/4365 2948/4852/4364
f 2981/4851/4376 2948/4852/4364 2980/4853/4377
f 2980/4853/4377 2948/4852/4364 2947/4854/4363
f 2980/4853/4377 2947/4854/4363 2979/4855/4378
f 2979/4855/4378 2947/4854/4363 2946/4856/4362
f 2979/4855/4378 2946/4856/4362 2978/4857/4379
f 2978/4857/4379 2946/4856/4362 2945/4858/4361
f 2877/4859/4371 2876/4860/4380 2945/4861/4361
f 2945/4861/4361 2876/4860/4380 2978/4862/4379
f 2641/4863/3953 2640/4864/3950 2993/4865/4381
f 2993/4865/4381 2640/4864/3950 2984/4866/4382
f 2993/4865/4381 2984/4866/4382 2992/4867/4383
f 2992/4867/4383 2984/4866/4382 2985/4868/4384
f 2992/4867/4383 2985/4868/4384 2991/4869/4385
f 2991/4869/4385 2985/4868/4384 2986/4870/4386
f 2991/4869/4385 2986/4870/4386 2990/4871/4387
f 2990/4871/4387 2986/4870/4386 2987/4872/4388
f 2990/4871/4387 2987/4872/4388 2989/4873/4389
f 2989/4873/4389 2987/4872/4388 2988/4874/4390
f 2989/4873/4389 2988/4874/4390 2976/4875/4373
f 2976/4875/4373 2988/4874/4390 2977/4876/4372
f 2978/4877/4379 2994/4878/4391 2979/4879/4378
f 2979/4879/4378 2994/4878/4391 3003/4880/4392
f 2979/4879/4378 3003/4880/4392 2980/4881/4377
f 2980/4881/4377 3003/4880/4392 3008/4882/4393
f 2980/4881/4377 3008/4882/4393 2981/4883/4376
f 2981/4883/4376 3008/4882/4393 3013/4884/4394
f 2981/4883/4376 3013/4884/4394 2982/4885/4375
f 2982/4885/4375 3013/4884/4394 3018/4886/4395
f 2982/4885/4375 3018/4886/4395 2983/4887/4374
f 2983/4887/4374 3018/4886/4395 3023/4888/4396
f 2983/4887/4374 3023/4888/4396 2976/4889/4373
f 2976/4889/4373 3023/4888/4396 2989/4890/4389
f 2989/4890/4389 3023/4888/4396 3022/4891/4397
f 2989/4890/4389 3022/4891/4397 2990/4892/4387
f 2990/4892/4387 3022/4891/4397 3021/4893/4398
f 2990/4892/4387 3021/4893/4398 2991/4894/4385
f 2991/4894/4385 3021/4893/4398 3020/4895/4399
f 2991/4894/4385 3020/4895/4399 2992/4896/4383
f 2992/4896/4383 3020/4895/4399 3019/4897/4400
f 2992/4896/4383 3019/4897/4400 2993/4898/4381
f 2993/4898/4381 3019/4897/4400 2642/4899/3954
f 2993/4898/4381 2642/4899/3954 2641/4900/3953
f 2994/4878/4391 2995/4901/4401 3003/4880/4392
f 3003/4880/4392 2995/4901/4401 3002/4902/4402
f 3003/4880/4392 3002/4902/4402 3008/4882/4393
f 3008/4882/4393 3002/4902/4402 3007/4903/4403
f 3008/4882/4393 3007/4903/4403 3013/4884/4394
f 3013/4884/4394 3007/4903/4403 3012/4904/4404
f 3013/4884/4394 3012/4904/4404 3018/4886/4395
f 3018/4886/4395 3012/4904/4404 3017/4905/4405
f 3018/4886/4395 3017/4905/4405 3023/4888/4396
f 3023/4888/4396 3017/4905/4405 3022/4891/4397
f 2995/4901/4401 2996/4906/4406 3002/4902/4402
f 3002/4902/4402 2996/4906/4406 3001/4907/4407
f 3002/4902/4402 3001/4907/4407 3007/4903/4403
f 3007/4903/4403 3001/4907/4407 3006/4908/4408
f 3007/4903/4403 3006/4908/4408 3012/4904/4404
f 3012/4904/4404 3006/4908/4408 3011/4909/4409
f 3012/4904/4404 3011/4909/4409 3017/4905/4405
f 3017/4905/4405 3011/4909/4409 3016/4910/4410
f 3017/4905/4405 3016/4910/4410 3022/4891/4397
f 3022/4891/4397 3016/4910/4410 3021/4893/4398
f 2996/4906/4406 2997/4911/4411 3001/4907/4407
f 3001/4907/4407 2997/4911/4411 3000/4912/4412
f 3001/4907/4407 3000/4912/4412 3006/4908/4408
f 3006/4908/4408 3000/4912/4412 3005/4913/4413
f 3006/4908/4408 3005/4913/4413 3011/4909/4409
f 3011/4909/4409 3005/4913/4413 3010/4914/4414
f 3011/4909/4409 3010/4914/4414 3016/4910/4410
f 3016/4910/4410 3010/4914/4414 3015/4915/4415
f 3016/4910/4410 3015/4915/4415 3021/4893/4398
f 3021/4893/4398 3015/4915/4415 3020/4895/4399
f 2997/4911/4411 2998/4916/4416 3000/4912/4412
f 3000/4912/4412 2998/4916/4416 2999/4917/4417
f 3000/4912/4412 2999/4917/4417 3005/4913/4413
f 3005/4913/4413 2999/4917/4417 3004/4918/4418
f 3005/4913/4413 3004/4918/4418 3010/4914/4414
f 3010/4914/4414 3004/4918/4418 3009/4919/4419
f 3010/4914/4414 3009/4919/4419 3015/4915/4415
f 3015/4915/4415 3009/4919/4419 3014/4920/4420
f 3015/4915/4415 3014/4920/4420 3020/4895/4399
f 3020/4895/4399 3014/4920/4420 3019/4897/4400
f 2998/4916/4416 2647/4921/3947 2999/4917/4417
f 2999/4917/4417 2647/4921/3947 2646/4922/3948
f 2999/4917/4417 2646/4922/3948 3004/4918/4418
f 3004/4918/4418 2646/4922/3948 2645/4923/3949
f 3004/4918/4418 2645/4923/3949 3009/4919/4419
f 3009/4919/4419 2645/4923/3949 2644/4924/3951
f 3009/4919/4419 2644/4924/3951 3014/4920/4420
f 3014/4920/4420 2644/4924/3951 2643/4925/3952
f 3014/4920/4420 2643/4925/3952 3019/4897/4400
f 3019/4897/4400 2643/4925/3952 2642/4899/3954
f 2978/4926/4379 2876/4927/4380 2994/4928/4391
f 2994/4928/4391 2876/4927/4380 2875/4929/4421
f 2994/4928/4391 2875/4929/4421 2995/4930/4401
f 2995/4930/4401 2875/4929/4421 2874/4931/4422
f 2995/4930/4401 2874/4931/4422 2996/4932/4406
f 2996/4932/4406 2874/4931/4422 2873/4933/4423
f 2996/4932/4406 2873/4933/4423 2997/4934/4411
f 2997/4934/4411 2873/4933/4423 2872/4935/4424
f 2997/4934/4411 2872/4935/4424 2998/4936/4416
f 2998/4936/4416 2872/4935/4424 2871/4937/4425
f 2998/4936/4416 2871/4937/4425 2647/4938/3947
f 2647/4938/3947 2871/4937/4425 2648/4939/3944
f 2684/4940/3989 2683/4941/4006 3053/4942/4426
f 3053/4942/4426 2683/4941/4006 3024/4943/4427
f 3053/4942/4426 3024/4943/4427 3097/4944/4428
f 3097/4944/4428 3024/4943/4427 3025/4945/4429
f 3097/4944/4428 3025/4945/4429 3141/4946/4430
f 3141/4946/4430 3025/4945/4429 3026/4947/4431
f 3141/4946/4430 3026/4947/4431 3185/4948/4432
f 3185/4948/4432 3026/4947/4431 3027/4949/4433
f 3185/4948/4432 3027/4949/4433 3229/4950/4434
f 3229/4950/4434 3027/4949/4433 3028/4951/4435
f 3229/4950/4434 3028/4951/4435 3029/4952/4436
f 3029/4952/4436 3030/4953/4437 3229/4950/4434
f 3229/4950/4434 3030/4953/4437 3230/4954/4438
f 3229/4950/4434 3230/4954/4438 3185/4948/4432
f 3185/4948/4432 3230/4954/4438 3186/4955/4439
f 3185/4948/4432 3186/4955/4439 3141/4946/4430
f 3141/4946/4430 3186/4955/4439 3142/4956/4440
f 3141/4946/4430 3142/4956/4440 3097/4944/4428
f 3097/4944/4428 3142/4956/4440 3098/4957/4441
f 3097/4944/4428 3098/4957/4441 3053/4942/4426
f 3053/4942/4426 3098/4957/4441 3054/4958/4442
f 3053/4942/4426 3054/4958/4442 2684/4940/3989
f 2684/4940/3989 3054/4958/4442 3055/4959/4443
f 2684/4940/3989 3055/4959/4443 3056/4960/4444
f 3056/4960/4444 3055/4959/4443 3100/4961/4445
f 3056/4960/4444 3100/4961/4445 3101/4962/4446
f 3101/4962/4446 3100/4961/4445 3145/4963/4447
f 3101/4962/4446 3145/4963/4447 3146/4964/4448
f 3146/4964/4448 3145/4963/4447 3190/4965/4449
f 3146/4964/4448 3190/4965/4449 3191/4966/4450
f 3191/4966/4450 3190/4965/4449 3235/4967/4451
f 3191/4966/4450 3235/4967/4451 3236/4968/4452
f 3236/4968/4452 3235/4967/4451 3032/4969/4453
f 3236/4968/4452 3032/4969/4453 3237/4970/4454
f 3237/4970/4454 3032/4969/4453 3033/4971/4455
f 3237/4970/4454 3033/4971/4455 3238/4972/4456
f 3238/4972/4456 3033/4971/4455 3239/4973/4457
f 3238/4972/4456 3239/4973/4457 3194/4974/4458
f 3194/4974/4458 3239/4973/4457 3195/4975/4459
f 3194/4974/4458 3195/4975/4459 3150/4976/4460
f 3150/4976/4460 3195/4975/4459 3151/4977/4461
f 3150/4976/4460 3151/4977/4461 3106/4978/4462
f 3106/4978/4462 3151/4977/4461 3107/4979/4463
f 3106/4978/4462 3107/4979/4463 3062/4980/4464
f 3062/4980/4464 3107/4979/4463 3063/4981/4465
f 3062/4980/4464 3063/4981/4465 2687/4982/3983
f 2687/4982/3983 3063/4981/4465 2688/4983/3981
f 2688/4983/3981 3063/4981/4465 3064/4984/4466
f 2688/4983/3981 3064/4984/4466 3065/4985/4467
f 3065/4985/4467 3064/4984/4466 3109/4986/4468
f 3065/4985/4467 3109/4986/4468 3110/4987/4469
f 3110/4987/4469 3109/4986/4468 3154/4988/4470
f 3110/4987/4469 3154/4988/4470 3155/4989/4471
f 3155/4989/4471 3154/4988/4470 3199/4990/4472
f 3155/4989/4471 3199/4990/4472 3200/4991/4473
f 3200/4991/4473 3199/4990/4472 3244/4992/4474
f 3200/4991/4473 3244/4992/4474 3245/4993/4475
f 3245/4993/4475 3244/4992/4474 3036/4994/4476
f 3245/4993/4475 3036/4994/4476 3246/4995/4477
f 3246/4995/4477 3036/4994/4476 3247/4996/4478
f 3246/4995/4477 3247/4996/4478 3202/4997/4479
f 3202/4997/4479 3247/4996/4478 3203/4998/4480
f 3202/4997/4479 3203/4998/4480 3158/4999/4481
f 3158/4999/4481 3203/4998/4480 3159/5000/4482
f 3158/4999/4481 3159/5000/4482 3114/5001/4483
f 3114/5001/4483 3159/5000/4482 3115/5002/4484
f 3114/5001/4483 3115/5002/4484 3070/5003/4485
f 3070/5003/4485 3115/5002/4484 3071/5004/4486
f 3070/5003/4485 3071/5004/4486 2690/5005/3977
f 2690/5005/3977 3071/5004/4486 2691/5006/3975
f 2691/5006/3975 3071/5004/4486 3072/5007/4487
f 2691/5006/3975 3072/5007/4487 3073/5008/4488
f 3073/5008/4488 3072/5007/4487 3117/5009/4489
f 3073/5008/4488 3117/5009/4489 3118/5010/4490
f 3118/5010/4490 3117/5009/4489 3162/5011/4491
f 3118/5010/4490 3162/5011/4491 3163/5012/4492
f 3163/5012/4492 3162/5011/4491 3207/5013/4493
f 3163/5012/4492 3207/5013/4493 3208/5014/4494
f 3208/5014/4494 3207/5013/4493 3252/5015/4495
f 3208/5014/4494 3252/5015/4495 3253/5016/4496
f 3253/5016/4496 3252/5015/4495 3039/5017/4497
f 3253/5016/4496 3039/5017/4497 3254/5018/4498
f 3254/5018/4498 3039/5017/4497 3040/5019/4499
f 3254/5018/4498 3040/5019/4499 3255/5020/4500
f 3255/5020/4500 3040/5019/4499 3256/5021/4501
f 3255/5020/4500 3256/5021/4501 3211/5022/4502
f 3211/5022/4502 3256/5021/4501 3212/5023/4503
f 3211/5022/4502 3212/5023/4503 3167/5024/4504
f 3167/5024/4504 3212/5023/4503 3168/5025/4505
f 3167/5024/4504 3168/5025/4505 3123/5026/4506
f 3123/5026/4506 3168/5025/4505 3124/5027/4507
f 3123/5026/4506 3124/5027/4507 3079/5028/4508
f 3079/5028/4508 3124/5027/4507 3080/5029/4509
f 3079/5028/4508 3080/5029/4509 2694/5030/3968
f 2694/5030/3968 3080/5029/4509 3081/5031/4510
f 2694/5030/3968 3081/5031/4510 2695/5032/3966
f 2695/5032/3966 3081/5031/4510 3082/5033/4511
f 2695/5032/3966 3082/5033/4511 3083/5034/4512
f 3083/5034/4512 3082/5033/4511 3127/5035/4513
f 3083/5034/4512 3127/5035/4513 3128/5036/4514
f 3128/5036/4514 3127/5035/4513 3172/5037/4515
f 3128/5036/4514 3172/5037/4515 3173/5038/4516
f 3173/5038/4516 3172/5037/4515 3217/5039/4517
f 3173/5038/4516 3217/5039/4517 3218/5040/4518
f 3218/5040/4518 3217/5039/4517 3262/5041/4519
f 3218/5040/4518 3262/5041/4519 3263/5042/4520
f 3263/5042/4520 3262/5041/4519 3043/5043/4521
f 3263/5042/4520 3043/5043/4521 3264/5044/4522
f 3264/5044/4522 3043/5043/4521 3044/5045/4523
f 3264/5044/4522 3044/5045/4523 3265/5046/4524
f 3265/5046/4524 3044/5045/4523 3266/5047/4525
f 3265/5046/4524 3266/5047/4525 3221/5048/4526
f 3221/5048/4526 3266/5047/4525 3222/5049/4527
f 3221/5048/4526 3222/5049/4527 3177/5050/4528
f 3177/5050/4528 3222/5049/4527 3178/5051/4529
f 3177/5050/4528 3178/5051/4529 3133/5052/4530
f 3133/5052/4530 3178/5051/4529 3134/5053/4531
f 3133/5052/4530 3134/5053/4531 3089/5054/4532
f 3089/5054/4532 3134/5053/4531 3090/5055/4533
f 3089/5054/4532 3090/5055/4533 2698/5056/3960
f 2698/5056/3960 3090/5055/4533 3091/5057/4534
f 2698/5056/3960 3091/5057/4534 2699/5058/3958
f 2699/5058/3958 3091/5057/4534 3092/5059/4535
f 2699/5058/3958 3092/5059/4535 3093/5060/4536
f 3093/5060/4536 3092/5059/4535 3137/5061/4537
f 3093/5060/4536 3137/5061/4537 3138/5062/4538
f 3138/5062/4538 3137/5061/4537 3182/5063/4539
f 3138/5062/4538 3182/5063/4539 3183/5064/4540
f 3183/5064/4540 3182/5063/4539 3227/5065/4541
f 3183/5064/4540 3227/5065/4541 3228/5066/4542
f 3228/5066/4542 3227/5065/4541 3272/5067/4543
f 3228/5066/4542 3272/5067/4543 3048/5068/4544
f 3048/5068/4544 3272/5067/4543 3047/5069/4545
f 3047/5069/4545 3272/5067/4543 3046/5070/4546
f 3046/5070/4546 3272/5067/4543 3271/5071/4547
f 3046/5070/4546 3271/5071/4547 3270/5072/4548
f 3270/5072/4548 3271/5071/4547 3226/5073/4549
f 3270/5072/4548 3226/5073/4549 3225/5074/4550
f 3225/5074/4550 3226/5073/4549 3181/5075/4551
f 3225/5074/4550 3181/5075/4551 3180/5076/4552
f 3180/5076/4552 3181/5075/4551 3136/5077/4553
f 3180/5076/4552 3136/5077/4553 3135/5078/4554
f 3135/5078/4554 3136/5077/4553 3091/5057/4534
f 3135/5078/4554 3091/5057/4534 3090/5055/4533
f 3031/5079/4555 3232/5080/4556 3030/4953/4437
f 3030/4953/4437 3232/5080/4556 3231/5081/4557
f 3030/4953/4437 3231/5081/4557 3230/4954/4438
f 3230/4954/4438 3231/5081/4557 3186/4955/4439
f 3032/4969/4453 3234/5082/4558 3031/5079/4555
f 3031/5079/4555 3234/5082/4558 3233/5083/4559
f 3031/5079/4555 3233/5083/4559 3232/5080/4556
f 3232/5080/4556 3233/5083/4559 3188/5084/4560
f 3232/5080/4556 3188/5084/4560 3187/5085/4561
f 3187/5085/4561 3188/5084/4560 3143/5086/4562
f 3187/5085/4561 3143/5086/4562 3142/4956/4440
f 3142/4956/4440 3143/5086/4562 3098/4957/4441
f 3033/4971/4455 3034/5087/4563 3239/4973/4457
f 3239/4973/4457 3034/5087/4563 3240/5088/4564
f 3239/4973/4457 3240/5088/4564 3195/4975/4459
f 3195/4975/4459 3240/5088/4564 3196/5089/4565
f 3195/4975/4459 3196/5089/4565 3151/4977/4461
f 3151/4977/4461 3196/5089/4565 3152/5090/4566
f 3151/4977/4461 3152/5090/4566 3107/4979/4463
f 3107/4979/4463 3152/5090/4566 3108/5091/4567
f 3107/4979/4463 3108/5091/4567 3063/4981/4465
f 3063/4981/4465 3108/5091/4567 3064/4984/4466
f 3035/5092/4568 3242/5093/4569 3034/5087/4563
f 3034/5087/4563 3242/5093/4569 3241/5094/4570
f 3034/5087/4563 3241/5094/4570 3240/5088/4564
f 3240/5088/4564 3241/5094/4570 3196/5089/4565
f 3036/4994/4476 3244/4992/4474 3035/5092/4568
f 3035/5092/4568 3244/4992/4474 3243/5095/4571
f 3035/5092/4568 3243/5095/4571 3242/5093/4569
f 3242/5093/4569 3243/5095/4571 3198/5096/4572
f 3242/5093/4569 3198/5096/4572 3197/5097/4573
f 3197/5097/4573 3198/5096/4572 3153/5098/4574
f 3197/5097/4573 3153/5098/4574 3152/5090/4566
f 3152/5090/4566 3153/5098/4574 3108/5091/4567
f 3036/4994/4476 3037/5099/4575 3247/4996/4478
f 3247/4996/4478 3037/5099/4575 3248/5100/4576
f 3247/4996/4478 3248/5100/4576 3203/4998/4480
f 3203/4998/4480 3248/5100/4576 3204/5101/4577
f 3203/4998/4480 3204/5101/4577 3159/5000/4482
f 3159/5000/4482 3204/5101/4577 3160/5102/4578
f 3159/5000/4482 3160/5102/4578 3115/5002/4484
f 3115/5002/4484 3160/5102/4578 3116/5103/4579
f 3115/5002/4484 3116/5103/4579 3071/5004/4486
f 3071/5004/4486 3116/5103/4579 3072/5007/4487
f 3248/5100/4576 3037/5099/4575 3249/5104/4580
f 3249/5104/4580 3037/5099/4575 3038/5105/4581
f 3249/5104/4580 3038/5105/4581 3250/5106/4582
f 3250/5106/4582 3038/5105/4581 3251/5107/4583
f 3250/5106/4582 3251/5107/4583 3206/5108/4584
f 3206/5108/4584 3251/5107/4583 3207/5013/4493
f 3206/5108/4584 3207/5013/4493 3162/5011/4491
f 3251/5107/4583 3038/5105/4581 3252/5015/4495
f 3252/5015/4495 3038/5105/4581 3039/5017/4497
f 3256/5021/4501 3040/5019/4499 3257/5109/4585
f 3257/5109/4585 3040/5019/4499 3041/5110/4586
f 3257/5109/4585 3041/5110/4586 3258/5111/4587
f 3258/5111/4587 3041/5110/4586 3259/5112/4588
f 3258/5111/4587 3259/5112/4588 3214/5113/4589
f 3214/5113/4589 3259/5112/4588 3215/5114/4590
f 3214/5113/4589 3215/5114/4590 3170/5115/4591
f 3170/5115/4591 3215/5114/4590 3171/5116/4592
f 3170/5115/4591 3171/5116/4592 3126/5117/4593
f 3126/5117/4593 3171/5116/4592 3127/5035/4513
f 3126/5117/4593 3127/5035/4513 3082/5033/4511
f 3041/5110/4586 3042/5118/4594 3259/5112/4588
f 3259/5112/4588 3042/5118/4594 3260/5119/4595
f 3259/5112/4588 3260/5119/4595 3215/5114/4590
f 3215/5114/4590 3260/5119/4595 3216/5120/4596
f 3215/5114/4590 3216/5120/4596 3171/5116/4592
f 3171/5116/4592 3216/5120/4596 3172/5037/4515
f 3171/5116/4592 3172/5037/4515 3127/5035/4513
f 3043/5043/4521 3262/5041/4519 3042/5118/4594
f 3042/5118/4594 3262/5041/4519 3261/5121/4597
f 3042/5118/4594 3261/5121/4597 3260/5119/4595
f 3260/5119/4595 3261/5121/4597 3216/5120/4596
f 3266/5047/4525 3044/5045/4523 3267/5122/4598
f 3267/5122/4598 3044/5045/4523 3045/5123/4599
f 3267/5122/4598 3045/5123/4599 3268/5124/4600
f 3268/5124/4600 3045/5123/4599 3269/5125/4601
f 3268/5124/4600 3269/5125/4601 3224/5126/4602
f 3224/5126/4602 3269/5125/4601 3225/5074/4550
f 3224/5126/4602 3225/5074/4550 3180/5076/4552
f 3045/5123/4599 3046/5070/4546 3269/5125/4601
f 3269/5125/4601 3046/5070/4546 3270/5072/4548
f 3269/5125/4601 3270/5072/4548 3225/5074/4550
f 3048/5068/4544 3049/5127/4603 3228/5066/4542
f 3228/5066/4542 3049/5127/4603 3184/5128/4604
f 3228/5066/4542 3184/5128/4604 3183/5064/4540
f 3183/5064/4540 3184/5128/4604 3139/5129/4605
f 3183/5064/4540 3139/5129/4605 3138/5062/4538
f 3138/5062/4538 3139/5129/4605 3094/5130/4606
f 3138/5062/4538 3094/5130/4606 3093/5060/4536
f 3093/5060/4536 3094/5130/4606 2700/5131/3956
f 3093/5060/4536 2700/5131/3956 2699/5058/3958
f 3049/5127/4603 3050/5132/4607 3184/5128/4604
f 3184/5128/4604 3050/5132/4607 3140/5133/4608
f 3184/5128/4604 3140/5133/4608 3139/5129/4605
f 3139/5129/4605 3140/5133/4608 3095/5134/4609
f 3139/5129/4605 3095/5134/4609 3094/5130/4606
f 3094/5130/4606 3095/5134/4609 2700/5131/3956
f 3050/5132/4607 3051/5135/4610 3140/5133/4608
f 3140/5133/4608 3051/5135/4610 3096/5136/4611
f 3140/5133/4608 3096/5136/4611 3095/5134/4609
f 3095/5134/4609 3096/5136/4611 2700/5131/3956
f 3051/5135/4610 3052/5137/4612 3096/5136/4611
f 3096/5136/4611 3052/5137/4612 2701/5138/4007
f 3096/5136/4611 2701/5138/4007 2700/5131/3956
f 3089/5054/4532 2698/5056/3960 3088/5139/4613
f 3088/5139/4613 2698/5056/3960 2697/5140/3962
f 3088/5139/4613 2697/5140/3962 3087/5141/4614
f 3087/5141/4614 2697/5140/3962 3086/5142/4615
f 3087/5141/4614 3086/5142/4615 3131/5143/4616
f 3131/5143/4616 3086/5142/4615 3130/5144/4617
f 3131/5143/4616 3130/5144/4617 3175/5145/4618
f 3175/5145/4618 3130/5144/4617 3174/5146/4619
f 3175/5145/4618 3174/5146/4619 3219/5147/4620
f 3219/5147/4620 3174/5146/4619 3218/5040/4518
f 3219/5147/4620 3218/5040/4518 3263/5042/4520
f 2697/5140/3962 2696/5148/3964 3086/5142/4615
f 3086/5142/4615 2696/5148/3964 3085/5149/4621
f 3086/5142/4615 3085/5149/4621 3130/5144/4617
f 3130/5144/4617 3085/5149/4621 3129/5150/4622
f 3130/5144/4617 3129/5150/4622 3174/5146/4619
f 3174/5146/4619 3129/5150/4622 3173/5038/4516
f 3174/5146/4619 3173/5038/4516 3218/5040/4518
f 2695/5032/3966 3083/5034/4512 2696/5148/3964
f 2696/5148/3964 3083/5034/4512 3084/5151/4623
f 2696/5148/3964 3084/5151/4623 3085/5149/4621
f 3085/5149/4621 3084/5151/4623 3129/5150/4622
f 3079/5028/4508 2694/5030/3968 3078/5152/4624
f 3078/5152/4624 2694/5030/3968 2693/5153/3970
f 3078/5152/4624 2693/5153/3970 3077/5154/4625
f 3077/5154/4625 2693/5153/3970 3076/5155/4626
f 3077/5154/4625 3076/5155/4626 3121/5156/4627
f 3121/5156/4627 3076/5155/4626 3120/5157/4628
f 3121/5156/4627 3120/5157/4628 3165/5158/4629
f 3165/5158/4629 3120/5157/4628 3164/5159/4630
f 3165/5158/4629 3164/5159/4630 3209/5160/4631
f 3209/5160/4631 3164/5159/4630 3208/5014/4494
f 3209/5160/4631 3208/5014/4494 3253/5016/4496
f 2693/5153/3970 2692/5161/3972 3076/5155/4626
f 3076/5155/4626 2692/5161/3972 3075/5162/4632
f 3076/5155/4626 3075/5162/4632 3120/5157/4628
f 3120/5157/4628 3075/5162/4632 3119/5163/4633
f 3120/5157/4628 3119/5163/4633 3164/5159/4630
f 3164/5159/4630 3119/5163/4633 3163/5012/4492
f 3164/5159/4630 3163/5012/4492 3208/5014/4494
f 2691/5006/3975 3073/5008/4488 2692/5161/3972
f 2692/5161/3972 3073/5008/4488 3074/5164/4634
f 2692/5161/3972 3074/5164/4634 3075/5162/4632
f 3075/5162/4632 3074/5164/4634 3119/5163/4633
f 2689/5165/3979 3068/5166/4635 2690/5005/3977
f 2690/5005/3977 3068/5166/4635 3069/5167/4636
f 2690/5005/3977 3069/5167/4636 3070/5003/4485
f 3070/5003/4485 3069/5167/4636 3114/5001/4483
f 2688/4983/3981 3066/5168/4637 2689/5165/3979
f 2689/5165/3979 3066/5168/4637 3067/5169/4638
f 2689/5165/3979 3067/5169/4638 3068/5166/4635
f 3068/5166/4635 3067/5169/4638 3112/5170/4639
f 3068/5166/4635 3112/5170/4639 3113/5171/4640
f 3113/5171/4640 3112/5170/4639 3157/5172/4641
f 3113/5171/4640 3157/5172/4641 3158/4999/4481
f 3158/4999/4481 3157/5172/4641 3202/4997/4479
f 3062/4980/4464 2687/4982/3983 3061/5173/4642
f 3061/5173/4642 2687/4982/3983 2686/5174/3985
f 3061/5173/4642 2686/5174/3985 3060/5175/4643
f 3060/5175/4643 2686/5174/3985 3059/5176/4644
f 3060/5175/4643 3059/5176/4644 3104/5177/4645
f 3104/5177/4645 3059/5176/4644 3103/5178/4646
f 3104/5177/4645 3103/5178/4646 3148/5179/4647
f 3148/5179/4647 3103/5178/4646 3147/5180/4648
f 3148/5179/4647 3147/5180/4648 3192/5181/4649
f 3192/5181/4649 3147/5180/4648 3191/4966/4450
f 3192/5181/4649 3191/4966/4450 3236/4968/4452
f 3059/5176/4644 2686/5174/3985 3058/5182/4650
f 3058/5182/4650 2686/5174/3985 2685/5183/3987
f 3058/5182/4650 2685/5183/3987 3057/5184/4651
f 3057/5184/4651 2685/5183/3987 3056/4960/4444
f 3057/5184/4651 3056/4960/4444 3101/4962/4446
f 2685/5183/3987 2684/4940/3989 3056/4960/4444
f 3055/4959/4443 3054/4958/4442 3099/5185/4652
f 3099/5185/4652 3054/4958/4442 3098/4957/4441
f 3099/5185/4652 3098/4957/4441 3143/5086/4562
f 3103/5178/4646 3059/5176/4644 3058/5182/4650
f 3058/5182/4650 3057/5184/4651 3102/5186/4653
f 3102/5186/4653 3057/5184/4651 3101/4962/4446
f 3102/5186/4653 3101/4962/4446 3146/4964/4448
f 3106/4978/4462 3062/4980/4464 3061/5173/4642
f 3061/5173/4642 3060/5175/4643 3105/5187/4654
f 3105/5187/4654 3060/5175/4643 3104/5177/4645
f 3105/5187/4654 3104/5177/4645 3149/5188/4655
f 3149/5188/4655 3104/5177/4645 3148/5179/4647
f 3149/5188/4655 3148/5179/4647 3193/5189/4656
f 3193/5189/4656 3148/5179/4647 3192/5181/4649
f 3193/5189/4656 3192/5181/4649 3237/4970/4454
f 3237/4970/4454 3192/5181/4649 3236/4968/4452
f 3066/5168/4637 2688/4983/3981 3065/4985/4467
f 3109/4986/4468 3064/4984/4466 3108/5091/4567
f 3065/4985/4467 3110/4987/4469 3066/5168/4637
f 3066/5168/4637 3110/4987/4469 3111/5190/4657
f 3066/5168/4637 3111/5190/4657 3067/5169/4638
f 3067/5169/4638 3111/5190/4657 3112/5170/4639
f 3114/5001/4483 3069/5167/4636 3113/5171/4640
f 3113/5171/4640 3069/5167/4636 3068/5166/4635
f 3117/5009/4489 3072/5007/4487 3116/5103/4579
f 3119/5163/4633 3074/5164/4634 3118/5010/4490
f 3118/5010/4490 3074/5164/4634 3073/5008/4488
f 3123/5026/4506 3079/5028/4508 3078/5152/4624
f 3078/5152/4624 3077/5154/4625 3122/5191/4658
f 3122/5191/4658 3077/5154/4625 3121/5156/4627
f 3122/5191/4658 3121/5156/4627 3166/5192/4659
f 3166/5192/4659 3121/5156/4627 3165/5158/4629
f 3166/5192/4659 3165/5158/4629 3210/5193/4660
f 3210/5193/4660 3165/5158/4629 3209/5160/4631
f 3210/5193/4660 3209/5160/4631 3254/5018/4498
f 3254/5018/4498 3209/5160/4631 3253/5016/4496
f 3126/5117/4593 3082/5033/4511 3081/5031/4510
f 3081/5031/4510 3080/5029/4509 3125/5194/4661
f 3125/5194/4661 3080/5029/4509 3124/5027/4507
f 3125/5194/4661 3124/5027/4507 3169/5195/4662
f 3169/5195/4662 3124/5027/4507 3168/5025/4505
f 3169/5195/4662 3168/5025/4505 3213/5196/4663
f 3213/5196/4663 3168/5025/4505 3212/5023/4503
f 3213/5196/4663 3212/5023/4503 3257/5109/4585
f 3257/5109/4585 3212/5023/4503 3256/5021/4501
f 3129/5150/4622 3084/5151/4623 3128/5036/4514
f 3128/5036/4514 3084/5151/4623 3083/5034/4512
f 3133/5052/4530 3089/5054/4532 3088/5139/4613
f 3088/5139/4613 3087/5141/4614 3132/5197/4664
f 3132/5197/4664 3087/5141/4614 3131/5143/4616
f 3132/5197/4664 3131/5143/4616 3176/5198/4665
f 3176/5198/4665 3131/5143/4616 3175/5145/4618
f 3176/5198/4665 3175/5145/4618 3220/5199/4666
f 3220/5199/4666 3175/5145/4618 3219/5147/4620
f 3220/5199/4666 3219/5147/4620 3264/5044/4522
f 3264/5044/4522 3219/5147/4620 3263/5042/4520
f 3135/5078/4554 3090/5055/4533 3134/5053/4531
f 3137/5061/4537 3092/5059/4535 3136/5077/4553
f 3136/5077/4553 3092/5059/4535 3091/5057/4534
f 3055/4959/4443 3099/5185/4652 3100/4961/4445
f 3100/4961/4445 3099/5185/4652 3144/5200/4667
f 3100/4961/4445 3144/5200/4667 3145/4963/4447
f 3145/4963/4447 3144/5200/4667 3189/5201/4668
f 3145/4963/4447 3189/5201/4668 3190/4965/4449
f 3190/4965/4449 3189/5201/4668 3234/5082/4558
f 3190/4965/4449 3234/5082/4558 3235/4967/4451
f 3235/4967/4451 3234/5082/4558 3032/4969/4453
f 3144/5200/4667 3099/5185/4652 3143/5086/4562
f 3147/5180/4648 3103/5178/4646 3102/5186/4653
f 3102/5186/4653 3103/5178/4646 3058/5182/4650
f 3147/5180/4648 3102/5186/4653 3146/4964/4448
f 3150/4976/4460 3106/4978/4462 3105/5187/4654
f 3105/5187/4654 3106/4978/4462 3061/5173/4642
f 3150/4976/4460 3105/5187/4654 3149/5188/4655
f 3154/4988/4470 3109/4986/4468 3153/5098/4574
f 3153/5098/4574 3109/4986/4468 3108/5091/4567
f 3110/4987/4469 3155/4989/4471 3111/5190/4657
f 3111/5190/4657 3155/4989/4471 3156/5202/4669
f 3111/5190/4657 3156/5202/4669 3112/5170/4639
f 3112/5170/4639 3156/5202/4669 3157/5172/4641
f 3158/4999/4481 3114/5001/4483 3113/5171/4640
f 3117/5009/4489 3116/5103/4579 3161/5203/4670
f 3161/5203/4670 3116/5103/4579 3160/5102/4578
f 3161/5203/4670 3160/5102/4578 3205/5204/4671
f 3205/5204/4671 3160/5102/4578 3204/5101/4577
f 3205/5204/4671 3204/5101/4577 3249/5104/4580
f 3249/5104/4580 3204/5101/4577 3248/5100/4576
f 3163/5012/4492 3119/5163/4633 3118/5010/4490
f 3167/5024/4504 3123/5026/4506 3122/5191/4658
f 3122/5191/4658 3123/5026/4506 3078/5152/4624
f 3167/5024/4504 3122/5191/4658 3166/5192/4659
f 3170/5115/4591 3126/5117/4593 3125/5194/4661
f 3125/5194/4661 3126/5117/4593 3081/5031/4510
f 3170/5115/4591 3125/5194/4661 3169/5195/4662
f 3173/5038/4516 3129/5150/4622 3128/5036/4514
f 3177/5050/4528 3133/5052/4530 3132/5197/4664
f 3132/5197/4664 3133/5052/4530 3088/5139/4613
f 3177/5050/4528 3132/5197/4664 3176/5198/4665
f 3135/5078/4554 3134/5053/4531 3179/5205/4672
f 3179/5205/4672 3134/5053/4531 3178/5051/4529
f 3179/5205/4672 3178/5051/4529 3223/5206/4673
f 3223/5206/4673 3178/5051/4529 3222/5049/4527
f 3223/5206/4673 3222/5049/4527 3267/5122/4598
f 3267/5122/4598 3222/5049/4527 3266/5047/4525
f 3182/5063/4539 3137/5061/4537 3181/5075/4551
f 3181/5075/4551 3137/5061/4537 3136/5077/4553
f 3187/5085/4561 3142/4956/4440 3186/4955/4439
f 3189/5201/4668 3144/5200/4667 3188/5084/4560
f 3188/5084/4560 3144/5200/4667 3143/5086/4562
f 3191/4966/4450 3147/5180/4648 3146/4964/4448
f 3194/4974/4458 3150/4976/4460 3149/5188/4655
f 3194/4974/4458 3149/5188/4655 3193/5189/4656
f 3197/5097/4573 3152/5090/4566 3196/5089/4565
f 3199/4990/4472 3154/4988/4470 3198/5096/4572
f 3198/5096/4572 3154/4988/4470 3153/5098/4574
f 3155/4989/4471 3200/4991/4473 3156/5202/4669
f 3156/5202/4669 3200/4991/4473 3201/5207/4674
f 3156/5202/4669 3201/5207/4674 3157/5172/4641
f 3157/5172/4641 3201/5207/4674 3202/4997/4479
f 3206/5108/4584 3162/5011/4491 3161/5203/4670
f 3161/5203/4670 3162/5011/4491 3117/5009/4489
f 3206/5108/4584 3161/5203/4670 3205/5204/4671
f 3211/5022/4502 3167/5024/4504 3166/5192/4659
f 3211/5022/4502 3166/5192/4659 3210/5193/4660
f 3214/5113/4589 3170/5115/4591 3169/5195/4662
f 3214/5113/4589 3169/5195/4662 3213/5196/4663
f 3217/5039/4517 3172/5037/4515 3216/5120/4596
f 3221/5048/4526 3177/5050/4528 3176/5198/4665
f 3221/5048/4526 3176/5198/4665 3220/5199/4666
f 3224/5126/4602 3180/5076/4552 3179/5205/4672
f 3179/5205/4672 3180/5076/4552 3135/5078/4554
f 3224/5126/4602 3179/5205/4672 3223/5206/4673
f 3227/5065/4541 3182/5063/4539 3226/5073/4549
f 3226/5073/4549 3182/5063/4539 3181/5075/4551
f 3232/5080/4556 3187/5085/4561 3231/5081/4557
f 3231/5081/4557 3187/5085/4561 3186/4955/4439
f 3234/5082/4558 3189/5201/4668 3233/5083/4559
f 3233/5083/4559 3189/5201/4668 3188/5084/4560
f 3238/4972/4456 3194/4974/4458 3193/5189/4656
f 3238/4972/4456 3193/5189/4656 3237/4970/4454
f 3242/5093/4569 3197/5097/4573 3241/5094/4570
f 3241/5094/4570 3197/5097/4573 3196/5089/4565
f 3244/4992/4474 3199/4990/4472 3243/5095/4571
f 3243/5095/4571 3199/4990/4472 3198/5096/4572
f 3246/4995/4477 3202/4997/4479 3201/5207/4674
f 3246/4995/4477 3201/5207/4674 3245/4993/4475
f 3245/4993/4475 3201/5207/4674 3200/4991/4473
f 3250/5106/4582 3206/5108/4584 3205/5204/4671
f 3250/5106/4582 3205/5204/4671 3249/5104/4580
f 3252/5015/4495 3207/5013/4493 3251/5107/4583
f 3255/5020/4500 3211/5022/4502 3210/5193/4660
f 3255/5020/4500 3210/5193/4660 3254/5018/4498
f 3258/5111/4587 3214/5113/4589 3213/5196/4663
f 3258/5111/4587 3213/5196/4663 3257/5109/4585
f 3262/5041/4519 3217/5039/4517 3261/5121/4597
f 3261/5121/4597 3217/5039/4517 3216/5120/4596
f 3265/5046/4524 3221/5048/4526 3220/5199/4666
f 3265/5046/4524 3220/5199/4666 3264/5044/4522
f 3268/5124/4600 3224/5126/4602 3223/5206/4673
f 3268/5124/4600 3223/5206/4673 3267/5122/4598
f 3272/5067/4543 3227/5065/4541 3271/5071/4547
f 3271/5071/4547 3227/5065/4541 3226/5073/4549
f 3047/5208/4545 3046/5209/4546 3291/5210/4675
f 3291/5210/4675 3046/5209/4546 3290/5211/4676
f 3290/5211/4676 3046/5209/4546 3045/5212/4599
f 3290/5211/4676 3045/5212/4599 3289/5213/4677
f 3289/5213/4677 3045/5212/4599 3044/5214/4523
f 3289/5213/4677 3044/5214/4523 3288/5215/4678
f 3288/5215/4678 3044/5214/4523 3043/5216/4521
f 3288/5215/4678 3043/5216/4521 3287/5217/4679
f 3287/5217/4679 3043/5216/4521 3042/5218/4594
f 3287/5217/4679 3042/5218/4594 3286/5219/4680
f 3286/5219/4680 3042/5218/4594 3041/5220/4586
f 3286/5219/4680 3041/5220/4586 3285/5221/4681
f 3285/5221/4681 3041/5220/4586 3040/5222/4499
f 3285/5221/4681 3040/5222/4499 3284/5223/4682
f 3284/5223/4682 3040/5222/4499 3039/5224/4497
f 3284/5223/4682 3039/5224/4497 3283/5225/4683
f 3283/5225/4683 3039/5224/4497 3038/5226/4581
f 3283/5225/4683 3038/5226/4581 3282/5227/4684
f 3282/5227/4684 3038/5226/4581 3037/5228/4575
f 3282/5227/4684 3037/5228/4575 3281/5229/4685
f 3281/5229/4685 3037/5228/4575 3036/5230/4476
f 3281/5229/4685 3036/5230/4476 3280/5231/4686
f 3280/5231/4686 3036/5230/4476 3035/5232/4568
f 3280/5231/4686 3035/5232/4568 3279/5233/4687
f 3279/5233/4687 3035/5232/4568 3034/5234/4563
f 3279/5233/4687 3034/5234/4563 3278/5235/4688
f 3278/5235/4688 3034/5234/4563 3033/5236/4455
f 3278/5235/4688 3033/5236/4455 3277/5237/4689
f 3277/5237/4689 3033/5236/4455 3032/5238/4453
f 3277/5237/4689 3032/5238/4453 3276/5239/4690
f 3276/5239/4690 3032/5238/4453 3031/5240/4555
f 3276/5239/4690 3031/5240/4555 3275/5241/4691
f 3275/5241/4691 3031/5240/4555 3030/5242/4437
f 3275/5241/4691 3030/5242/4437 3274/5243/4692
f 3274/5243/4692 3030/5242/4437 3029/5244/4436
f 3274/5243/4692 3029/5244/4436 3273/5245/4693
f 3028/5246/4694 3027/5247/4695 3029/5248/4696
f 3029/5248/4696 3027/5247/4695 3026/5249/4697
f 3029/5248/4696 3026/5249/4697 3025/5250/4698
f 3029/5248/4696 3025/5250/4698 3273/5251/4699
f 3273/5251/4699 3025/5250/4698 3024/5252/4700
f 3273/5251/4699 3024/5252/4700 3293/5253/4701
f 3293/5253/4701 3024/5252/4700 3292/5254/4702
f 3292/5254/4702 3024/5252/4700 2683/5255/4703
f 3292/5254/4702 2683/5255/4703 2739/5256/4704
f 2739/5256/4704 2683/5255/4703 2740/5257/4705
f 2740/5257/4705 2683/5255/4703 2682/5258/4706
f 3293/5253/4701 3294/5259/4707 3273/5251/4699
f 3273/5251/4699 3294/5259/4707 3295/5260/4708
f 3273/5251/4699 3295/5260/4708 3296/5261/4709
f 2722/5262/4046 2721/5263/4047 3302/5264/4710
f 3302/5264/4710 2721/5263/4047 3297/5265/4711
f 3302/5264/4710 3297/5265/4711 3346/5266/4712
f 3346/5266/4712 3297/5265/4711 3298/5267/4713
f 3346/5266/4712 3298/5267/4713 3390/5268/4714
f 3390/5268/4714 3298/5267/4713 3299/5269/4715
f 3390/5268/4714 3299/5269/4715 3434/5270/4716
f 3434/5270/4716 3299/5269/4715 3300/5271/4717
f 3434/5270/4716 3300/5271/4717 3478/5272/4718
f 3478/5272/4718 3300/5271/4717 3301/5273/4719
f 3478/5272/4718 3301/5273/4719 3291/5274/4675
f 3291/5274/4675 3290/5275/4676 3478/5272/4718
f 3478/5272/4718 3290/5275/4676 3479/5276/4720
f 3478/5272/4718 3479/5276/4720 3434/5270/4716
f 3434/5270/4716 3479/5276/4720 3435/5277/4721
f 3434/5270/4716 3435/5277/4721 3390/5268/4714
f 3390/5268/4714 3435/5277/4721 3391/5278/4722
f 3390/5268/4714 3391/5278/4722 3346/5266/4712
f 3346/5266/4712 3391/5278/4722 3347/5279/4723
f 3346/5266/4712 3347/5279/4723 3302/5264/4710
f 3302/5264/4710 3347/5279/4723 3303/5280/4724
f 3302/5264/4710 3303/5280/4724 2722/5262/4046
f 2722/5262/4046 3303/5280/4724 3304/5281/4725
f 2722/5262/4046 3304/5281/4725 3305/5282/4726
f 3305/5282/4726 3304/5281/4725 3349/5283/4727
f 3305/5282/4726 3349/5283/4727 3350/5284/4728
f 3350/5284/4728 3349/5283/4727 3394/5285/4729
f 3350/5284/4728 3394/5285/4729 3395/5286/4730
f 3395/5286/4730 3394/5285/4729 3439/5287/4731
f 3395/5286/4730 3439/5287/4731 3440/5288/4732
f 3440/5288/4732 3439/5287/4731 3484/5289/4733
f 3440/5288/4732 3484/5289/4733 3485/5290/4734
f 3485/5290/4734 3484/5289/4733 3288/5291/4678
f 3485/5290/4734 3288/5291/4678 3486/5292/4735
f 3486/5292/4735 3288/5291/4678 3287/5293/4679
f 3486/5292/4735 3287/5293/4679 3487/5294/4736
f 3487/5294/4736 3287/5293/4679 3488/5295/4737
f 3487/5294/4736 3488/5295/4737 3443/5296/4738
f 3443/5296/4738 3488/5295/4737 3444/5297/4739
f 3443/5296/4738 3444/5297/4739 3399/5298/4740
f 3399/5298/4740 3444/5297/4739 3400/5299/4741
f 3399/5298/4740 3400/5299/4741 3355/5300/4742
f 3355/5300/4742 3400/5299/4741 3356/5301/4743
f 3355/5300/4742 3356/5301/4743 3311/5302/4744
f 3311/5302/4744 3356/5301/4743 3312/5303/4745
f 3311/5302/4744 3312/5303/4745 2725/5304/4053
f 2725/5304/4053 3312/5303/4745 2726/5305/4055
f 2726/5305/4055 3312/5303/4745 3313/5306/4746
f 2726/5305/4055 3313/5306/4746 3314/5307/4747
f 3314/5307/4747 3313/5306/4746 3358/5308/4748
f 3314/5307/4747 3358/5308/4748 3359/5309/4749
f 3359/5309/4749 3358/5308/4748 3403/5310/4750
f 3359/5309/4749 3403/5310/4750 3404/5311/4751
f 3404/5311/4751 3403/5310/4750 3448/5312/4752
f 3404/5311/4751 3448/5312/4752 3449/5313/4753
f 3449/5313/4753 3448/5312/4752 3493/5314/4754
f 3449/5313/4753 3493/5314/4754 3494/5315/4755
f 3494/5315/4755 3493/5314/4754 3284/5316/4682
f 3494/5315/4755 3284/5316/4682 3495/5317/4756
f 3495/5317/4756 3284/5316/4682 3496/5318/4757
f 3495/5317/4756 3496/5318/4757 3451/5319/4758
f 3451/5319/4758 3496/5318/4757 3452/5320/4759
f 3451/5319/4758 3452/5320/4759 3407/5321/4760
f 3407/5321/4760 3452/5320/4759 3408/5322/4761
f 3407/5321/4760 3408/5322/4761 3363/5323/4762
f 3363/5323/4762 3408/5322/4761 3364/5324/4763
f 3363/5323/4762 3364/5324/4763 3319/5325/4764
f 3319/5325/4764 3364/5324/4763 3320/5326/4765
f 3319/5325/4764 3320/5326/4765 2728/5327/4059
f 2728/5327/4059 3320/5326/4765 2729/5328/4061
f 2729/5328/4061 3320/5326/4765 3321/5329/4766
f 2729/5328/4061 3321/5329/4766 3322/5330/4767
f 3322/5330/4767 3321/5329/4766 3366/5331/4768
f 3322/5330/4767 3366/5331/4768 3367/5332/4769
f 3367/5332/4769 3366/5331/4768 3411/5333/4770
f 3367/5332/4769 3411/5333/4770 3412/5334/4771
f 3412/5334/4771 3411/5333/4770 3456/5335/4772
f 3412/5334/4771 3456/5335/4772 3457/5336/4773
f 3457/5336/4773 3456/5335/4772 3501/5337/4774
f 3457/5336/4773 3501/5337/4774 3502/5338/4775
f 3502/5338/4775 3501/5337/4774 3281/5339/4685
f 3502/5338/4775 3281/5339/4685 3503/5340/4776
f 3503/5340/4776 3281/5339/4685 3280/5341/4686
f 3503/5340/4776 3280/5341/4686 3504/5342/4777
f 3504/5342/4777 3280/5341/4686 3505/5343/4778
f 3504/5342/4777 3505/5343/4778 3460/5344/4779
f 3460/5344/4779 3505/5343/4778 3461/5345/4780
f 3460/5344/4779 3461/5345/4780 3416/5346/4781
f 3416/5346/4781 3461/5345/4780 3417/5347/4782
f 3416/5346/4781 3417/5347/4782 3372/5348/4783
f 3372/5348/4783 3417/5347/4782 3373/5349/4784
f 3372/5348/4783 3373/5349/4784 3328/5350/4785
f 3328/5350/4785 3373/5349/4784 3329/5351/4786
f 3328/5350/4785 3329/5351/4786 2732/5352/4068
f 2732/5352/4068 3329/5351/4786 3330/5353/4787
f 2732/5352/4068 3330/5353/4787 2733/5354/4070
f 2733/5354/4070 3330/5353/4787 3331/5355/4788
f 2733/5354/4070 3331/5355/4788 3332/5356/4789
f 3332/5356/4789 3331/5355/4788 3376/5357/4790
f 3332/5356/4789 3376/5357/4790 3377/5358/4791
f 3377/5358/4791 3376/5357/4790 3421/5359/4792
f 3377/5358/4791 3421/5359/4792 3422/5360/4793
f 3422/5360/4793 3421/5359/4792 3466/5361/4794
f 3422/5360/4793 3466/5361/4794 3467/5362/4795
f 3467/5362/4795 3466/5361/4794 3511/5363/4796
f 3467/5362/4795 3511/5363/4796 3512/5364/4797
f 3512/5364/4797 3511/5363/4796 3277/5365/4689
f 3512/5364/4797 3277/5365/4689 3513/5366/4798
f 3513/5366/4798 3277/5365/4689 3276/5367/4690
f 3513/5366/4798 3276/5367/4690 3514/5368/4799
f 3514/5368/4799 3276/5367/4690 3515/5369/4800
f 3514/5368/4799 3515/5369/4800 3470/5370/4801
f 3470/5370/4801 3515/5369/4800 3471/5371/4802
f 3470/5370/4801 3471/5371/4802 3426/5372/4803
f 3426/5372/4803 3471/5371/4802 3427/5373/4804
f 3426/5372/4803 3427/5373/4804 3382/5374/4805
f 3382/5374/4805 3427/5373/4804 3383/5375/4806
f 3382/5374/4805 3383/5375/4806 3338/5376/4807
f 3338/5376/4807 3383/5375/4806 3339/5377/4808
f 3338/5376/4807 3339/5377/4808 2736/5378/4076
f 2736/5378/4076 3339/5377/4808 3340/5379/4809
f 2736/5378/4076 3340/5379/4809 2737/5380/4078
f 2737/5380/4078 3340/5379/4809 3341/5381/4810
f 2737/5380/4078 3341/5381/4810 3342/5382/4811
f 3342/5382/4811 3341/5381/4810 3386/5383/4812
f 3342/5382/4811 3386/5383/4812 3387/5384/4813
f 3387/5384/4813 3386/5383/4812 3431/5385/4814
f 3387/5384/4813 3431/5385/4814 3432/5386/4815
f 3432/5386/4815 3431/5385/4814 3476/5387/4816
f 3432/5386/4815 3476/5387/4816 3477/5388/4817
f 3477/5388/4817 3476/5387/4816 3521/5389/4818
f 3477/5388/4817 3521/5389/4818 3296/5390/4819
f 3296/5390/4819 3521/5389/4818 3273/5391/4693
f 3273/5391/4693 3521/5389/4818 3274/5392/4692
f 3274/5392/4692 3521/5389/4818 3520/5393/4820
f 3274/5392/4692 3520/5393/4820 3519/5394/4821
f 3519/5394/4821 3520/5393/4820 3475/5395/4822
f 3519/5394/4821 3475/5395/4822 3474/5396/4823
f 3474/5396/4823 3475/5395/4822 3430/5397/4824
f 3474/5396/4823 3430/5397/4824 3429/5398/4825
f 3429/5398/4825 3430/5397/4824 3385/5399/4826
f 3429/5398/4825 3385/5399/4826 3384/5400/4827
f 3384/5400/4827 3385/5399/4826 3340/5379/4809
f 3384/5400/4827 3340/5379/4809 3339/5377/4808
f 3289/5401/4677 3481/5402/4828 3290/5275/4676
f 3290/5275/4676 3481/5402/4828 3480/5403/4829
f 3290/5275/4676 3480/5403/4829 3479/5276/4720
f 3479/5276/4720 3480/5403/4829 3435/5277/4721
f 3288/5291/4678 3483/5404/4830 3289/5401/4677
f 3289/5401/4677 3483/5404/4830 3482/5405/4831
f 3289/5401/4677 3482/5405/4831 3481/5402/4828
f 3481/5402/4828 3482/5405/4831 3437/5406/4832
f 3481/5402/4828 3437/5406/4832 3436/5407/4833
f 3436/5407/4833 3437/5406/4832 3392/5408/4834
f 3436/5407/4833 3392/5408/4834 3391/5278/4722
f 3391/5278/4722 3392/5408/4834 3347/5279/4723
f 3287/5293/4679 3286/5409/4680 3488/5295/4737
f 3488/5295/4737 3286/5409/4680 3489/5410/4835
f 3488/5295/4737 3489/5410/4835 3444/5297/4739
f 3444/5297/4739 3489/5410/4835 3445/5411/4836
f 3444/5297/4739 3445/5411/4836 3400/5299/4741
f 3400/5299/4741 3445/5411/4836 3401/5412/4837
f 3400/5299/4741 3401/5412/4837 3356/5301/4743
f 3356/5301/4743 3401/5412/4837 3357/5413/4838
f 3356/5301/4743 3357/5413/4838 3312/5303/4745
f 3312/5303/4745 3357/5413/4838 3313/5306/4746
f 3285/5414/4681 3491/5415/4839 3286/5409/4680
f 3286/5409/4680 3491/5415/4839 3490/5416/4840
f 3286/5409/4680 3490/5416/4840 3489/5410/4835
f 3489/5410/4835 3490/5416/4840 3445/5411/4836
f 3284/5316/4682 3493/5314/4754 3285/5414/4681
f 3285/5414/4681 3493/5314/4754 3492/5417/4841
f 3285/5414/4681 3492/5417/4841 3491/5415/4839
f 3491/5415/4839 3492/5417/4841 3447/5418/4842
f 3491/5415/4839 3447/5418/4842 3446/5419/4843
f 3446/5419/4843 3447/5418/4842 3402/5420/4844
f 3446/5419/4843 3402/5420/4844 3401/5412/4837
f 3401/5412/4837 3402/5420/4844 3357/5413/4838
f 3284/5316/4682 3283/5421/4683 3496/5318/4757
f 3496/5318/4757 3283/5421/4683 3497/5422/4845
f 3496/5318/4757 3497/5422/4845 3452/5320/4759
f 3452/5320/4759 3497/5422/4845 3453/5423/4846
f 3452/5320/4759 3453/5423/4846 3408/5322/4761
f 3408/5322/4761 3453/5423/4846 3409/5424/4847
f 3408/5322/4761 3409/5424/4847 3364/5324/4763
f 3364/5324/4763 3409/5424/4847 3365/5425/4848
f 3364/5324/4763 3365/5425/4848 3320/5326/4765
f 3320/5326/4765 3365/5425/4848 3321/5329/4766
f 3497/5422/4845 3283/5421/4683 3498/5426/4849
f 3498/5426/4849 3283/5421/4683 3282/5427/4684
f 3498/5426/4849 3282/5427/4684 3499/5428/4850
f 3499/5428/4850 3282/5427/4684 3500/5429/4851
f 3499/5428/4850 3500/5429/4851 3455/5430/4852
f 3455/5430/4852 3500/5429/4851 3456/5335/4772
f 3455/5430/4852 3456/5335/4772 3411/5333/4770
f 3500/5429/4851 3282/5427/4684 3501/5337/4774
f 3501/5337/4774 3282/5427/4684 3281/5339/4685
f 3505/5343/4778 3280/5341/4686 3506/5431/4853
f 3506/5431/4853 3280/5341/4686 3279/5432/4687
f 3506/5431/4853 3279/5432/4687 3507/5433/4854
f 3507/5433/4854 3279/5432/4687 3508/5434/4855
f 3507/5433/4854 3508/5434/4855 3463/5435/4856
f 3463/5435/4856 3508/5434/4855 3464/5436/4857
f 3463/5435/4856 3464/5436/4857 3419/5437/4858
f 3419/5437/4858 3464/5436/4857 3420/5438/4859
f 3419/5437/4858 3420/5438/4859 3375/5439/4860
f 3375/5439/4860 3420/5438/4859 3376/5357/4790
f 3375/5439/4860 3376/5357/4790 3331/5355/4788
f 3279/5432/4687 3278/5440/4688 3508/5434/4855
f 3508/5434/4855 3278/5440/4688 3509/5441/4861
f 3508/5434/4855 3509/5441/4861 3464/5436/4857
f 3464/5436/4857 3509/5441/4861 3465/5442/4862
f 3464/5436/4857 3465/5442/4862 3420/5438/4859
f 3420/5438/4859 3465/5442/4862 3421/5359/4792
f 3420/5438/4859 3421/5359/4792 3376/5357/4790
f 3277/5365/4689 3511/5363/4796 3278/5440/4688
f 3278/5440/4688 3511/5363/4796 3510/5443/4863
f 3278/5440/4688 3510/5443/4863 3509/5441/4861
f 3509/5441/4861 3510/5443/4863 3465/5442/4862
f 3515/5369/4800 3276/5367/4690 3516/5444/4864
f 3516/5444/4864 3276/5367/4690 3275/5445/4691
f 3516/5444/4864 3275/5445/4691 3517/5446/4865
f 3517/5446/4865 3275/5445/4691 3518/5447/4866
f 3517/5446/4865 3518/5447/4866 3473/5448/4867
f 3473/5448/4867 3518/5447/4866 3474/5396/4823
f 3473/5448/4867 3474/5396/4823 3429/5398/4825
f 3275/5445/4691 3274/5392/4692 3518/5447/4866
f 3518/5447/4866 3274/5392/4692 3519/5394/4821
f 3518/5447/4866 3519/5394/4821 3474/5396/4823
f 3296/5390/4819 3295/5449/4868 3477/5388/4817
f 3477/5388/4817 3295/5449/4868 3433/5450/4869
f 3477/5388/4817 3433/5450/4869 3432/5386/4815
f 3432/5386/4815 3433/5450/4869 3388/5451/4870
f 3432/5386/4815 3388/5451/4870 3387/5384/4813
f 3387/5384/4813 3388/5451/4870 3343/5452/4871
f 3387/5384/4813 3343/5452/4871 3342/5382/4811
f 3342/5382/4811 3343/5452/4871 2738/5453/4080
f 3342/5382/4811 2738/5453/4080 2737/5380/4078
f 3295/5449/4868 3294/5454/4872 3433/5450/4869
f 3433/5450/4869 3294/5454/4872 3389/5455/4873
f 3433/5450/4869 3389/5455/4873 3388/5451/4870
f 3388/5451/4870 3389/5455/4873 3344/5456/4874
f 3388/5451/4870 3344/5456/4874 3343/5452/4871
f 3343/5452/4871 3344/5456/4874 2738/5453/4080
f 3294/5454/4872 3293/5457/4875 3389/5455/4873
f 3389/5455/4873 3293/5457/4875 3345/5458/4876
f 3389/5455/4873 3345/5458/4876 3344/5456/4874
f 3344/5456/4874 3345/5458/4876 2738/5453/4080
f 3293/5457/4875 3292/5459/4877 3345/5458/4876
f 3345/5458/4876 3292/5459/4877 2739/5460/4084
f 3345/5458/4876 2739/5460/4084 2738/5453/4080
f 3338/5376/4807 2736/5378/4076 3337/5461/4878
f 3337/5461/4878 2736/5378/4076 2735/5462/4074
f 3337/5461/4878 2735/5462/4074 3336/5463/4879
f 3336/5463/4879 2735/5462/4074 3335/5464/4880
f 3336/5463/4879 3335/5464/4880 3380/5465/4881
f 3380/5465/4881 3335/5464/4880 3379/5466/4882
f 3380/5465/4881 3379/5466/4882 3424/5467/4883
f 3424/5467/4883 3379/5466/4882 3423/5468/4884
f 3424/5467/4883 3423/5468/4884 3468/5469/4885
f 3468/5469/4885 3423/5468/4884 3467/5362/4795
f 3468/5469/4885 3467/5362/4795 3512/5364/4797
f 2735/5462/4074 2734/5470/4072 3335/5464/4880
f 3335/5464/4880 2734/5470/4072 3334/5471/4886
f 3335/5464/4880 3334/5471/4886 3379/5466/4882
f 3379/5466/4882 3334/5471/4886 3378/5472/4887
f 3379/5466/4882 3378/5472/4887 3423/5468/4884
f 3423/5468/4884 3378/5472/4887 3422/5360/4793
f 3423/5468/4884 3422/5360/4793 3467/5362/4795
f 2733/5354/4070 3332/5356/4789 2734/5470/4072
f 2734/5470/4072 3332/5356/4789 3333/5473/4888
f 2734/5470/4072 3333/5473/4888 3334/5471/4886
f 3334/5471/4886 3333/5473/4888 3378/5472/4887
f 3328/5350/4785 2732/5352/4068 3327/5474/4889
f 3327/5474/4889 2732/5352/4068 2731/5475/4066
f 3327/5474/4889 2731/5475/4066 3326/5476/4890
f 3326/5476/4890 2731/5475/4066 3325/5477/4891
f 3326/5476/4890 3325/5477/4891 3370/5478/4892
f 3370/5478/4892 3325/5477/4891 3369/5479/4893
f 3370/5478/4892 3369/5479/4893 3414/5480/4894
f 3414/5480/4894 3369/5479/4893 3413/5481/4895
f 3414/5480/4894 3413/5481/4895 3458/5482/4896
f 3458/5482/4896 3413/5481/4895 3457/5336/4773
f 3458/5482/4896 3457/5336/4773 3502/5338/4775
f 2731/5475/4066 2730/5483/4063 3325/5477/4891
f 3325/5477/4891 2730/5483/4063 3324/5484/4897
f 3325/5477/4891 3324/5484/4897 3369/5479/4893
f 3369/5479/4893 3324/5484/4897 3368/5485/4898
f 3369/5479/4893 3368/5485/4898 3413/5481/4895
f 3413/5481/4895 3368/5485/4898 3412/5334/4771
f 3413/5481/4895 3412/5334/4771 3457/5336/4773
f 2729/5328/4061 3322/5330/4767 2730/5483/4063
f 2730/5483/4063 3322/5330/4767 3323/5486/4899
f 2730/5483/4063 3323/5486/4899 3324/5484/4897
f 3324/5484/4897 3323/5486/4899 3368/5485/4898
f 2727/5487/4057 3317/5488/4900 2728/5327/4059
f 2728/5327/4059 3317/5488/4900 3318/5489/4901
f 2728/5327/4059 3318/5489/4901 3319/5325/4764
f 3319/5325/4764 3318/5489/4901 3363/5323/4762
f 2726/5305/4055 3315/5490/4902 2727/5487/4057
f 2727/5487/4057 3315/5490/4902 3316/5491/4903
f 2727/5487/4057 3316/5491/4903 3317/5488/4900
f 3317/5488/4900 3316/5491/4903 3361/5492/4904
f 3317/5488/4900 3361/5492/4904 3362/5493/4905
f 3362/5493/4905 3361/5492/4904 3406/5494/4906
f 3362/5493/4905 3406/5494/4906 3407/5321/4760
f 3407/5321/4760 3406/5494/4906 3451/5319/4758
f 3311/5302/4744 2725/5304/4053 3310/5495/4907
f 3310/5495/4907 2725/5304/4053 2724/5496/4051
f 3310/5495/4907 2724/5496/4051 3309/5497/4908
f 3309/5497/4908 2724/5496/4051 3308/5498/4909
f 3309/5497/4908 3308/5498/4909 3353/5499/4910
f 3353/5499/4910 3308/5498/4909 3352/5500/4911
f 3353/5499/4910 3352/5500/4911 3397/5501/4912
f 3397/5501/4912 3352/5500/4911 3396/5502/4913
f 3397/5501/4912 3396/5502/4913 3441/5503/4914
f 3441/5503/4914 3396/5502/4913 3440/5288/4732
f 3441/5503/4914 3440/5288/4732 3485/5290/4734
f 3308/5498/4909 2724/5496/4051 3307/5504/4915
f 3307/5504/4915 2724/5496/4051 2723/5505/4049
f 3307/5504/4915 2723/5505/4049 3306/5506/4916
f 3306/5506/4916 2723/5505/4049 3305/5282/4726
f 3306/5506/4916 3305/5282/4726 3350/5284/4728
f 2723/5505/4049 2722/5262/4046 3305/5282/4726
f 3304/5281/4725 3303/5280/4724 3348/5507/4917
f 3348/5507/4917 3303/5280/4724 3347/5279/4723
f 3348/5507/4917 3347/5279/4723 3392/5408/4834
f 3352/5500/4911 3308/5498/4909 3307/5504/4915
f 3307/5504/4915 3306/5506/4916 3351/5508/4918
f 3351/5508/4918 3306/5506/4916 3350/5284/4728
f 3351/5508/4918 3350/5284/4728 3395/5286/4730
f 3355/5300/4742 3311/5302/4744 3310/5495/4907
f 3310/5495/4907 3309/5497/4908 3354/5509/4919
f 3354/5509/4919 3309/5497/4908 3353/5499/4910
f 3354/5509/4919 3353/5499/4910 3398/5510/4920
f 3398/5510/4920 3353/5499/4910 3397/5501/4912
f 3398/5510/4920 3397/5501/4912 3442/5511/4921
f 3442/5511/4921 3397/5501/4912 3441/5503/4914
f 3442/5511/4921 3441/5503/4914 3486/5292/4735
f 3486/5292/4735 3441/5503/4914 3485/5290/4734
f 3315/5490/4902 2726/5305/4055 3314/5307/4747
f 3358/5308/4748 3313/5306/4746 3357/5413/4838
f 3314/5307/4747 3359/5309/4749 3315/5490/4902
f 3315/5490/4902 3359/5309/4749 3360/5512/4922
f 3315/5490/4902 3360/5512/4922 3316/5491/4903
f 3316/5491/4903 3360/5512/4922 3361/5492/4904
f 3363/5323/4762 3318/5489/4901 3362/5493/4905
f 3362/5493/4905 3318/5489/4901 3317/5488/4900
f 3366/5331/4768 3321/5329/4766 3365/5425/4848
f 3368/5485/4898 3323/5486/4899 3367/5332/4769
f 3367/5332/4769 3323/5486/4899 3322/5330/4767
f 3372/5348/4783 3328/5350/4785 3327/5474/4889
f 3327/5474/4889 3326/5476/4890 3371/5513/4923
f 3371/5513/4923 3326/5476/4890 3370/5478/4892
f 3371/5513/4923 3370/5478/4892 3415/5514/4924
f 3415/5514/4924 3370/5478/4892 3414/5480/4894
f 3415/5514/4924 3414/5480/4894 3459/5515/4925
f 3459/5515/4925 3414/5480/4894 3458/5482/4896
f 3459/5515/4925 3458/5482/4896 3503/5340/4776
f 3503/5340/4776 3458/5482/4896 3502/5338/4775
f 3375/5439/4860 3331/5355/4788 3330/5353/4787
f 3330/5353/4787 3329/5351/4786 3374/5516/4926
f 3374/5516/4926 3329/5351/4786 3373/5349/4784
f 3374/5516/4926 3373/5349/4784 3418/5517/4927
f 3418/5517/4927 3373/5349/4784 3417/5347/4782
f 3418/5517/4927 3417/5347/4782 3462/5518/4928
f 3462/5518/4928 3417/5347/4782 3461/5345/4780
f 3462/5518/4928 3461/5345/4780 3506/5431/4853
f 3506/5431/4853 3461/5345/4780 3505/5343/4778
f 3378/5472/4887 3333/5473/4888 3377/5358/4791
f 3377/5358/4791 3333/5473/4888 3332/5356/4789
f 3382/5374/4805 3338/5376/4807 3337/5461/4878
f 3337/5461/4878 3336/5463/4879 3381/5519/4929
f 3381/5519/4929 3336/5463/4879 3380/5465/4881
f 3381/5519/4929 3380/5465/4881 3425/5520/4930
f 3425/5520/4930 3380/5465/4881 3424/5467/4883
f 3425/5520/4930 3424/5467/4883 3469/5521/4931
f 3469/5521/4931 3424/5467/4883 3468/5469/4885
f 3469/5521/4931 3468/5469/4885 3513/5366/4798
f 3513/5366/4798 3468/5469/4885 3512/5364/4797
f 3384/5400/4827 3339/5377/4808 3383/5375/4806
f 3386/5383/4812 3341/5381/4810 3385/5399/4826
f 3385/5399/4826 3341/5381/4810 3340/5379/4809
f 3304/5281/4725 3348/5507/4917 3349/5283/4727
f 3349/5283/4727 3348/5507/4917 3393/5522/4932
f 3349/5283/4727 3393/5522/4932 3394/5285/4729
f 3394/5285/4729 3393/5522/4932 3438/5523/4933
f 3394/5285/4729 3438/5523/4933 3439/5287/4731
f 3439/5287/4731 3438/5523/4933 3483/5404/4830
f 3439/5287/4731 3483/5404/4830 3484/5289/4733
f 3484/5289/4733 3483/5404/4830 3288/5291/4678
f 3393/5522/4932 3348/5507/4917 3392/5408/4834
f 3396/5502/4913 3352/5500/4911 3351/5508/4918
f 3351/5508/4918 3352/5500/4911 3307/5504/4915
f 3396/5502/4913 3351/5508/4918 3395/5286/4730
f 3399/5298/4740 3355/5300/4742 3354/5509/4919
f 3354/5509/4919 3355/5300/4742 3310/5495/4907
f 3399/5298/4740 3354/5509/4919 3398/5510/4920
f 3403/5310/4750 3358/5308/4748 3402/5420/4844
f 3402/5420/4844 3358/5308/4748 3357/5413/4838
f 3359/5309/4749 3404/5311/4751 3360/5512/4922
f 3360/5512/4922 3404/5311/4751 3405/5524/4934
f 3360/5512/4922 3405/5524/4934 3361/5492/4904
f 3361/5492/4904 3405/5524/4934 3406/5494/4906
f 3407/5321/4760 3363/5323/4762 3362/5493/4905
f 3366/5331/4768 3365/5425/4848 3410/5525/4935
f 3410/5525/4935 3365/5425/4848 3409/5424/4847
f 3410/5525/4935 3409/5424/4847 3454/5526/4936
f 3454/5526/4936 3409/5424/4847 3453/5423/4846
f 3454/5526/4936 3453/5423/4846 3498/5426/4849
f 3498/5426/4849 3453/5423/4846 3497/5422/4845
f 3412/5334/4771 3368/5485/4898 3367/5332/4769
f 3416/5346/4781 3372/5348/4783 3371/5513/4923
f 3371/5513/4923 3372/5348/4783 3327/5474/4889
f 3416/5346/4781 3371/5513/4923 3415/5514/4924
f 3419/5437/4858 3375/5439/4860 3374/5516/4926
f 3374/5516/4926 3375/5439/4860 3330/5353/4787
f 3419/5437/4858 3374/5516/4926 3418/5517/4927
f 3422/5360/4793 3378/5472/4887 3377/5358/4791
f 3426/5372/4803 3382/5374/4805 3381/5519/4929
f 3381/5519/4929 3382/5374/4805 3337/5461/4878
f 3426/5372/4803 3381/5519/4929 3425/5520/4930
f 3384/5400/4827 3383/5375/4806 3428/5527/4937
f 3428/5527/4937 3383/5375/4806 3427/5373/4804
f 3428/5527/4937 3427/5373/4804 3472/5528/4938
f 3472/5528/4938 3427/5373/4804 3471/5371/4802
f 3472/5528/4938 3471/5371/4802 3516/5444/4864
f 3516/5444/4864 3471/5371/4802 3515/5369/4800
f 3431/5385/4814 3386/5383/4812 3430/5397/4824
f 3430/5397/4824 3386/5383/4812 3385/5399/4826
f 3436/5407/4833 3391/5278/4722 3435/5277/4721
f 3438/5523/4933 3393/5522/4932 3437/5406/4832
f 3437/5406/4832 3393/5522/4932 3392/5408/4834
f 3440/5288/4732 3396/5502/4913 3395/5286/4730
f 3443/5296/4738 3399/5298/4740 3398/5510/4920
f 3443/5296/4738 3398/5510/4920 3442/5511/4921
f 3446/5419/4843 3401/5412/4837 3445/5411/4836
f 3448/5312/4752 3403/5310/4750 3447/5418/4842
f 3447/5418/4842 3403/5310/4750 3402/5420/4844
f 3404/5311/4751 3449/5313/4753 3405/5524/4934
f 3405/5524/4934 3449/5313/4753 3450/5529/4939
f 3405/5524/4934 3450/5529/4939 3406/5494/4906
f 3406/5494/4906 3450/5529/4939 3451/5319/4758
f 3455/5430/4852 3411/5333/4770 3410/5525/4935
f 3410/5525/4935 3411/5333/4770 3366/5331/4768
f 3455/5430/4852 3410/5525/4935 3454/5526/4936
f 3460/5344/4779 3416/5346/4781 3415/5514/4924
f 3460/5344/4779 3415/5514/4924 3459/5515/4925
f 3463/5435/4856 3419/5437/4858 3418/5517/4927
f 3463/5435/4856 3418/5517/4927 3462/5518/4928
f 3466/5361/4794 3421/5359/4792 3465/5442/4862
f 3470/5370/4801 3426/5372/4803 3425/5520/4930
f 3470/5370/4801 3425/5520/4930 3469/5521/4931
f 3473/5448/4867 3429/5398/4825 3428/5527/4937
f 3428/5527/4937 3429/5398/4825 3384/5400/4827
f 3473/5448/4867 3428/5527/4937 3472/5528/4938
f 3476/5387/4816 3431/5385/4814 3475/5395/4822
f 3475/5395/4822 3431/5385/4814 3430/5397/4824
f 3481/5402/4828 3436/5407/4833 3480/5403/4829
f 3480/5403/4829 3436/5407/4833 3435/5277/4721
f 3483/5404/4830 3438/5523/4933 3482/5405/4831
f 3482/5405/4831 3438/5523/4933 3437/5406/4832
f 3487/5294/4736 3443/5296/4738 3442/5511/4921
f 3487/5294/4736 3442/5511/4921 3486/5292/4735
f 3491/5415/4839 3446/5419/4843 3490/5416/4840
f 3490/5416/4840 3446/5419/4843 3445/5411/4836
f 3493/5314/4754 3448/5312/4752 3492/5417/4841
f 3492/5417/4841 3448/5312/4752 3447/5418/4842
f 3495/5317/4756 3451/5319/4758 3450/5529/4939
f 3495/5317/4756 3450/5529/4939 3494/5315/4755
f 3494/5315/4755 3450/5529/4939 3449/5313/4753
f 3499/5428/4850 3455/5430/4852 3454/5526/4936
f 3499/5428/4850 3454/5526/4936 3498/5426/4849
f 3501/5337/4774 3456/5335/4772 3500/5429/4851
f 3504/5342/4777 3460/5344/4779 3459/5515/4925
f 3504/5342/4777 3459/5515/4925 3503/5340/4776
f 3507/5433/4854 3463/5435/4856 3462/5518/4928
f 3507/5433/4854 3462/5518/4928 3506/5431/4853
f 3511/5363/4796 3466/5361/4794 3510/5443/4863
f 3510/5443/4863 3466/5361/4794 3465/5442/4862
f 3514/5368/4799 3470/5370/4801 3469/5521/4931
f 3514/5368/4799 3469/5521/4931 3513/5366/4798
f 3517/5446/4865 3473/5448/4867 3472/5528/4938
f 3517/5446/4865 3472/5528/4938 3516/5444/4864
f 3521/5389/4818 3476/5387/4816 3520/5393/4820
f 3520/5393/4820 3476/5387/4816 3475/5395/4822
f 2788/5530/4940 2787/5531/4941 2789/5532/4942
f 2789/5532/4942 2787/5531/4941 2786/5533/4943
f 2789/5532/4942 2786/5533/4943 2785/5534/4944
f 2789/5532/4942 2785/5534/4944 2802/5535/4945
f 2802/5535/4945 2785/5534/4944 2784/5536/4946
f 2802/5535/4945 2784/5536/4946 2806/5537/4947
f 2806/5537/4947 2784/5536/4946 2807/5538/4948
f 2807/5538/4948 2784/5536/4946 2679/5539/4949
f 2807/5538/4948 2679/5539/4949 2743/5540/4950
f 2743/5540/4950 2679/5539/4949 2744/5541/4951
f 2744/5541/4951 2679/5539/4949 2678/5542/4952
f 2806/5537/4947 2805/5543/4953 2802/5535/4945
f 2802/5535/4945 2805/5543/4953 2804/5544/4954
f 2802/5535/4945 2804/5544/4954 2803/5545/4955
f 2744/5546/4956 2678/5547/4957 2745/5548/4958
f 2745/5548/4958 2678/5547/4957 2677/5549/4959
f 2861/5550/4960 2923/5551/4961 2676/5552/4962
f 2676/5552/4962 2923/5551/4961 2746/5553/4963
f 2676/5552/4962 2746/5553/4963 2745/5554/4964
f 2860/5555/4965 2863/5556/4966 2861/5550/4960
f 2861/5550/4960 2863/5556/4966 2924/5557/4967
f 2861/5550/4960 2924/5557/4967 2923/5551/4961
f 2863/5556/4966 2860/5555/4965 2856/5558/4968
f 2856/5558/4968 2860/5555/4965 2859/5559/4969
f 2856/5558/4968 2859/5559/4969 2858/5560/4970
f 2858/5560/4970 2857/5561/4971 2856/5558/4968
f 2927/5562/4972 2926/5563/4973 2863/5556/4966
f 2863/5556/4966 2926/5563/4973 2925/5564/4974
f 2863/5556/4966 2925/5564/4974 2924/5557/4967
f 2745/5554/4964 2677/5565/4975 2676/5552/4962
f 2790/5566/4114 2789/5567/4115 2796/5568/4143
f 2796/5568/4143 2789/5567/4115 2802/5569/4142
f 2681/5570/4976 2741/5571/4977 2682/5572/4978
f 2682/5572/4978 2741/5571/4977 2740/5573/4979
f 2629/5574/4980 2628/5575/4981 2630/5576/4982
f 2630/5576/4982 2628/5575/4981 2627/5577/4983
f 2630/5576/4982 2627/5577/4983 2626/5578/4984
f 2630/5576/4982 2626/5578/4984 2712/5579/4985
f 2712/5579/4985 2626/5578/4984 2625/5580/4986
f 2712/5579/4985 2625/5580/4986 2716/5581/4987
f 2716/5581/4987 2625/5580/4986 2717/5582/4988
f 2717/5582/4988 2625/5580/4986 2624/5583/4989
f 2717/5582/4988 2624/5583/4989 2718/5584/4990
f 2718/5584/4990 2624/5583/4989 2719/5585/4991
f 2719/5585/4991 2624/5583/4989 2703/5586/4992
f 2716/5581/4987 2715/5587/4993 2712/5579/4985
f 2712/5579/4985 2715/5587/4993 2714/5588/4994
f 2712/5579/4985 2714/5588/4994 2713/5589/4995
f 2719/5590/4996 2703/5591/4997 2720/5592/4998
f 2720/5592/4998 2703/5591/4997 2702/5593/4999
f 3052/5594/5000 3297/5595/5001 2701/5596/5002
f 2701/5596/5002 3297/5595/5001 2721/5597/5003
f 2701/5596/5002 2721/5597/5003 2720/5598/5004
f 3051/5599/5005 3291/5600/5006 3052/5594/5000
f 3052/5594/5000 3291/5600/5006 3298/5601/5007
f 3052/5594/5000 3298/5601/5007 3297/5595/5001
f 3291/5600/5006 3051/5599/5005 3047/5602/5008
f 3047/5602/5008 3051/5599/5005 3050/5603/5009
f 3047/5602/5008 3050/5603/5009 3049/5604/5010
f 3049/5604/5010 3048/5605/5011 3047/5602/5008
f 3301/5606/5012 3300/5607/5013 3291/5600/5006
f 3291/5600/5006 3300/5607/5013 3299/5608/5014
f 3291/5600/5006 3299/5608/5014 3298/5601/5007
f 2720/5598/5004 2702/5609/5015 2701/5596/5002
f 2631/5610/3940 2630/5611/3941 2704/5612/4037
f 2704/5612/4037 2630/5611/3941 2712/5613/4036
f 2783/5614/5016 2782/5615/5017 2640/5616/5018
f 2640/5616/5018 2782/5615/5017 2933/5617/5019
f 2640/5616/5018 2933/5617/5019 2984/5618/5020
f 2984/5618/5020 2933/5617/5019 2932/5619/5021
f 2984/5618/5020 2932/5619/5021 2928/5620/5022
f 2928/5620/5022 2932/5619/5021 2931/5621/5023
f 2928/5620/5022 2931/5621/5023 2930/5622/5024
f 2930/5622/5024 2929/5623/5025 2928/5620/5022
f 2984/5618/5020 2928/5620/5022 2985/5624/5026
f 2985/5624/5026 2928/5620/5022 2977/5625/5027
f 2985/5624/5026 2977/5625/5027 2986/5626/5028
f 2986/5626/5028 2977/5625/5027 2987/5627/5029
f 2987/5627/5029 2977/5625/5027 2988/5628/5030
f 2640/5616/5018 2639/5629/5031 2783/5614/5016
f 2638/5630/5032 2711/5631/5033 2639/5632/5034
f 2639/5632/5034 2711/5631/5033 2783/5633/5035
g Body1:9

v 14.500000 88.500000 72.000001
v 14.500000 88.292945 72.027260
v 14.500000 88.100000 72.107181
v 14.500000 87.934314 72.234316
v 14.500000 87.807180 72.400001
v 14.500000 87.727259 72.592946
v 14.500000 87.700000 72.800001
v 12.000000 87.700000 72.800001
v 12.000000 87.727259 72.592946
v 12.000000 87.807180 72.400001
v 12.000000 87.934314 72.234316
v 12.000000 88.100000 72.107181
v 12.000000 88.292945 72.027260
v 12.000000 88.500000 72.000001
v 14.500000 87.700000 73.500001
v 16.500000 87.700000 73.500001
v 16.500000 87.700000 72.800001
v 27.722222 87.700000 72.800001
v 38.944444 87.700000 72.800001
v 50.166667 87.700000 72.800001
v 61.388889 87.700000 72.800001
v 72.611111 87.700000 72.800001
v 83.833333 87.700000 72.800001
v 95.055556 87.700000 72.800001
v 106.277778 87.700000 72.800001
v 117.500000 87.700000 72.800001
v 128.722222 87.700000 72.800001
v 139.944444 87.700000 72.800001
v 151.166667 87.700000 72.800001
v 162.388889 87.700000 72.800001
v 173.611111 87.700000 72.800001
v 184.833333 87.700000 72.800001
v 196.055556 87.700000 72.800001
v 207.277778 87.700000 72.800001
v 218.500000 87.700000 72.800001
v 218.500000 87.700000 73.500001
v 220.500000 87.700000 73.500001
v 220.500000 87.700000 72.800001
v 223.000000 87.700000 72.800001
v 223.000000 87.700000 73.500001
v 225.000000 87.700000 73.500001
v 225.000000 87.700000 72.800001
v 226.400000 87.700000 72.800001
v 226.581173 87.700000 72.823853
v 226.750000 87.700000 72.893783
v 226.894975 87.700000 73.005026
v 227.006218 87.700000 73.150001
v 227.076148 87.700000 73.318828
v 227.100000 87.700000 73.500001
v 227.100000 87.700000 75.000001
v 216.140000 87.700000 75.000001
v 205.180000 87.700000 75.000001
v 194.220000 87.700000 75.000001
v 183.260000 87.700000 75.000001
v 172.300000 87.700000 75.000001
v 161.340000 87.700000 75.000001
v 150.380000 87.700000 75.000001
v 139.420000 87.700000 75.000001
v 128.460000 87.700000 75.000001
v 117.500000 87.700000 75.000001
v 106.540000 87.700000 75.000001
v 95.580000 87.700000 75.000001
v 84.620000 87.700000 75.000001
v 73.660000 87.700000 75.000001
v 62.700000 87.700000 75.000001
v 51.740000 87.700000 75.000001
v 40.780000 87.700000 75.000001
v 29.820000 87.700000 75.000001
v 18.860000 87.700000 75.000001
v 7.900000 87.700000 75.000001
v 7.900000 87.700000 73.500001
v 7.923852 87.700000 73.318828
v 7.993782 87.700000 73.150001
v 8.105025 87.700000 73.005026
v 8.250000 87.700000 72.893783
v 8.418827 87.700000 72.823853
v 8.600000 87.700000 72.800001
v 10.000000 87.700000 72.800001
v 10.000000 87.700000 73.500001
v 12.000000 87.700000 73.500001
v 12.000000 90.200000 73.500001
v 12.000000 90.200000 72.800001
v 12.000000 90.172741 72.592946
v 12.000000 90.092820 72.400001
v 12.000000 89.965685 72.234316
v 12.000000 89.800000 72.107181
v 12.000000 89.607055 72.027260
v 12.000000 89.400000 72.000001
v 14.500000 90.200000 72.800001
v 14.500000 90.172741 72.592946
v 14.500000 90.092820 72.400001
v 14.500000 89.965685 72.234316
v 14.500000 89.800000 72.107181
v 14.500000 89.607055 72.027260
v 14.500000 89.400000 72.000001
v 10.000000 90.200000 73.500001
v 10.000000 90.200000 72.800001
v 8.600000 90.200000 72.800001
v 8.418827 90.200000 72.823853
v 8.250000 90.200000 72.893783
v 8.105025 90.200000 73.005026
v 7.993782 90.200000 73.150001
v 7.923852 90.200000 73.318828
v 7.900000 90.200000 73.500001
v 7.900000 90.200000 75.000001
v 18.860000 90.200000 75.000001
v 29.820000 90.200000 75.000001
v 40.780000 90.200000 75.000001
v 51.740000 90.200000 75.000001
v 62.700000 90.200000 75.000001
v 73.660000 90.200000 75.000001
v 84.620000 90.200000 75.000001
v 95.580000 90.200000 75.000001
v 106.540000 90.200000 75.000001
v 117.500000 90.200000 75.000001
v 128.460000 90.200000 75.000001
v 139.420000 90.200000 75.000001
v 150.380000 90.200000 75.000001
v 161.340000 90.200000 75.000001
v 172.300000 90.200000 75.000001
v 183.260000 90.200000 75.000001
v 194.220000 90.200000 75.000001
v 205.180000 90.200000 75.000001
v 216.140000 90.200000 75.000001
v 227.100000 90.200000 75.000001
v 227.100000 90.200000 73.500001
v 227.076148 90.200000 73.318828
v 227.006218 90.200000 73.150001
v 226.894975 90.200000 73.005026
v 226.750000 90.200000 72.893783
v 226.581173 90.200000 72.823853
v 226.400000 90.200000 72.800001
v 225.000000 90.200000 72.800001
v 225.000000 90.200000 73.500001
v 223.000000 90.200000 73.500001
v 223.000000 90.200000 72.800001
v 220.500000 90.200000 72.800001
v 220.500000 90.200000 73.500001
v 218.500000 90.200000 73.500001
v 218.500000 90.200000 72.800001
v 207.277778 90.200000 72.800001
v 196.055556 90.200000 72.800001
v 184.833333 90.200000 72.800001
v 173.611111 90.200000 72.800001
v 162.388889 90.200000 72.800001
v 151.166667 90.200000 72.800001
v 139.944444 90.200000 72.800001
v 128.722222 90.200000 72.800001
v 117.500000 90.200000 72.800001
v 106.277778 90.200000 72.800001
v 95.055556 90.200000 72.800001
v 83.833333 90.200000 72.800001
v 72.611111 90.200000 72.800001
v 61.388889 90.200000 72.800001
v 50.166667 90.200000 72.800001
v 38.944444 90.200000 72.800001
v 27.722222 90.200000 72.800001
v 16.500000 90.200000 72.800001
v 16.500000 90.200000 73.500001
v 14.500000 90.200000 73.500001
v 223.000000 88.500000 72.000001
v 223.000000 88.292945 72.027260
v 223.000000 88.100000 72.107181
v 223.000000 87.934314 72.234316
v 223.000000 87.807180 72.400001
v 223.000000 87.727259 72.592946
v 220.500000 87.727259 72.592946
v 220.500000 87.807180 72.400001
v 220.500000 87.934314 72.234316
v 220.500000 88.100000 72.107181
v 220.500000 88.292945 72.027260
v 220.500000 88.500000 72.000001
v 220.500000 90.172741 72.592946
v 220.500000 90.092820 72.400001
v 220.500000 89.965685 72.234316
v 220.500000 89.800000 72.107181
v 220.500000 89.607055 72.027260
v 220.500000 89.400000 72.000001
v 223.000000 90.172741 72.592946
v 223.000000 90.092820 72.400001
v 223.000000 89.965685 72.234316
v 223.000000 89.800000 72.107181
v 223.000000 89.607055 72.027260
v 223.000000 89.400000 72.000001
v 227.900000 88.500000 75.000001
v 227.872741 88.292945 75.000001
v 227.792820 88.100000 75.000001
v 227.665685 87.934314 75.000001
v 227.500000 87.807180 75.000001
v 227.307055 87.727259 75.000001
v 227.307055 87.727259 73.500001
v 227.500000 87.807180 73.500001
v 227.665685 87.934314 73.500001
v 227.792820 88.100000 73.500001
v 227.872741 88.292945 73.500001
v 227.900000 88.500000 73.500001
v 226.400000 87.727259 72.592946
v 226.400000 87.807180 72.400001
v 226.400000 87.934314 72.234316
v 226.400000 88.100000 72.107181
v 226.400000 88.292945 72.027260
v 226.400000 88.500000 72.000001
v 226.788229 88.500000 72.051112
v 227.150000 88.500000 72.200963
v 227.460660 88.500000 72.439341
v 227.699038 88.500000 72.750001
v 227.848889 88.500000 73.111773
v 226.781173 88.292945 72.077443
v 226.760488 88.100000 72.154640
v 226.727583 87.934314 72.277443
v 226.684701 87.807180 72.437483
v 226.634763 87.727259 72.623853
v 227.136370 88.292945 72.224570
v 227.096410 88.100000 72.293783
v 227.032843 87.934314 72.403885
v 226.950000 87.807180 72.547373
v 226.853528 87.727259 72.714468
v 227.441385 88.292945 72.458616
v 227.384873 88.100000 72.515128
v 227.294975 87.934314 72.605026
v 227.177817 87.807180 72.722184
v 227.041385 87.727259 72.858616
v 227.675431 88.292945 72.763631
v 227.606218 88.100000 72.803591
v 227.496116 87.934314 72.867158
v 227.352628 87.807180 72.950001
v 227.185533 87.727259 73.046473
v 227.822558 88.292945 73.118828
v 227.745361 88.100000 73.139513
v 227.622558 87.934314 73.172418
v 227.462518 87.807180 73.215300
v 227.276148 87.727259 73.265238
v 225.000000 87.727259 72.592946
v 225.000000 87.807180 72.400001
v 225.000000 87.934314 72.234316
v 225.000000 88.100000 72.107181
v 225.000000 88.292945 72.027260
v 225.000000 88.500000 72.000001
v 225.000000 89.400000 72.000001
v 226.400000 89.400000 72.000001
v 226.788229 89.400000 72.051112
v 227.150000 89.400000 72.200963
v 227.460660 89.400000 72.439341
v 227.699038 89.400000 72.750001
v 227.848889 89.400000 73.111773
v 227.900000 89.400000 73.500001
v 227.900000 89.400000 75.000001
v 227.872741 89.607055 75.000001
v 227.792820 89.800000 75.000001
v 227.665685 89.965685 75.000001
v 227.500000 90.092820 75.000001
v 227.307055 90.172741 75.000001
v 7.692945 90.172741 75.000001
v 7.500000 90.092820 75.000001
v 7.334315 89.965685 75.000001
v 7.207180 89.800000 75.000001
v 7.127259 89.607055 75.000001
v 7.100000 89.400000 75.000001
v 7.100000 88.500000 75.000001
v 7.127259 88.292945 75.000001
v 7.207180 88.100000 75.000001
v 7.334315 87.934314 75.000001
v 7.500000 87.807180 75.000001
v 7.692945 87.727259 75.000001
v 227.872741 89.607055 73.500001
v 227.792820 89.800000 73.500001
v 227.665685 89.965685 73.500001
v 227.500000 90.092820 73.500001
v 227.307055 90.172741 73.500001
v 226.400000 89.607055 72.027260
v 226.400000 89.800000 72.107181
v 226.400000 89.965685 72.234316
v 226.400000 90.092820 72.400001
v 226.400000 90.172741 72.592946
v 226.634763 90.172741 72.623853
v 226.684701 90.092820 72.437483
v 226.727583 89.965685 72.277443
v 226.760488 89.800000 72.154640
v 226.781173 89.607055 72.077443
v 226.853528 90.172741 72.714468
v 226.950000 90.092820 72.547373
v 227.032843 89.965685 72.403885
v 227.096410 89.800000 72.293783
v 227.136370 89.607055 72.224570
v 227.041385 90.172741 72.858616
v 227.177817 90.092820 72.722184
v 227.294975 89.965685 72.605026
v 227.384873 89.800000 72.515128
v 227.441385 89.607055 72.458616
v 227.185533 90.172741 73.046473
v 227.352628 90.092820 72.950001
v 227.496116 89.965685 72.867158
v 227.606218 89.800000 72.803591
v 227.675431 89.607055 72.763631
v 227.276148 90.172741 73.265238
v 227.462518 90.092820 73.215300
v 227.622558 89.965685 73.172418
v 227.745361 89.800000 73.139513
v 227.822558 89.607055 73.118828
v 225.000000 89.607055 72.027260
v 225.000000 89.800000 72.107181
v 225.000000 89.965685 72.234316
v 225.000000 90.092820 72.400001
v 225.000000 90.172741 72.592946
v 10.000000 90.172741 72.592946
v 10.000000 90.092820 72.400001
v 10.000000 89.965685 72.234316
v 10.000000 89.800000 72.107181
v 10.000000 89.607055 72.027260
v 10.000000 89.400000 72.000001
v 8.600000 89.400000 72.000001
v 8.600000 89.607055 72.027260
v 8.600000 89.800000 72.107181
v 8.600000 89.965685 72.234316
v 8.600000 90.092820 72.400001
v 8.600000 90.172741 72.592946
v 7.100000 89.400000 73.500001
v 7.127259 89.607055 73.500001
v 7.207180 89.800000 73.500001
v 7.334315 89.965685 73.500001
v 7.500000 90.092820 73.500001
v 7.692945 90.172741 73.500001
v 8.211771 89.400000 72.051112
v 7.850000 89.400000 72.200963
v 7.539340 89.400000 72.439341
v 7.300962 89.400000 72.750001
v 7.151111 89.400000 73.111773
v 7.723852 90.172741 73.265238
v 7.537482 90.092820 73.215300
v 7.377442 89.965685 73.172418
v 7.254639 89.800000 73.139513
v 7.177442 89.607055 73.118828
v 7.814467 90.172741 73.046473
v 7.647372 90.092820 72.950001
v 7.503884 89.965685 72.867158
v 7.393782 89.800000 72.803591
v 7.324569 89.607055 72.763631
v 7.958615 90.172741 72.858616
v 7.822183 90.092820 72.722184
v 7.705025 89.965685 72.605026
v 7.615127 89.800000 72.515128
v 7.558615 89.607055 72.458616
v 8.146472 90.172741 72.714468
v 8.050000 90.092820 72.547373
v 7.967157 89.965685 72.403885
v 7.903590 89.800000 72.293783
v 7.863630 89.607055 72.224570
v 8.365237 90.172741 72.623853
v 8.315299 90.092820 72.437483
v 8.272417 89.965685 72.277443
v 8.239512 89.800000 72.154640
v 8.218827 89.607055 72.077443
v 10.000000 88.500000 72.000001
v 8.600000 88.500000 72.000001
v 8.211771 88.500000 72.051112
v 7.850000 88.500000 72.200963
v 7.539340 88.500000 72.439341
v 7.300962 88.500000 72.750001
v 7.151111 88.500000 73.111773
v 7.100000 88.500000 73.500001
v 10.000000 88.292945 72.027260
v 10.000000 88.100000 72.107181
v 10.000000 87.934314 72.234316
v 10.000000 87.807180 72.400001
v 10.000000 87.727259 72.592946
v 8.600000 87.727259 72.592946
v 8.600000 87.807180 72.400001
v 8.600000 87.934314 72.234316
v 8.600000 88.100000 72.107181
v 8.600000 88.292945 72.027260
v 7.692945 87.727259 73.500001
v 7.500000 87.807180 73.500001
v 7.334315 87.934314 73.500001
v 7.207180 88.100000 73.500001
v 7.127259 88.292945 73.500001
v 7.177442 88.292945 73.118828
v 7.254639 88.100000 73.139513
v 7.377442 87.934314 73.172418
v 7.537482 87.807180 73.215300
v 7.723852 87.727259 73.265238
v 7.324569 88.292945 72.763631
v 7.393782 88.100000 72.803591
v 7.503884 87.934314 72.867158
v 7.647372 87.807180 72.950001
v 7.814467 87.727259 73.046473
v 7.558615 88.292945 72.458616
v 7.615127 88.100000 72.515128
v 7.705025 87.934314 72.605026
v 7.822183 87.807180 72.722184
v 7.958615 87.727259 72.858616
v 7.863630 88.292945 72.224570
v 7.903590 88.100000 72.293783
v 7.967157 87.934314 72.403885
v 8.050000 87.807180 72.547373
v 8.146472 87.727259 72.714468
v 8.218827 88.292945 72.077443
v 8.239512 88.100000 72.154640
v 8.272417 87.934314 72.277443
v 8.315299 87.807180 72.437483
v 8.365237 87.727259 72.623853
v 218.500000 88.500000 72.000001
v 218.500000 88.292945 72.027260
v 218.500000 88.100000 72.107181
v 218.500000 87.934314 72.234316
v 218.500000 87.807180 72.400001
v 218.500000 87.727259 72.592946
v 16.500000 87.727259 72.592946
v 16.500000 87.807180 72.400001
v 16.500000 87.934314 72.234316
v 16.500000 88.100000 72.107181
v 16.500000 88.292945 72.027260
v 16.500000 88.500000 72.000001
v 27.722222 88.500000 72.000001
v 38.944444 88.500000 72.000001
v 50.166667 88.500000 72.000001
v 61.388889 88.500000 72.000001
v 72.611111 88.500000 72.000001
v 83.833333 88.500000 72.000001
v 95.055556 88.500000 72.000001
v 106.277778 88.500000 72.000001
v 117.500000 88.500000 72.000001
v 128.722222 88.500000 72.000001
v 139.944444 88.500000 72.000001
v 151.166667 88.500000 72.000001
v 162.388889 88.500000 72.000001
v 173.611111 88.500000 72.000001
v 184.833333 88.500000 72.000001
v 196.055556 88.500000 72.000001
v 207.277778 88.500000 72.000001
v 214.011111 88.292945 72.027260
v 209.522222 88.292945 72.027260
v 205.033333 88.292945 72.027260
v 200.544444 88.292945 72.027260
v 196.055556 88.292945 72.027260
v 191.566667 88.292945 72.027260
v 187.077778 88.292945 72.027260
v 182.588889 88.292945 72.027260
v 178.100000 88.292945 72.027260
v 173.611111 88.292945 72.027260
v 169.122222 88.292945 72.027260
v 164.633333 88.292945 72.027260
v 160.144444 88.292945 72.027260
v 155.655556 88.292945 72.027260
v 151.166667 88.292945 72.027260
v 146.677778 88.292945 72.027260
v 142.188889 88.292945 72.027260
v 137.700000 88.292945 72.027260
v 133.211111 88.292945 72.027260
v 128.722222 88.292945 72.027260
v 124.233333 88.292945 72.027260
v 119.744444 88.292945 72.027260
v 115.255556 88.292945 72.027260
v 110.766667 88.292945 72.027260
v 106.277778 88.292945 72.027260
v 101.788889 88.292945 72.027260
v 97.300000 88.292945 72.027260
v 92.811111 88.292945 72.027260
v 88.322222 88.292945 72.027260
v 83.833333 88.292945 72.027260
v 79.344444 88.292945 72.027260
v 74.855556 88.292945 72.027260
v 70.366667 88.292945 72.027260
v 65.877778 88.292945 72.027260
v 61.388889 88.292945 72.027260
v 56.900000 88.292945 72.027260
v 52.411111 88.292945 72.027260
v 47.922222 88.292945 72.027260
v 43.433333 88.292945 72.027260
v 38.944444 88.292945 72.027260
v 34.455556 88.292945 72.027260
v 29.966667 88.292945 72.027260
v 25.477778 88.292945 72.027260
v 20.988889 88.292945 72.027260
v 214.011111 88.100000 72.107181
v 209.522222 88.100000 72.107181
v 205.033333 88.100000 72.107181
v 200.544444 88.100000 72.107181
v 196.055556 88.100000 72.107181
v 191.566667 88.100000 72.107181
v 187.077778 88.100000 72.107181
v 182.588889 88.100000 72.107181
v 178.100000 88.100000 72.107181
v 173.611111 88.100000 72.107181
v 169.122222 88.100000 72.107181
v 164.633333 88.100000 72.107181
v 160.144444 88.100000 72.107181
v 155.655556 88.100000 72.107181
v 151.166667 88.100000 72.107181
v 146.677778 88.100000 72.107181
v 142.188889 88.100000 72.107181
v 137.700000 88.100000 72.107181
v 133.211111 88.100000 72.107181
v 128.722222 88.100000 72.107181
v 124.233333 88.100000 72.107181
v 119.744444 88.100000 72.107181
v 115.255556 88.100000 72.107181
v 110.766667 88.100000 72.107181
v 106.277778 88.100000 72.107181
v 101.788889 88.100000 72.107181
v 97.300000 88.100000 72.107181
v 92.811111 88.100000 72.107181
v 88.322222 88.100000 72.107181
v 83.833333 88.100000 72.107181
v 79.344444 88.100000 72.107181
v 74.855556 88.100000 72.107181
v 70.366667 88.100000 72.107181
v 65.877778 88.100000 72.107181
v 61.388889 88.100000 72.107181
v 56.900000 88.100000 72.107181
v 52.411111 88.100000 72.107181
v 47.922222 88.100000 72.107181
v 43.433333 88.100000 72.107181
v 38.944444 88.100000 72.107181
v 34.455556 88.100000 72.107181
v 29.966667 88.100000 72.107181
v 25.477778 88.100000 72.107181
v 20.988889 88.100000 72.107181
v 214.011111 87.934314 72.234316
v 209.522222 87.934314 72.234316
v 205.033333 87.934314 72.234316
v 200.544444 87.934314 72.234316
v 196.055556 87.934314 72.234316
v 191.566667 87.934314 72.234316
v 187.077778 87.934314 72.234316
v 182.588889 87.934314 72.234316
v 178.100000 87.934314 72.234316
v 173.611111 87.934314 72.234316
v 169.122222 87.934314 72.234316
v 164.633333 87.934314 72.234316
v 160.144444 87.934314 72.234316
v 155.655556 87.934314 72.234316
v 151.166667 87.934314 72.234316
v 146.677778 87.934314 72.234316
v 142.188889 87.934314 72.234316
v 137.700000 87.934314 72.234316
v 133.211111 87.934314 72.234316
v 128.722222 87.934314 72.234316
v 124.233333 87.934314 72.234316
v 119.744444 87.934314 72.234316
v 115.255556 87.934314 72.234316
v 110.766667 87.934314 72.234316
v 106.277778 87.934314 72.234316
v 101.788889 87.934314 72.234316
v 97.300000 87.934314 72.234316
v 92.811111 87.934314 72.234316
v 88.322222 87.934314 72.234316
v 83.833333 87.934314 72.234316
v 79.344444 87.934314 72.234316
v 74.855556 87.934314 72.234316
v 70.366667 87.934314 72.234316
v 65.877778 87.934314 72.234316
v 61.388889 87.934314 72.234316
v 56.900000 87.934314 72.234316
v 52.411111 87.934314 72.234316
v 47.922222 87.934314 72.234316
v 43.433333 87.934314 72.234316
v 38.944444 87.934314 72.234316
v 34.455556 87.934314 72.234316
v 29.966667 87.934314 72.234316
v 25.477778 87.934314 72.234316
v 20.988889 87.934314 72.234316
v 214.011111 87.807180 72.400001
v 209.522222 87.807180 72.400001
v 205.033333 87.807180 72.400001
v 200.544444 87.807180 72.400001
v 196.055556 87.807180 72.400001
v 191.566667 87.807180 72.400001
v 187.077778 87.807180 72.400001
v 182.588889 87.807180 72.400001
v 178.100000 87.807180 72.400001
v 173.611111 87.807180 72.400001
v 169.122222 87.807180 72.400001
v 164.633333 87.807180 72.400001
v 160.144444 87.807180 72.400001
v 155.655556 87.807180 72.400001
v 151.166667 87.807180 72.400001
v 146.677778 87.807180 72.400001
v 142.188889 87.807180 72.400001
v 137.700000 87.807180 72.400001
v 133.211111 87.807180 72.400001
v 128.722222 87.807180 72.400001
v 124.233333 87.807180 72.400001
v 119.744444 87.807180 72.400001
v 115.255556 87.807180 72.400001
v 110.766667 87.807180 72.400001
v 106.277778 87.807180 72.400001
v 101.788889 87.807180 72.400001
v 97.300000 87.807180 72.400001
v 92.811111 87.807180 72.400001
v 88.322222 87.807180 72.400001
v 83.833333 87.807180 72.400001
v 79.344444 87.807180 72.400001
v 74.855556 87.807180 72.400001
v 70.366667 87.807180 72.400001
v 65.877778 87.807180 72.400001
v 61.388889 87.807180 72.400001
v 56.900000 87.807180 72.400001
v 52.411111 87.807180 72.400001
v 47.922222 87.807180 72.400001
v 43.433333 87.807180 72.400001
v 38.944444 87.807180 72.400001
v 34.455556 87.807180 72.400001
v 29.966667 87.807180 72.400001
v 25.477778 87.807180 72.400001
v 20.988889 87.807180 72.400001
v 214.011111 87.727259 72.592946
v 209.522222 87.727259 72.592946
v 205.033333 87.727259 72.592946
v 200.544444 87.727259 72.592946
v 196.055556 87.727259 72.592946
v 191.566667 87.727259 72.592946
v 187.077778 87.727259 72.592946
v 182.588889 87.727259 72.592946
v 178.100000 87.727259 72.592946
v 173.611111 87.727259 72.592946
v 169.122222 87.727259 72.592946
v 164.633333 87.727259 72.592946
v 160.144444 87.727259 72.592946
v 155.655556 87.727259 72.592946
v 151.166667 87.727259 72.592946
v 146.677778 87.727259 72.592946
v 142.188889 87.727259 72.592946
v 137.700000 87.727259 72.592946
v 133.211111 87.727259 72.592946
v 128.722222 87.727259 72.592946
v 124.233333 87.727259 72.592946
v 119.744444 87.727259 72.592946
v 115.255556 87.727259 72.592946
v 110.766667 87.727259 72.592946
v 106.277778 87.727259 72.592946
v 101.788889 87.727259 72.592946
v 97.300000 87.727259 72.592946
v 92.811111 87.727259 72.592946
v 88.322222 87.727259 72.592946
v 83.833333 87.727259 72.592946
v 79.344444 87.727259 72.592946
v 74.855556 87.727259 72.592946
v 70.366667 87.727259 72.592946
v 65.877778 87.727259 72.592946
v 61.388889 87.727259 72.592946
v 56.900000 87.727259 72.592946
v 52.411111 87.727259 72.592946
v 47.922222 87.727259 72.592946
v 43.433333 87.727259 72.592946
v 38.944444 87.727259 72.592946
v 34.455556 87.727259 72.592946
v 29.966667 87.727259 72.592946
v 25.477778 87.727259 72.592946
v 20.988889 87.727259 72.592946
v 16.500000 89.400000 72.000001
v 27.722222 89.400000 72.000001
v 38.944444 89.400000 72.000001
v 50.166667 89.400000 72.000001
v 61.388889 89.400000 72.000001
v 72.611111 89.400000 72.000001
v 83.833333 89.400000 72.000001
v 95.055556 89.400000 72.000001
v 106.277778 89.400000 72.000001
v 117.500000 89.400000 72.000001
v 128.722222 89.400000 72.000001
v 139.944444 89.400000 72.000001
v 151.166667 89.400000 72.000001
v 162.388889 89.400000 72.000001
v 173.611111 89.400000 72.000001
v 184.833333 89.400000 72.000001
v 196.055556 89.400000 72.000001
v 207.277778 89.400000 72.000001
v 218.500000 89.400000 72.000001
v 218.500000 89.607055 72.027260
v 218.500000 89.800000 72.107181
v 218.500000 89.965685 72.234316
v 218.500000 90.092820 72.400001
v 218.500000 90.172741 72.592946
v 16.500000 89.607055 72.027260
v 16.500000 89.800000 72.107181
v 16.500000 89.965685 72.234316
v 16.500000 90.092820 72.400001
v 16.500000 90.172741 72.592946
v 20.988889 89.607055 72.027260
v 25.477778 89.607055 72.027260
v 29.966667 89.607055 72.027260
v 34.455556 89.607055 72.027260
v 38.944444 89.607055 72.027260
v 43.433333 89.607055 72.027260
v 47.922222 89.607055 72.027260
v 52.411111 89.607055 72.027260
v 56.900000 89.607055 72.027260
v 61.388889 89.607055 72.027260
v 65.877778 89.607055 72.027260
v 70.366667 89.607055 72.027260
v 74.855556 89.607055 72.027260
v 79.344444 89.607055 72.027260
v 83.833333 89.607055 72.027260
v 88.322222 89.607055 72.027260
v 92.811111 89.607055 72.027260
v 97.300000 89.607055 72.027260
v 101.788889 89.607055 72.027260
v 106.277778 89.607055 72.027260
v 110.766667 89.607055 72.027260
v 115.255556 89.607055 72.027260
v 119.744444 89.607055 72.027260
v 124.233333 89.607055 72.027260
v 128.722222 89.607055 72.027260
v 133.211111 89.607055 72.027260
v 137.700000 89.607055 72.027260
v 142.188889 89.607055 72.027260
v 146.677778 89.607055 72.027260
v 151.166667 89.607055 72.027260
v 155.655556 89.607055 72.027260
v 160.144444 89.607055 72.027260
v 164.633333 89.607055 72.027260
v 169.122222 89.607055 72.027260
v 173.611111 89.607055 72.027260
v 178.100000 89.607055 72.027260
v 182.588889 89.607055 72.027260
v 187.077778 89.607055 72.027260
v 191.566667 89.607055 72.027260
v 196.055556 89.607055 72.027260
v 200.544444 89.607055 72.027260
v 205.033333 89.607055 72.027260
v 209.522222 89.607055 72.027260
v 214.011111 89.607055 72.027260
v 20.988889 89.800000 72.107181
v 25.477778 89.800000 72.107181
v 29.966667 89.800000 72.107181
v 34.455556 89.800000 72.107181
v 38.944444 89.800000 72.107181
v 43.433333 89.800000 72.107181
v 47.922222 89.800000 72.107181
v 52.411111 89.800000 72.107181
v 56.900000 89.800000 72.107181
v 61.388889 89.800000 72.107181
v 65.877778 89.800000 72.107181
v 70.366667 89.800000 72.107181
v 74.855556 89.800000 72.107181
v 79.344444 89.800000 72.107181
v 83.833333 89.800000 72.107181
v 88.322222 89.800000 72.107181
v 92.811111 89.800000 72.107181
v 97.300000 89.800000 72.107181
v 101.788889 89.800000 72.107181
v 106.277778 89.800000 72.107181
v 110.766667 89.800000 72.107181
v 115.255556 89.800000 72.107181
v 119.744444 89.800000 72.107181
v 124.233333 89.800000 72.107181
v 128.722222 89.800000 72.107181
v 133.211111 89.800000 72.107181
v 137.700000 89.800000 72.107181
v 142.188889 89.800000 72.107181
v 146.677778 89.800000 72.107181
v 151.166667 89.800000 72.107181
v 155.655556 89.800000 72.107181
v 160.144444 89.800000 72.107181
v 164.633333 89.800000 72.107181
v 169.122222 89.800000 72.107181
v 173.611111 89.800000 72.107181
v 178.100000 89.800000 72.107181
v 182.588889 89.800000 72.107181
v 187.077778 89.800000 72.107181
v 191.566667 89.800000 72.107181
v 196.055556 89.800000 72.107181
v 200.544444 89.800000 72.107181
v 205.033333 89.800000 72.107181
v 209.522222 89.800000 72.107181
v 214.011111 89.800000 72.107181
v 20.988889 89.965685 72.234316
v 25.477778 89.965685 72.234316
v 29.966667 89.965685 72.234316
v 34.455556 89.965685 72.234316
v 38.944444 89.965685 72.234316
v 43.433333 89.965685 72.234316
v 47.922222 89.965685 72.234316
v 52.411111 89.965685 72.234316
v 56.900000 89.965685 72.234316
v 61.388889 89.965685 72.234316
v 65.877778 89.965685 72.234316
v 70.366667 89.965685 72.234316
v 74.855556 89.965685 72.234316
v 79.344444 89.965685 72.234316
v 83.833333 89.965685 72.234316
v 88.322222 89.965685 72.234316
v 92.811111 89.965685 72.234316
v 97.300000 89.965685 72.234316
v 101.788889 89.965685 72.234316
v 106.277778 89.965685 72.234316
v 110.766667 89.965685 72.234316
v 115.255556 89.965685 72.234316
v 119.744444 89.965685 72.234316
v 124.233333 89.965685 72.234316
v 128.722222 89.965685 72.234316
v 133.211111 89.965685 72.234316
v 137.700000 89.965685 72.234316
v 142.188889 89.965685 72.234316
v 146.677778 89.965685 72.234316
v 151.166667 89.965685 72.234316
v 155.655556 89.965685 72.234316
v 160.144444 89.965685 72.234316
v 164.633333 89.965685 72.234316
v 169.122222 89.965685 72.234316
v 173.611111 89.965685 72.234316
v 178.100000 89.965685 72.234316
v 182.588889 89.965685 72.234316
v 187.077778 89.965685 72.234316
v 191.566667 89.965685 72.234316
v 196.055556 89.965685 72.234316
v 200.544444 89.965685 72.234316
v 205.033333 89.965685 72.234316
v 209.522222 89.965685 72.234316
v 214.011111 89.965685 72.234316
v 20.988889 90.092820 72.400001
v 25.477778 90.092820 72.400001
v 29.966667 90.092820 72.400001
v 34.455556 90.092820 72.400001
v 38.944444 90.092820 72.400001
v 43.433333 90.092820 72.400001
v 47.922222 90.092820 72.400001
v 52.411111 90.092820 72.400001
v 56.900000 90.092820 72.400001
v 61.388889 90.092820 72.400001
v 65.877778 90.092820 72.400001
v 70.366667 90.092820 72.400001
v 74.855556 90.092820 72.400001
v 79.344444 90.092820 72.400001
v 83.833333 90.092820 72.400001
v 88.322222 90.092820 72.400001
v 92.811111 90.092820 72.400001
v 97.300000 90.092820 72.400001
v 101.788889 90.092820 72.400001
v 106.277778 90.092820 72.400001
v 110.766667 90.092820 72.400001
v 115.255556 90.092820 72.400001
v 119.744444 90.092820 72.400001
v 124.233333 90.092820 72.400001
v 128.722222 90.092820 72.400001
v 133.211111 90.092820 72.400001
v 137.700000 90.092820 72.400001
v 142.188889 90.092820 72.400001
v 146.677778 90.092820 72.400001
v 151.166667 90.092820 72.400001
v 155.655556 90.092820 72.400001
v 160.144444 90.092820 72.400001
v 164.633333 90.092820 72.400001
v 169.122222 90.092820 72.400001
v 173.611111 90.092820 72.400001
v 178.100000 90.092820 72.400001
v 182.588889 90.092820 72.400001
v 187.077778 90.092820 72.400001
v 191.566667 90.092820 72.400001
v 196.055556 90.092820 72.400001
v 200.544444 90.092820 72.400001
v 205.033333 90.092820 72.400001
v 209.522222 90.092820 72.400001
v 214.011111 90.092820 72.400001
v 20.988889 90.172741 72.592946
v 25.477778 90.172741 72.592946
v 29.966667 90.172741 72.592946
v 34.455556 90.172741 72.592946
v 38.944444 90.172741 72.592946
v 43.433333 90.172741 72.592946
v 47.922222 90.172741 72.592946
v 52.411111 90.172741 72.592946
v 56.900000 90.172741 72.592946
v 61.388889 90.172741 72.592946
v 65.877778 90.172741 72.592946
v 70.366667 90.172741 72.592946
v 74.855556 90.172741 72.592946
v 79.344444 90.172741 72.592946
v 83.833333 90.172741 72.592946
v 88.322222 90.172741 72.592946
v 92.811111 90.172741 72.592946
v 97.300000 90.172741 72.592946
v 101.788889 90.172741 72.592946
v 106.277778 90.172741 72.592946
v 110.766667 90.172741 72.592946
v 115.255556 90.172741 72.592946
v 119.744444 90.172741 72.592946
v 124.233333 90.172741 72.592946
v 128.722222 90.172741 72.592946
v 133.211111 90.172741 72.592946
v 137.700000 90.172741 72.592946
v 142.188889 90.172741 72.592946
v 146.677778 90.172741 72.592946
v 151.166667 90.172741 72.592946
v 155.655556 90.172741 72.592946
v 160.144444 90.172741 72.592946
v 164.633333 90.172741 72.592946
v 169.122222 90.172741 72.592946
v 173.611111 90.172741 72.592946
v 178.100000 90.172741 72.592946
v 182.588889 90.172741 72.592946
v 187.077778 90.172741 72.592946
v 191.566667 90.172741 72.592946
v 196.055556 90.172741 72.592946
v 200.544444 90.172741 72.592946
v 205.033333 90.172741 72.592946
v 209.522222 90.172741 72.592946
v 214.011111 90.172741 72.592946
vt 2.000000 -0.628319 0.000000
vt 4.500000 -0.628319 0.000000
vt 2.000000 -0.418879 0.000000
vt 4.500000 -0.418879 0.000000
vt 2.000000 -0.209440 0.000000
vt 4.500000 -0.209440 0.000000
vt 2.000000 0.000000 0.000000
vt 4.500000 0.000000 0.000000
vt 2.000000 0.209440 0.000000
vt 4.500000 0.209440 0.000000
vt 2.000000 0.418879 0.000000
vt 4.500000 0.418879 0.000000
vt 2.000000 0.628319 0.000000
vt 4.500000 0.628319 0.000000
vt 0.700000 4.500000 0.000000
vt -0.000000 4.500000 0.000000
vt 0.700000 2.000000 0.000000
vt -0.000000 2.000000 0.000000
vt -1.500000 -2.100000 0.000000
vt -0.000000 0.000000 0.000000
vt -0.000000 -2.100000 0.000000
vt 0.181173 -2.076148 0.000000
vt -1.500000 8.860000 0.000000
vt -0.000000 6.500000 0.000000
vt 0.700000 17.722222 0.000000
vt 0.700000 6.500000 0.000000
vt -1.500000 19.820000 0.000000
vt 0.700000 28.944444 0.000000
vt -1.500000 30.780000 0.000000
vt 0.700000 40.166667 0.000000
vt -1.500000 41.740000 0.000000
vt 0.700000 51.388889 0.000000
vt -1.500000 52.700000 0.000000
vt 0.700000 62.611111 0.000000
vt -1.500000 63.660000 0.000000
vt 0.700000 73.833333 0.000000
vt -1.500000 74.620000 0.000000
vt 0.700000 85.055556 0.000000
vt -1.500000 85.580000 0.000000
vt 0.700000 96.277778 0.000000
vt -1.500000 96.540000 0.000000
vt 0.700000 107.500000 0.000000
vt -1.500000 107.500000 0.000000
vt -1.500000 118.460000 0.000000
vt 0.700000 118.722222 0.000000
vt -1.500000 129.420000 0.000000
vt 0.700000 129.944444 0.000000
vt -1.500000 140.380000 0.000000
vt 0.700000 141.166667 0.000000
vt -1.500000 151.340000 0.000000
vt 0.700000 152.388889 0.000000
vt -1.500000 162.300000 0.000000
vt 0.700000 163.611111 0.000000
vt -1.500000 173.260000 0.000000
vt 0.700000 174.833333 0.000000
vt -1.500000 184.220000 0.000000
vt 0.700000 186.055556 0.000000
vt -1.500000 195.180000 0.000000
vt 0.700000 197.277778 0.000000
vt -1.500000 206.140000 0.000000
vt -0.000000 208.500000 0.000000
vt -0.000000 210.500000 0.000000
vt 0.700000 208.500000 0.000000
vt 0.700000 210.500000 0.000000
vt -0.000000 213.000000 0.000000
vt -1.500000 217.100000 0.000000
vt 0.700000 213.000000 0.000000
vt -0.000000 215.000000 0.000000
vt -0.000000 217.100000 0.000000
vt 0.181173 217.076148 0.000000
vt 0.350000 217.006218 0.000000
vt 0.700000 215.000000 0.000000
vt 0.494975 216.894975 0.000000
vt 0.606218 216.750000 0.000000
vt 0.700000 216.400000 0.000000
vt 0.676148 216.581173 0.000000
vt 0.350000 -2.006218 0.000000
vt 0.700000 0.000000 0.000000
vt 0.494975 -1.894975 0.000000
vt 0.606218 -1.750000 0.000000
vt 0.676148 -1.581173 0.000000
vt 0.700000 -1.400000 0.000000
vt 2.972741 8.907055 0.000000
vt 2.892820 9.100000 0.000000
vt 3.000000 8.700000 0.000000
vt 2.765685 9.265686 0.000000
vt 2.600000 9.392820 0.000000
vt 3.000000 7.800000 0.000000
vt 2.407055 9.472741 0.000000
vt 2.600000 7.107180 0.000000
vt 2.407055 7.027259 0.000000
vt 2.200000 9.500000 0.000000
vt 2.200000 7.000000 0.000000
vt 1.500000 7.000000 0.000000
vt 1.500000 9.500000 0.000000
vt 2.765685 7.234315 0.000000
vt 2.892820 7.400000 0.000000
vt 2.972741 7.592945 0.000000
vt -4.500000 -0.628319 0.000000
vt -2.000000 -0.628319 0.000000
vt -4.500000 -0.418879 0.000000
vt -2.000000 -0.418879 0.000000
vt -4.500000 -0.209440 0.000000
vt -2.000000 -0.209440 0.000000
vt -4.500000 0.000000 0.000000
vt -2.000000 0.000000 0.000000
vt -4.500000 0.209440 0.000000
vt -2.000000 0.209440 0.000000
vt -4.500000 0.418879 0.000000
vt -2.000000 0.418879 0.000000
vt -4.500000 0.628319 0.000000
vt -2.000000 0.628319 0.000000
vt -2.200000 2.000000 0.000000
vt -1.500000 2.000000 0.000000
vt -2.200000 4.500000 0.000000
vt -1.500000 4.500000 0.000000
vt -0.000000 -2.100000 0.000000
vt -0.000000 8.860000 0.000000
vt -1.500000 0.000000 0.000000
vt -1.500000 -2.100000 0.000000
vt -1.681173 -2.076148 0.000000
vt -1.850000 -2.006218 0.000000
vt -2.200000 0.000000 0.000000
vt -1.994975 -1.894975 0.000000
vt -2.106218 -1.750000 0.000000
vt -2.200000 -1.400000 0.000000
vt -2.176148 -1.581173 0.000000
vt -0.000000 19.820000 0.000000
vt -2.200000 17.722222 0.000000
vt -1.500000 6.500000 0.000000
vt -2.200000 28.944444 0.000000
vt -0.000000 30.780000 0.000000
vt -2.200000 40.166667 0.000000
vt -0.000000 41.740000 0.000000
vt -2.200000 51.388889 0.000000
vt -0.000000 52.700000 0.000000
vt -2.200000 62.611111 0.000000
vt -0.000000 63.660000 0.000000
vt -2.200000 73.833333 0.000000
vt -0.000000 74.620000 0.000000
vt -2.200000 85.055556 0.000000
vt -0.000000 85.580000 0.000000
vt -2.200000 96.277778 0.000000
vt -0.000000 96.540000 0.000000
vt -2.200000 107.500000 0.000000
vt -0.000000 107.500000 0.000000
vt -0.000000 118.460000 0.000000
vt -2.200000 118.722222 0.000000
vt -0.000000 129.420000 0.000000
vt -2.200000 129.944444 0.000000
vt -0.000000 140.380000 0.000000
vt -2.200000 141.166667 0.000000
vt -0.000000 151.340000 0.000000
vt -2.200000 152.388889 0.000000
vt -0.000000 162.300000 0.000000
vt -2.200000 163.611111 0.000000
vt -0.000000 173.260000 0.000000
vt -2.200000 174.833333 0.000000
vt -0.000000 184.220000 0.000000
vt -2.200000 186.055556 0.000000
vt -0.000000 195.180000 0.000000
vt -2.200000 197.277778 0.000000
vt -0.000000 206.140000 0.000000
vt -1.500000 208.500000 0.000000
vt -1.500000 210.500000 0.000000
vt -0.000000 217.100000 0.000000
vt -1.500000 213.000000 0.000000
vt -1.500000 215.000000 0.000000
vt -1.500000 217.100000 0.000000
vt -1.681173 217.076148 0.000000
vt -1.850000 217.006218 0.000000
vt -2.200000 215.000000 0.000000
vt -1.994975 216.894975 0.000000
vt -2.106218 216.750000 0.000000
vt -2.176148 216.581173 0.000000
vt -2.200000 216.400000 0.000000
vt -2.200000 213.000000 0.000000
vt -2.200000 210.500000 0.000000
vt -2.200000 208.500000 0.000000
vt -2.200000 6.500000 0.000000
vt 210.500000 -0.628319 0.000000
vt 213.000000 -0.628319 0.000000
vt 210.500000 -0.418879 0.000000
vt 213.000000 -0.418879 0.000000
vt 210.500000 -0.209440 0.000000
vt 213.000000 -0.209440 0.000000
vt 210.500000 0.000000 0.000000
vt 213.000000 0.000000 0.000000
vt 210.500000 0.209440 0.000000
vt 213.000000 0.209440 0.000000
vt 210.500000 0.418879 0.000000
vt 213.000000 0.418879 0.000000
vt 210.500000 0.628319 0.000000
vt 213.000000 0.628319 0.000000
vt -0.027259 8.907055 0.000000
vt -0.107180 9.100000 0.000000
vt 0.000000 8.700000 0.000000
vt -0.234315 9.265686 0.000000
vt -0.400000 9.392820 0.000000
vt 0.000000 7.800000 0.000000
vt -0.592945 9.472741 0.000000
vt -0.400000 7.107180 0.000000
vt -0.592945 7.027259 0.000000
vt -0.800000 9.500000 0.000000
vt -0.800000 7.000000 0.000000
vt -1.500000 7.000000 0.000000
vt -1.500000 9.500000 0.000000
vt -0.234315 7.234315 0.000000
vt -0.107180 7.400000 0.000000
vt -0.027259 7.592945 0.000000
vt -213.000000 -0.628319 0.000000
vt -210.500000 -0.628319 0.000000
vt -213.000000 -0.418879 0.000000
vt -210.500000 -0.418879 0.000000
vt -213.000000 -0.209440 0.000000
vt -210.500000 -0.209440 0.000000
vt -213.000000 0.000000 0.000000
vt -210.500000 0.000000 0.000000
vt -213.000000 0.209440 0.000000
vt -210.500000 0.209440 0.000000
vt -213.000000 0.418879 0.000000
vt -210.500000 0.418879 0.000000
vt -213.000000 0.628319 0.000000
vt -210.500000 0.628319 0.000000
vt 0.375000 0.628319 0.000000
vt -1.125000 0.628319 0.000000
vt 0.375000 0.418879 0.000000
vt -1.125000 0.418879 0.000000
vt 0.375000 0.209440 0.000000
vt -1.125000 0.209440 0.000000
vt 0.375000 -0.000000 0.000000
vt -1.125000 -0.000000 0.000000
vt 0.375000 -0.209440 0.000000
vt -1.125000 -0.209440 0.000000
vt 0.375000 -0.418879 0.000000
vt -1.125000 -0.418879 0.000000
vt 0.375000 -0.628319 0.000000
vt -1.125000 -0.628319 0.000000
vt -1.256637 -0.000000 0.000000
vt -1.047198 -0.000000 0.000000
vt -1.256637 0.331356 0.000000
vt -1.047198 0.331356 0.000000
vt -1.256637 0.662711 0.000000
vt -1.047198 0.662711 0.000000
vt -1.256637 0.994067 0.000000
vt -1.047198 0.994067 0.000000
vt -1.256637 1.325423 0.000000
vt -1.047198 1.325423 0.000000
vt -1.256637 1.656778 0.000000
vt -1.047198 1.656778 0.000000
vt -1.256637 1.988134 0.000000
vt -1.047198 1.988134 0.000000
vt -0.837758 1.656778 0.000000
vt -0.837758 1.988134 0.000000
vt -0.628319 1.656778 0.000000
vt -0.628319 1.988134 0.000000
vt -0.418879 1.656778 0.000000
vt -0.418879 1.988134 0.000000
vt -0.209440 1.656778 0.000000
vt -0.209440 1.988134 0.000000
vt 0.000000 1.656778 0.000000
vt 0.000000 1.988134 0.000000
vt -0.837758 -0.000000 0.000000
vt -0.837758 0.331356 0.000000
vt -0.837758 0.662711 0.000000
vt -0.837758 0.994067 0.000000
vt -0.837758 1.325423 0.000000
vt -0.628319 -0.000000 0.000000
vt -0.628319 0.331356 0.000000
vt -0.628319 0.662711 0.000000
vt -0.628319 0.994067 0.000000
vt -0.628319 1.325423 0.000000
vt -0.418879 -0.000000 0.000000
vt -0.418879 0.331356 0.000000
vt -0.418879 0.662711 0.000000
vt -0.418879 0.994067 0.000000
vt -0.418879 1.325423 0.000000
vt -0.209440 -0.000000 0.000000
vt -0.209440 0.331356 0.000000
vt -0.209440 0.662711 0.000000
vt -0.209440 0.994067 0.000000
vt -0.209440 1.325423 0.000000
vt 0.000000 -0.000000 0.000000
vt 0.000000 0.331356 0.000000
vt 0.000000 0.662711 0.000000
vt 0.000000 0.994067 0.000000
vt 0.000000 1.325423 0.000000
vt 216.400000 0.628319 0.000000
vt 215.000000 0.628319 0.000000
vt 216.400000 0.418879 0.000000
vt 215.000000 0.418879 0.000000
vt 216.400000 0.209440 0.000000
vt 215.000000 0.209440 0.000000
vt 216.400000 -0.000000 0.000000
vt 215.000000 0.000000 0.000000
vt 216.400000 -0.209440 0.000000
vt 215.000000 -0.209440 0.000000
vt 216.400000 -0.418879 0.000000
vt 215.000000 -0.418879 0.000000
vt 216.400000 -0.628319 0.000000
vt 215.000000 -0.628319 0.000000
vt 216.400000 1.700000 0.000000
vt 215.000000 1.700000 0.000000
vt 216.400000 0.800000 0.000000
vt 215.000000 0.800000 0.000000
vt -0.175000 1.178097 0.000000
vt -1.075000 1.178097 0.000000
vt -0.175000 0.785398 0.000000
vt -1.075000 0.785398 0.000000
vt -0.175000 0.392699 0.000000
vt -1.075000 0.392699 0.000000
vt -0.175000 0.000000 0.000000
vt -1.075000 0.000000 0.000000
vt -0.175000 -0.392699 0.000000
vt -1.075000 -0.392699 0.000000
vt -0.175000 -0.785398 0.000000
vt -1.075000 -0.785398 0.000000
vt -0.175000 -1.178097 0.000000
vt -1.075000 -1.178097 0.000000
vt 0.750000 0.450000 0.000000
vt -0.750000 0.450000 0.000000
vt 0.750000 -0.450000 0.000000
vt -0.750000 -0.450000 0.000000
vt -0.027259 217.307055 0.000000
vt -0.107180 217.500000 0.000000
vt -0.000000 217.100000 0.000000
vt -0.234315 217.665685 0.000000
vt -0.400000 217.792820 0.000000
vt -0.592945 217.872741 0.000000
vt -0.000000 206.140000 0.000000
vt -0.800000 217.900000 0.000000
vt -2.500000 206.140000 0.000000
vt -1.700000 217.900000 0.000000
vt -1.907055 217.872741 0.000000
vt -2.500000 217.100000 0.000000
vt -2.100000 217.792820 0.000000
vt -2.265685 217.665685 0.000000
vt -2.392820 217.500000 0.000000
vt -2.472741 217.307055 0.000000
vt -2.500000 195.180000 0.000000
vt -0.000000 195.180000 0.000000
vt -2.500000 184.220000 0.000000
vt -0.000000 184.220000 0.000000
vt -2.500000 173.260000 0.000000
vt -0.000000 173.260000 0.000000
vt -2.500000 162.300000 0.000000
vt -0.000000 162.300000 0.000000
vt -2.500000 151.340000 0.000000
vt -0.000000 151.340000 0.000000
vt -2.500000 140.380000 0.000000
vt -0.000000 140.380000 0.000000
vt -2.500000 129.420000 0.000000
vt -0.000000 129.420000 0.000000
vt -0.000000 118.460000 0.000000
vt -2.500000 118.460000 0.000000
vt -0.000000 107.500000 0.000000
vt -2.500000 107.500000 0.000000
vt -0.000000 96.540000 0.000000
vt -2.500000 96.540000 0.000000
vt -0.000000 85.580000 0.000000
vt -2.500000 85.580000 0.000000
vt -2.500000 74.620000 0.000000
vt -0.000000 74.620000 0.000000
vt -2.500000 63.660000 0.000000
vt -0.000000 63.660000 0.000000
vt -2.500000 52.700000 0.000000
vt -0.000000 52.700000 0.000000
vt -2.500000 41.740000 0.000000
vt -0.000000 41.740000 0.000000
vt -2.500000 30.780000 0.000000
vt -0.000000 30.780000 0.000000
vt -2.500000 19.820000 0.000000
vt -0.000000 19.820000 0.000000
vt -2.500000 8.860000 0.000000
vt -0.000000 8.860000 0.000000
vt -1.700000 -2.900000 0.000000
vt -0.800000 -2.900000 0.000000
vt -1.907055 -2.872741 0.000000
vt -2.500000 -2.100000 0.000000
vt -2.100000 -2.792820 0.000000
vt -2.265685 -2.665685 0.000000
vt -2.392820 -2.500000 0.000000
vt -2.472741 -2.307055 0.000000
vt -0.592945 -2.872741 0.000000
vt -0.000000 -2.100000 0.000000
vt -0.400000 -2.792820 0.000000
vt -0.234315 -2.665685 0.000000
vt -0.107180 -2.500000 0.000000
vt -0.027259 -2.307055 0.000000
vt 1.125000 0.628319 0.000000
vt -0.375000 0.628319 0.000000
vt 1.125000 0.418879 0.000000
vt -0.375000 0.418879 0.000000
vt 1.125000 0.209440 0.000000
vt -0.375000 0.209440 0.000000
vt 1.125000 0.000000 0.000000
vt -0.375000 0.000000 0.000000
vt 1.125000 -0.209440 0.000000
vt -0.375000 -0.209440 0.000000
vt 1.125000 -0.418879 0.000000
vt -0.375000 -0.418879 0.000000
vt 1.125000 -0.628319 0.000000
vt -0.375000 -0.628319 0.000000
vt 0.000000 -3.976268 0.000000
vt -0.209440 -3.976268 0.000000
vt 0.000000 -4.307624 0.000000
vt -0.209440 -4.307624 0.000000
vt 0.000000 -4.638979 0.000000
vt -0.209440 -4.638979 0.000000
vt 0.000000 -4.970335 0.000000
vt -0.209440 -4.970335 0.000000
vt 0.000000 -5.301691 0.000000
vt -0.209440 -5.301691 0.000000
vt 0.000000 -5.633046 0.000000
vt -0.209440 -5.633046 0.000000
vt 0.000000 -5.964402 0.000000
vt -0.209440 -5.964402 0.000000
vt -0.418879 -5.633046 0.000000
vt -0.418879 -5.964402 0.000000
vt -0.628319 -5.633046 0.000000
vt -0.628319 -5.964402 0.000000
vt -0.837758 -5.633046 0.000000
vt -0.837758 -5.964402 0.000000
vt -1.047198 -5.633046 0.000000
vt -1.047198 -5.964402 0.000000
vt -1.256637 -5.633046 0.000000
vt -1.256637 -5.964402 0.000000
vt -0.418879 -3.976268 0.000000
vt -0.418879 -4.307624 0.000000
vt -0.418879 -4.638979 0.000000
vt -0.418879 -4.970335 0.000000
vt -0.418879 -5.301691 0.000000
vt -0.628319 -3.976268 0.000000
vt -0.628319 -4.307624 0.000000
vt -0.628319 -4.638979 0.000000
vt -0.628319 -4.970335 0.000000
vt -0.628319 -5.301691 0.000000
vt -0.837758 -3.976268 0.000000
vt -0.837758 -4.307624 0.000000
vt -0.837758 -4.638979 0.000000
vt -0.837758 -4.970335 0.000000
vt -0.837758 -5.301691 0.000000
vt -1.047198 -3.976268 0.000000
vt -1.047198 -4.307624 0.000000
vt -1.047198 -4.638979 0.000000
vt -1.047198 -4.970335 0.000000
vt -1.047198 -5.301691 0.000000
vt -1.256637 -3.976268 0.000000
vt -1.256637 -4.307624 0.000000
vt -1.256637 -4.638979 0.000000
vt -1.256637 -4.970335 0.000000
vt -1.256637 -5.301691 0.000000
vt -216.400000 -0.628319 0.000000
vt -215.000000 -0.628319 0.000000
vt -216.400000 -0.418879 0.000000
vt -215.000000 -0.418879 0.000000
vt -216.400000 -0.209440 0.000000
vt -215.000000 -0.209440 0.000000
vt -216.400000 -0.000000 0.000000
vt -215.000000 0.000000 0.000000
vt -216.400000 0.209440 0.000000
vt -215.000000 0.209440 0.000000
vt -216.400000 0.418879 0.000000
vt -215.000000 0.418879 0.000000
vt -216.400000 0.628319 0.000000
vt -215.000000 0.628319 0.000000
vt 1.400000 0.628319 0.000000
vt -0.000000 0.628319 0.000000
vt 1.400000 0.418879 0.000000
vt -0.000000 0.418879 0.000000
vt 1.400000 0.209440 0.000000
vt -0.000000 0.209440 0.000000
vt 1.400000 0.000000 0.000000
vt -0.000000 0.000000 0.000000
vt 1.400000 -0.209440 0.000000
vt -0.000000 -0.209440 0.000000
vt 1.400000 -0.418879 0.000000
vt -0.000000 -0.418879 0.000000
vt 1.400000 -0.628319 0.000000
vt -0.000000 -0.628319 0.000000
vt 0.000000 -1.988134 0.000000
vt -0.209440 -1.988134 0.000000
vt -0.000000 -2.319490 0.000000
vt -0.209440 -2.319490 0.000000
vt -0.000000 -2.650845 0.000000
vt -0.209440 -2.650845 0.000000
vt -0.000000 -2.982201 0.000000
vt -0.209440 -2.982201 0.000000
vt -0.000000 -3.313557 0.000000
vt -0.209440 -3.313557 0.000000
vt -0.000000 -3.644912 0.000000
vt -0.209440 -3.644912 0.000000
vt 0.000000 -3.976268 0.000000
vt -0.209440 -3.976268 0.000000
vt -0.418879 -3.644912 0.000000
vt -0.418879 -3.976268 0.000000
vt -0.628319 -3.644912 0.000000
vt -0.628319 -3.976268 0.000000
vt -0.837758 -3.644912 0.000000
vt -0.837758 -3.976268 0.000000
vt -1.047198 -3.644912 0.000000
vt -1.047198 -3.976268 0.000000
vt -1.256637 -3.644912 0.000000
vt -1.256637 -3.976268 0.000000
vt -0.418879 -1.988134 0.000000
vt -0.418879 -2.319490 0.000000
vt -0.418879 -2.650845 0.000000
vt -0.418879 -2.982201 0.000000
vt -0.418879 -3.313557 0.000000
vt -0.628319 -1.988134 0.000000
vt -0.628319 -2.319490 0.000000
vt -0.628319 -2.650845 0.000000
vt -0.628319 -2.982201 0.000000
vt -0.628319 -3.313557 0.000000
vt -0.837758 -1.988134 0.000000
vt -0.837758 -2.319490 0.000000
vt -0.837758 -2.650845 0.000000
vt -0.837758 -2.982201 0.000000
vt -0.837758 -3.313557 0.000000
vt -1.047198 -1.988134 0.000000
vt -1.047198 -2.319490 0.000000
vt -1.047198 -2.650845 0.000000
vt -1.047198 -2.982201 0.000000
vt -1.047198 -3.313557 0.000000
vt -1.256637 -1.988134 0.000000
vt -1.256637 -2.319490 0.000000
vt -1.256637 -2.650845 0.000000
vt -1.256637 -2.982201 0.000000
vt -1.256637 -3.313557 0.000000
vt 1.125000 0.628319 0.000000
vt -0.375000 0.628319 0.000000
vt 1.125000 0.418879 0.000000
vt -0.375000 0.418879 0.000000
vt 1.125000 0.209440 0.000000
vt -0.375000 0.209440 0.000000
vt 1.125000 0.000000 0.000000
vt -0.375000 0.000000 0.000000
vt 1.125000 -0.209440 0.000000
vt -0.375000 -0.209440 0.000000
vt 1.125000 -0.418879 0.000000
vt -0.375000 -0.418879 0.000000
vt 1.125000 -0.628319 0.000000
vt -0.375000 -0.628319 0.000000
vt -1.400000 0.800000 0.000000
vt -0.000000 0.800000 0.000000
vt -1.400000 1.700000 0.000000
vt -0.000000 1.700000 0.000000
vt 1.075000 1.178097 0.000000
vt 0.175000 1.178097 0.000000
vt 1.075000 0.785398 0.000000
vt 0.175000 0.785398 0.000000
vt 1.075000 0.392699 0.000000
vt 0.175000 0.392699 0.000000
vt 1.075000 0.000000 0.000000
vt 0.175000 0.000000 0.000000
vt 1.075000 -0.392699 0.000000
vt 0.175000 -0.392699 0.000000
vt 1.075000 -0.785398 0.000000
vt 0.175000 -0.785398 0.000000
vt 1.075000 -1.178097 0.000000
vt 0.175000 -1.178097 0.000000
vt -0.450000 -0.750000 0.000000
vt 0.450000 -0.750000 0.000000
vt -0.450000 0.750000 0.000000
vt 0.450000 0.750000 0.000000
vt -1.400000 -0.628319 0.000000
vt -0.000000 -0.628319 0.000000
vt -1.400000 -0.418879 0.000000
vt -0.000000 -0.418879 0.000000
vt -1.400000 -0.209440 0.000000
vt -0.000000 -0.209440 0.000000
vt -1.400000 0.000000 0.000000
vt -0.000000 0.000000 0.000000
vt -1.400000 0.209440 0.000000
vt -0.000000 0.209440 0.000000
vt -1.400000 0.418879 0.000000
vt -0.000000 0.418879 0.000000
vt -1.400000 0.628319 0.000000
vt -0.000000 0.628319 0.000000
vt -1.256637 -1.988134 0.000000
vt -1.047198 -1.988134 0.000000
vt -1.256637 -1.656778 0.000000
vt -1.047198 -1.656778 0.000000
vt -1.256637 -1.325423 0.000000
vt -1.047198 -1.325423 0.000000
vt -1.256637 -0.994067 0.000000
vt -1.047198 -0.994067 0.000000
vt -1.256637 -0.662711 0.000000
vt -1.047198 -0.662711 0.000000
vt -1.256637 -0.331356 0.000000
vt -1.047198 -0.331356 0.000000
vt -1.256637 -0.000000 0.000000
vt -1.047198 -0.000000 0.000000
vt -0.837758 -0.331356 0.000000
vt -0.837758 -0.000000 0.000000
vt -0.628319 -0.331356 0.000000
vt -0.628319 -0.000000 0.000000
vt -0.418879 -0.331356 0.000000
vt -0.418879 -0.000000 0.000000
vt -0.209440 -0.331356 0.000000
vt -0.209440 -0.000000 0.000000
vt 0.000000 -0.331356 0.000000
vt 0.000000 -0.000000 0.000000
vt -0.837758 -1.988134 0.000000
vt -0.837758 -1.656778 0.000000
vt -0.837758 -1.325423 0.000000
vt -0.837758 -0.994067 0.000000
vt -0.837758 -0.662711 0.000000
vt -0.628319 -1.988134 0.000000
vt -0.628319 -1.656778 0.000000
vt -0.628319 -1.325423 0.000000
vt -0.628319 -0.994067 0.000000
vt -0.628319 -0.662711 0.000000
vt -0.418879 -1.988134 0.000000
vt -0.418879 -1.656778 0.000000
vt -0.418879 -1.325423 0.000000
vt -0.418879 -0.994067 0.000000
vt -0.418879 -0.662711 0.000000
vt -0.209440 -1.988134 0.000000
vt -0.209440 -1.656778 0.000000
vt -0.209440 -1.325423 0.000000
vt -0.209440 -0.994067 0.000000
vt -0.209440 -0.662711 0.000000
vt 0.000000 -1.988134 0.000000
vt 0.000000 -1.656778 0.000000
vt 0.000000 -1.325423 0.000000
vt 0.000000 -0.994067 0.000000
vt 0.000000 -0.662711 0.000000
vt -0.375000 -0.628319 0.000000
vt 1.125000 -0.628319 0.000000
vt -0.375000 -0.418879 0.000000
vt 1.125000 -0.418879 0.000000
vt -0.375000 -0.209440 0.000000
vt 1.125000 -0.209440 0.000000
vt -0.375000 0.000000 0.000000
vt 1.125000 0.000000 0.000000
vt -0.375000 0.209440 0.000000
vt 1.125000 0.209440 0.000000
vt -0.375000 0.418879 0.000000
vt 1.125000 0.418879 0.000000
vt -0.375000 0.628319 0.000000
vt 1.125000 0.628319 0.000000
vt 197.277778 -0.628319 0.000000
vt 208.500000 -0.628319 0.000000
vt 204.011111 -0.418879 0.000000
vt 208.500000 -0.418879 0.000000
vt 204.011111 -0.209440 0.000000
vt 208.500000 -0.209440 0.000000
vt 204.011111 0.000000 0.000000
vt 208.500000 0.000000 0.000000
vt 204.011111 0.209440 0.000000
vt 208.500000 0.209440 0.000000
vt 204.011111 0.418879 0.000000
vt 208.500000 0.418879 0.000000
vt 208.500000 0.628319 0.000000
vt 197.277778 0.628319 0.000000
vt 199.522222 0.418879 0.000000
vt 199.522222 0.209440 0.000000
vt 199.522222 0.000000 0.000000
vt 199.522222 -0.209440 0.000000
vt 199.522222 -0.418879 0.000000
vt 195.033333 -0.418879 0.000000
vt 190.544444 -0.418879 0.000000
vt 190.544444 -0.209440 0.000000
vt 186.055556 -0.209440 0.000000
vt 186.055556 0.000000 0.000000
vt 181.566667 0.000000 0.000000
vt 181.566667 0.209440 0.000000
vt 177.077778 0.209440 0.000000
vt 177.077778 0.418879 0.000000
vt 172.588889 0.418879 0.000000
vt 174.833333 0.628319 0.000000
vt 168.100000 0.418879 0.000000
vt 163.611111 0.628319 0.000000
vt 163.611111 0.418879 0.000000
vt 159.122222 0.418879 0.000000
vt 163.611111 0.209440 0.000000
vt 159.122222 0.209440 0.000000
vt 163.611111 0.000000 0.000000
vt 159.122222 0.000000 0.000000
vt 163.611111 -0.209440 0.000000
vt 159.122222 -0.209440 0.000000
vt 163.611111 -0.418879 0.000000
vt 159.122222 -0.418879 0.000000
vt 163.611111 -0.628319 0.000000
vt 152.388889 -0.628319 0.000000
vt 154.633333 -0.418879 0.000000
vt 150.144444 -0.418879 0.000000
vt 150.144444 -0.209440 0.000000
vt 145.655556 -0.209440 0.000000
vt 145.655556 0.000000 0.000000
vt 141.166667 0.000000 0.000000
vt 141.166667 0.209440 0.000000
vt 136.677778 0.209440 0.000000
vt 136.677778 0.418879 0.000000
vt 132.188889 0.418879 0.000000
vt 129.944444 0.628319 0.000000
vt 127.700000 0.418879 0.000000
vt 123.211111 0.418879 0.000000
vt 127.700000 0.209440 0.000000
vt 123.211111 0.209440 0.000000
vt 127.700000 0.000000 0.000000
vt 123.211111 0.000000 0.000000
vt 127.700000 -0.209440 0.000000
vt 123.211111 -0.209440 0.000000
vt 127.700000 -0.418879 0.000000
vt 123.211111 -0.418879 0.000000
vt 129.944444 -0.628319 0.000000
vt 118.722222 -0.628319 0.000000
vt 118.722222 -0.418879 0.000000
vt 114.233333 -0.418879 0.000000
vt 114.233333 -0.209440 0.000000
vt 109.744444 -0.209440 0.000000
vt 109.744444 0.000000 0.000000
vt 105.255556 0.000000 0.000000
vt 105.255556 0.209440 0.000000
vt 100.766667 0.209440 0.000000
vt 100.766667 0.418879 0.000000
vt 96.277778 0.418879 0.000000
vt 96.277778 0.628319 0.000000
vt 91.788889 0.418879 0.000000
vt 85.055556 0.628319 0.000000
vt 87.300000 0.418879 0.000000
vt 82.811111 0.418879 0.000000
vt 87.300000 0.209440 0.000000
vt 82.811111 0.209440 0.000000
vt 87.300000 0.000000 0.000000
vt 82.811111 0.000000 0.000000
vt 87.300000 -0.209440 0.000000
vt 82.811111 -0.209440 0.000000
vt 87.300000 -0.418879 0.000000
vt 82.811111 -0.418879 0.000000
vt 85.055556 -0.628319 0.000000
vt 78.322222 -0.418879 0.000000
vt 73.833333 -0.628319 0.000000
vt 73.833333 -0.418879 0.000000
vt 69.344444 -0.418879 0.000000
vt 69.344444 -0.209440 0.000000
vt 64.855556 -0.209440 0.000000
vt 64.855556 0.000000 0.000000
vt 60.366667 0.000000 0.000000
vt 60.366667 0.209440 0.000000
vt 55.877778 0.209440 0.000000
vt 55.877778 0.418879 0.000000
vt 51.388889 0.418879 0.000000
vt 51.388889 0.628319 0.000000
vt 46.900000 0.418879 0.000000
vt 40.166667 0.628319 0.000000
vt 42.411111 0.418879 0.000000
vt 37.922222 0.418879 0.000000
vt 42.411111 0.209440 0.000000
vt 37.922222 0.209440 0.000000
vt 42.411111 0.000000 0.000000
vt 37.922222 0.000000 0.000000
vt 42.411111 -0.209440 0.000000
vt 37.922222 -0.209440 0.000000
vt 42.411111 -0.418879 0.000000
vt 37.922222 -0.418879 0.000000
vt 40.166667 -0.628319 0.000000
vt 33.433333 -0.418879 0.000000
vt 28.944444 -0.628319 0.000000
vt 28.944444 -0.418879 0.000000
vt 24.455556 -0.418879 0.000000
vt 24.455556 -0.209440 0.000000
vt 19.966667 -0.209440 0.000000
vt 19.966667 0.000000 0.000000
vt 15.477778 0.000000 0.000000
vt 15.477778 0.209440 0.000000
vt 10.988889 0.209440 0.000000
vt 10.988889 0.418879 0.000000
vt 6.500000 0.418879 0.000000
vt 6.500000 0.628319 0.000000
vt 17.722222 0.628319 0.000000
vt 15.477778 0.418879 0.000000
vt 19.966667 0.418879 0.000000
vt 19.966667 0.209440 0.000000
vt 24.455556 0.209440 0.000000
vt 24.455556 0.000000 0.000000
vt 28.944444 0.000000 0.000000
vt 28.944444 -0.209440 0.000000
vt 33.433333 -0.209440 0.000000
vt 186.055556 0.628319 0.000000
vt 190.544444 0.418879 0.000000
vt 195.033333 0.418879 0.000000
vt 181.566667 0.418879 0.000000
vt 186.055556 0.418879 0.000000
vt 190.544444 0.209440 0.000000
vt 195.033333 0.209440 0.000000
vt 195.033333 0.000000 0.000000
vt 152.388889 0.628319 0.000000
vt 154.633333 0.418879 0.000000
vt 154.633333 0.209440 0.000000
vt 154.633333 0.000000 0.000000
vt 154.633333 -0.209440 0.000000
vt 141.166667 0.628319 0.000000
vt 145.655556 0.418879 0.000000
vt 150.144444 0.418879 0.000000
vt 141.166667 0.418879 0.000000
vt 145.655556 0.209440 0.000000
vt 150.144444 0.209440 0.000000
vt 150.144444 0.000000 0.000000
vt 118.722222 0.628319 0.000000
vt 118.722222 0.418879 0.000000
vt 118.722222 0.209440 0.000000
vt 118.722222 0.000000 0.000000
vt 118.722222 -0.209440 0.000000
vt 114.233333 0.418879 0.000000
vt 107.500000 0.628319 0.000000
vt 109.744444 0.418879 0.000000
vt 105.255556 0.418879 0.000000
vt 109.744444 0.209440 0.000000
vt 78.322222 0.418879 0.000000
vt 73.833333 0.628319 0.000000
vt 73.833333 0.418879 0.000000
vt 69.344444 0.418879 0.000000
vt 73.833333 0.209440 0.000000
vt 69.344444 0.209440 0.000000
vt 73.833333 0.000000 0.000000
vt 69.344444 0.000000 0.000000
vt 73.833333 -0.209440 0.000000
vt 62.611111 0.628319 0.000000
vt 64.855556 0.418879 0.000000
vt 64.855556 0.209440 0.000000
vt 60.366667 0.418879 0.000000
vt 33.433333 0.418879 0.000000
vt 28.944444 0.628319 0.000000
vt 28.944444 0.418879 0.000000
vt 24.455556 0.418879 0.000000
vt 28.944444 0.209440 0.000000
vt 6.500000 0.209440 0.000000
vt 10.988889 0.000000 0.000000
vt 15.477778 -0.209440 0.000000
vt 19.966667 -0.418879 0.000000
vt 17.722222 -0.628319 0.000000
vt 6.500000 0.000000 0.000000
vt 10.988889 -0.209440 0.000000
vt 15.477778 -0.418879 0.000000
vt 6.500000 -0.209440 0.000000
vt 10.988889 -0.418879 0.000000
vt 6.500000 -0.418879 0.000000
vt 6.500000 -0.628319 0.000000
vt 46.900000 -0.418879 0.000000
vt 51.388889 -0.628319 0.000000
vt 51.388889 -0.418879 0.000000
vt 55.877778 -0.418879 0.000000
vt 51.388889 -0.209440 0.000000
vt 55.877778 -0.209440 0.000000
vt 51.388889 0.000000 0.000000
vt 55.877778 0.000000 0.000000
vt 51.388889 0.209440 0.000000
vt 62.611111 -0.628319 0.000000
vt 60.366667 -0.418879 0.000000
vt 60.366667 -0.209440 0.000000
vt 64.855556 -0.418879 0.000000
vt 91.788889 -0.418879 0.000000
vt 96.277778 -0.628319 0.000000
vt 96.277778 -0.418879 0.000000
vt 100.766667 -0.418879 0.000000
vt 96.277778 -0.209440 0.000000
vt 100.766667 -0.209440 0.000000
vt 96.277778 0.000000 0.000000
vt 100.766667 0.000000 0.000000
vt 96.277778 0.209440 0.000000
vt 107.500000 -0.628319 0.000000
vt 105.255556 -0.418879 0.000000
vt 105.255556 -0.209440 0.000000
vt 109.744444 -0.418879 0.000000
vt 141.166667 -0.628319 0.000000
vt 136.677778 -0.418879 0.000000
vt 132.188889 -0.418879 0.000000
vt 145.655556 -0.418879 0.000000
vt 141.166667 -0.418879 0.000000
vt 136.677778 -0.209440 0.000000
vt 132.188889 -0.209440 0.000000
vt 132.188889 0.000000 0.000000
vt 168.100000 -0.418879 0.000000
vt 174.833333 -0.628319 0.000000
vt 172.588889 -0.418879 0.000000
vt 177.077778 -0.418879 0.000000
vt 172.588889 -0.209440 0.000000
vt 177.077778 -0.209440 0.000000
vt 172.588889 0.000000 0.000000
vt 177.077778 0.000000 0.000000
vt 172.588889 0.209440 0.000000
vt 181.566667 -0.418879 0.000000
vt 186.055556 -0.628319 0.000000
vt 186.055556 -0.418879 0.000000
vt 195.033333 -0.209440 0.000000
vt 181.566667 -0.209440 0.000000
vt 168.100000 -0.209440 0.000000
vt 168.100000 0.000000 0.000000
vt 168.100000 0.209440 0.000000
vt 141.166667 -0.209440 0.000000
vt 91.788889 -0.209440 0.000000
vt 91.788889 0.000000 0.000000
vt 91.788889 0.209440 0.000000
vt 78.322222 -0.209440 0.000000
vt 78.322222 0.000000 0.000000
vt 78.322222 0.209440 0.000000
vt 46.900000 -0.209440 0.000000
vt 46.900000 0.000000 0.000000
vt 46.900000 0.209440 0.000000
vt 190.544444 0.000000 0.000000
vt 186.055556 0.209440 0.000000
vt 136.677778 0.000000 0.000000
vt 114.233333 0.000000 0.000000
vt 114.233333 0.209440 0.000000
vt 33.433333 0.000000 0.000000
vt 33.433333 0.209440 0.000000
vt 132.188889 0.209440 0.000000
vt 208.500000 1.700000 0.000000
vt 197.277778 1.700000 0.000000
vt 208.500000 0.800000 0.000000
vt 197.277778 0.800000 0.000000
vt 186.055556 1.700000 0.000000
vt 186.055556 0.800000 0.000000
vt 174.833333 1.700000 0.000000
vt 174.833333 0.800000 0.000000
vt 163.611111 1.700000 0.000000
vt 163.611111 0.800000 0.000000
vt 152.388889 1.700000 0.000000
vt 152.388889 0.800000 0.000000
vt 141.166667 1.700000 0.000000
vt 141.166667 0.800000 0.000000
vt 129.944444 1.700000 0.000000
vt 129.944444 0.800000 0.000000
vt 118.722222 1.700000 0.000000
vt 118.722222 0.800000 0.000000
vt 107.500000 1.700000 0.000000
vt 107.500000 0.800000 0.000000
vt 96.277778 1.700000 0.000000
vt 96.277778 0.800000 0.000000
vt 85.055556 1.700000 0.000000
vt 85.055556 0.800000 0.000000
vt 73.833333 1.700000 0.000000
vt 73.833333 0.800000 0.000000
vt 62.611111 1.700000 0.000000
vt 62.611111 0.800000 0.000000
vt 51.388889 1.700000 0.000000
vt 51.388889 0.800000 0.000000
vt 40.166667 1.700000 0.000000
vt 40.166667 0.800000 0.000000
vt 28.944444 1.700000 0.000000
vt 28.944444 0.800000 0.000000
vt 17.722222 1.700000 0.000000
vt 17.722222 0.800000 0.000000
vt 6.500000 1.700000 0.000000
vt 6.500000 0.800000 0.000000
vt -2.407055 9.472741 0.000000
vt -2.407055 7.027259 0.000000
vt -2.200000 9.500000 0.000000
vt -2.200000 7.000000 0.000000
vt -1.500000 7.000000 0.000000
vt -2.600000 9.392820 0.000000
vt -3.000000 7.800000 0.000000
vt -2.600000 7.107180 0.000000
vt -3.000000 8.700000 0.000000
vt -2.765685 9.265686 0.000000
vt -2.892820 9.100000 0.000000
vt -2.972741 8.907055 0.000000
vt -2.972741 7.592945 0.000000
vt -2.892820 7.400000 0.000000
vt -2.765685 7.234315 0.000000
vt -1.500000 9.500000 0.000000
vt -17.722222 -0.628319 0.000000
vt -6.500000 -0.628319 0.000000
vt -10.988889 -0.418879 0.000000
vt -6.500000 -0.418879 0.000000
vt -10.988889 -0.209440 0.000000
vt -6.500000 -0.209440 0.000000
vt -10.988889 0.000000 0.000000
vt -6.500000 0.000000 0.000000
vt -10.988889 0.209440 0.000000
vt -6.500000 0.209440 0.000000
vt -10.988889 0.418879 0.000000
vt -6.500000 0.418879 0.000000
vt -6.500000 0.628319 0.000000
vt -17.722222 0.628319 0.000000
vt -15.477778 0.418879 0.000000
vt -15.477778 0.209440 0.000000
vt -15.477778 0.000000 0.000000
vt -15.477778 -0.209440 0.000000
vt -15.477778 -0.418879 0.000000
vt -19.966667 -0.418879 0.000000
vt -24.455556 -0.418879 0.000000
vt -24.455556 -0.209440 0.000000
vt -28.944444 -0.209440 0.000000
vt -28.944444 0.000000 0.000000
vt -33.433333 0.000000 0.000000
vt -33.433333 0.209440 0.000000
vt -37.922222 0.209440 0.000000
vt -37.922222 0.418879 0.000000
vt -42.411111 0.418879 0.000000
vt -40.166667 0.628319 0.000000
vt -46.900000 0.418879 0.000000
vt -51.388889 0.628319 0.000000
vt -51.388889 0.418879 0.000000
vt -55.877778 0.418879 0.000000
vt -51.388889 0.209440 0.000000
vt -55.877778 0.209440 0.000000
vt -51.388889 0.000000 0.000000
vt -55.877778 0.000000 0.000000
vt -51.388889 -0.209440 0.000000
vt -55.877778 -0.209440 0.000000
vt -51.388889 -0.418879 0.000000
vt -55.877778 -0.418879 0.000000
vt -51.388889 -0.628319 0.000000
vt -62.611111 -0.628319 0.000000
vt -60.366667 -0.418879 0.000000
vt -64.855556 -0.418879 0.000000
vt -64.855556 -0.209440 0.000000
vt -69.344444 -0.209440 0.000000
vt -69.344444 0.000000 0.000000
vt -73.833333 0.000000 0.000000
vt -73.833333 0.209440 0.000000
vt -78.322222 0.209440 0.000000
vt -78.322222 0.418879 0.000000
vt -82.811111 0.418879 0.000000
vt -85.055556 0.628319 0.000000
vt -87.300000 0.418879 0.000000
vt -91.788889 0.418879 0.000000
vt -87.300000 0.209440 0.000000
vt -91.788889 0.209440 0.000000
vt -87.300000 0.000000 0.000000
vt -91.788889 0.000000 0.000000
vt -87.300000 -0.209440 0.000000
vt -91.788889 -0.209440 0.000000
vt -87.300000 -0.418879 0.000000
vt -91.788889 -0.418879 0.000000
vt -85.055556 -0.628319 0.000000
vt -96.277778 -0.628319 0.000000
vt -96.277778 -0.418879 0.000000
vt -100.766667 -0.418879 0.000000
vt -100.766667 -0.209440 0.000000
vt -105.255556 -0.209440 0.000000
vt -105.255556 0.000000 0.000000
vt -109.744444 0.000000 0.000000
vt -109.744444 0.209440 0.000000
vt -114.233333 0.209440 0.000000
vt -114.233333 0.418879 0.000000
vt -118.722222 0.418879 0.000000
vt -118.722222 0.628319 0.000000
vt -123.211111 0.418879 0.000000
vt -129.944444 0.628319 0.000000
vt -127.700000 0.418879 0.000000
vt -132.188889 0.418879 0.000000
vt -127.700000 0.209440 0.000000
vt -132.188889 0.209440 0.000000
vt -127.700000 0.000000 0.000000
vt -132.188889 0.000000 0.000000
vt -127.700000 -0.209440 0.000000
vt -132.188889 -0.209440 0.000000
vt -127.700000 -0.418879 0.000000
vt -132.188889 -0.418879 0.000000
vt -129.944444 -0.628319 0.000000
vt -136.677778 -0.418879 0.000000
vt -141.166667 -0.628319 0.000000
vt -141.166667 -0.418879 0.000000
vt -145.655556 -0.418879 0.000000
vt -145.655556 -0.209440 0.000000
vt -150.144444 -0.209440 0.000000
vt -150.144444 0.000000 0.000000
vt -154.633333 0.000000 0.000000
vt -154.633333 0.209440 0.000000
vt -159.122222 0.209440 0.000000
vt -159.122222 0.418879 0.000000
vt -163.611111 0.418879 0.000000
vt -163.611111 0.628319 0.000000
vt -168.100000 0.418879 0.000000
vt -174.833333 0.628319 0.000000
vt -172.588889 0.418879 0.000000
vt -177.077778 0.418879 0.000000
vt -172.588889 0.209440 0.000000
vt -177.077778 0.209440 0.000000
vt -172.588889 0.000000 0.000000
vt -177.077778 0.000000 0.000000
vt -172.588889 -0.209440 0.000000
vt -177.077778 -0.209440 0.000000
vt -172.588889 -0.418879 0.000000
vt -177.077778 -0.418879 0.000000
vt -174.833333 -0.628319 0.000000
vt -181.566667 -0.418879 0.000000
vt -186.055556 -0.628319 0.000000
vt -186.055556 -0.418879 0.000000
vt -190.544444 -0.418879 0.000000
vt -190.544444 -0.209440 0.000000
vt -195.033333 -0.209440 0.000000
vt -195.033333 0.000000 0.000000
vt -199.522222 0.000000 0.000000
vt -199.522222 0.209440 0.000000
vt -204.011111 0.209440 0.000000
vt -204.011111 0.418879 0.000000
vt -208.500000 0.418879 0.000000
vt -208.500000 0.628319 0.000000
vt -197.277778 0.628319 0.000000
vt -199.522222 0.418879 0.000000
vt -195.033333 0.418879 0.000000
vt -195.033333 0.209440 0.000000
vt -190.544444 0.209440 0.000000
vt -190.544444 0.000000 0.000000
vt -186.055556 0.000000 0.000000
vt -186.055556 -0.209440 0.000000
vt -181.566667 -0.209440 0.000000
vt -28.944444 0.628319 0.000000
vt -24.455556 0.418879 0.000000
vt -19.966667 0.418879 0.000000
vt -33.433333 0.418879 0.000000
vt -28.944444 0.418879 0.000000
vt -24.455556 0.209440 0.000000
vt -19.966667 0.209440 0.000000
vt -19.966667 0.000000 0.000000
vt -62.611111 0.628319 0.000000
vt -60.366667 0.418879 0.000000
vt -60.366667 0.209440 0.000000
vt -60.366667 0.000000 0.000000
vt -60.366667 -0.209440 0.000000
vt -73.833333 0.628319 0.000000
vt -69.344444 0.418879 0.000000
vt -64.855556 0.418879 0.000000
vt -73.833333 0.418879 0.000000
vt -69.344444 0.209440 0.000000
vt -64.855556 0.209440 0.000000
vt -64.855556 0.000000 0.000000
vt -96.277778 0.628319 0.000000
vt -96.277778 0.418879 0.000000
vt -96.277778 0.209440 0.000000
vt -96.277778 0.000000 0.000000
vt -96.277778 -0.209440 0.000000
vt -100.766667 0.418879 0.000000
vt -107.500000 0.628319 0.000000
vt -105.255556 0.418879 0.000000
vt -109.744444 0.418879 0.000000
vt -105.255556 0.209440 0.000000
vt -136.677778 0.418879 0.000000
vt -141.166667 0.628319 0.000000
vt -141.166667 0.418879 0.000000
vt -145.655556 0.418879 0.000000
vt -141.166667 0.209440 0.000000
vt -145.655556 0.209440 0.000000
vt -141.166667 0.000000 0.000000
vt -145.655556 0.000000 0.000000
vt -141.166667 -0.209440 0.000000
vt -152.388889 0.628319 0.000000
vt -150.144444 0.418879 0.000000
vt -150.144444 0.209440 0.000000
vt -154.633333 0.418879 0.000000
vt -181.566667 0.418879 0.000000
vt -186.055556 0.628319 0.000000
vt -186.055556 0.418879 0.000000
vt -190.544444 0.418879 0.000000
vt -186.055556 0.209440 0.000000
vt -208.500000 0.209440 0.000000
vt -204.011111 0.000000 0.000000
vt -199.522222 -0.209440 0.000000
vt -195.033333 -0.418879 0.000000
vt -197.277778 -0.628319 0.000000
vt -208.500000 0.000000 0.000000
vt -204.011111 -0.209440 0.000000
vt -199.522222 -0.418879 0.000000
vt -208.500000 -0.209440 0.000000
vt -204.011111 -0.418879 0.000000
vt -208.500000 -0.418879 0.000000
vt -208.500000 -0.628319 0.000000
vt -168.100000 -0.418879 0.000000
vt -163.611111 -0.628319 0.000000
vt -163.611111 -0.418879 0.000000
vt -159.122222 -0.418879 0.000000
vt -163.611111 -0.209440 0.000000
vt -159.122222 -0.209440 0.000000
vt -163.611111 0.000000 0.000000
vt -159.122222 0.000000 0.000000
vt -163.611111 0.209440 0.000000
vt -152.388889 -0.628319 0.000000
vt -154.633333 -0.418879 0.000000
vt -154.633333 -0.209440 0.000000
vt -150.144444 -0.418879 0.000000
vt -123.211111 -0.418879 0.000000
vt -118.722222 -0.628319 0.000000
vt -118.722222 -0.418879 0.000000
vt -114.233333 -0.418879 0.000000
vt -118.722222 -0.209440 0.000000
vt -114.233333 -0.209440 0.000000
vt -118.722222 0.000000 0.000000
vt -114.233333 0.000000 0.000000
vt -118.722222 0.209440 0.000000
vt -107.500000 -0.628319 0.000000
vt -109.744444 -0.418879 0.000000
vt -109.744444 -0.209440 0.000000
vt -105.255556 -0.418879 0.000000
vt -73.833333 -0.628319 0.000000
vt -78.322222 -0.418879 0.000000
vt -82.811111 -0.418879 0.000000
vt -69.344444 -0.418879 0.000000
vt -73.833333 -0.418879 0.000000
vt -78.322222 -0.209440 0.000000
vt -82.811111 -0.209440 0.000000
vt -82.811111 0.000000 0.000000
vt -46.900000 -0.418879 0.000000
vt -40.166667 -0.628319 0.000000
vt -42.411111 -0.418879 0.000000
vt -37.922222 -0.418879 0.000000
vt -42.411111 -0.209440 0.000000
vt -37.922222 -0.209440 0.000000
vt -42.411111 0.000000 0.000000
vt -37.922222 0.000000 0.000000
vt -42.411111 0.209440 0.000000
vt -33.433333 -0.418879 0.000000
vt -28.944444 -0.628319 0.000000
vt -28.944444 -0.418879 0.000000
vt -19.966667 -0.209440 0.000000
vt -33.433333 -0.209440 0.000000
vt -46.900000 -0.209440 0.000000
vt -46.900000 0.000000 0.000000
vt -46.900000 0.209440 0.000000
vt -73.833333 -0.209440 0.000000
vt -123.211111 -0.209440 0.000000
vt -123.211111 0.000000 0.000000
vt -123.211111 0.209440 0.000000
vt -136.677778 -0.209440 0.000000
vt -136.677778 0.000000 0.000000
vt -136.677778 0.209440 0.000000
vt -168.100000 -0.209440 0.000000
vt -168.100000 0.000000 0.000000
vt -168.100000 0.209440 0.000000
vt -24.455556 0.000000 0.000000
vt -28.944444 0.209440 0.000000
vt -78.322222 0.000000 0.000000
vt -100.766667 0.000000 0.000000
vt -100.766667 0.209440 0.000000
vt -181.566667 0.000000 0.000000
vt -181.566667 0.209440 0.000000
vt -82.811111 0.209440 0.000000
vt -2.407055 9.472741 0.000000
vt -2.407055 7.027259 0.000000
vt -2.200000 9.500000 0.000000
vt -2.200000 7.000000 0.000000
vt -1.500000 7.000000 0.000000
vt -2.600000 9.392820 0.000000
vt -3.000000 7.800000 0.000000
vt -2.600000 7.107180 0.000000
vt -3.000000 8.700000 0.000000
vt -2.765685 9.265686 0.000000
vt -2.892820 9.100000 0.000000
vt -2.972741 8.907055 0.000000
vt -2.972741 7.592945 0.000000
vt -2.892820 7.400000 0.000000
vt -2.765685 7.234315 0.000000
vt -1.500000 9.500000 0.000000
vt -2.500000 213.000000 0.000000
vt -0.000000 213.000000 0.000000
vt -2.500000 215.000000 0.000000
vt -0.000000 215.000000 0.000000
vt -0.027259 8.907055 0.000000
vt -0.107180 9.100000 0.000000
vt 0.000000 8.700000 0.000000
vt -0.234315 9.265686 0.000000
vt -0.400000 9.392820 0.000000
vt 0.000000 7.800000 0.000000
vt -0.592945 9.472741 0.000000
vt -0.400000 7.107180 0.000000
vt -0.592945 7.027259 0.000000
vt -0.800000 9.500000 0.000000
vt -0.800000 7.000000 0.000000
vt -1.500000 7.000000 0.000000
vt -1.500000 9.500000 0.000000
vt -0.234315 7.234315 0.000000
vt -0.107180 7.400000 0.000000
vt -0.027259 7.592945 0.000000
vt 213.000000 1.700000 0.000000
vt 210.500000 1.700000 0.000000
vt 213.000000 0.800000 0.000000
vt 210.500000 0.800000 0.000000
vt -0.000000 210.500000 0.000000
vt -2.500000 210.500000 0.000000
vt -0.000000 208.500000 0.000000
vt -2.500000 208.500000 0.000000
vt 0.592945 9.472741 0.000000
vt 0.592945 7.027259 0.000000
vt 0.800000 9.500000 0.000000
vt 0.800000 7.000000 0.000000
vt 1.500000 7.000000 0.000000
vt 0.400000 9.392820 0.000000
vt -0.000000 7.800000 0.000000
vt 0.400000 7.107180 0.000000
vt -0.000000 8.700000 0.000000
vt 0.234315 9.265686 0.000000
vt 0.107180 9.100000 0.000000
vt 0.027259 8.907055 0.000000
vt 0.027259 7.592945 0.000000
vt 0.107180 7.400000 0.000000
vt 0.234315 7.234315 0.000000
vt 1.500000 9.500000 0.000000
vt -2.500000 4.500000 0.000000
vt -0.000000 4.500000 0.000000
vt -2.500000 6.500000 0.000000
vt -0.000000 6.500000 0.000000
vt 2.972741 8.907055 0.000000
vt 2.892820 9.100000 0.000000
vt 3.000000 8.700000 0.000000
vt 2.765685 9.265686 0.000000
vt 2.600000 9.392820 0.000000
vt 3.000000 7.800000 0.000000
vt 2.407055 9.472741 0.000000
vt 2.600000 7.107180 0.000000
vt 2.407055 7.027259 0.000000
vt 2.200000 9.500000 0.000000
vt 2.200000 7.000000 0.000000
vt 1.500000 7.000000 0.000000
vt 1.500000 9.500000 0.000000
vt 2.765685 7.234315 0.000000
vt 2.892820 7.400000 0.000000
vt 2.972741 7.592945 0.000000
vt 4.500000 1.700000 0.000000
vt 2.000000 1.700000 0.000000
vt 4.500000 0.800000 0.000000
vt 2.000000 0.800000 0.000000
vt 0.027259 7.592945 0.000000
vt 0.107180 7.400000 0.000000
vt -0.000000 7.800000 0.000000
vt 0.234315 7.234315 0.000000
vt 0.400000 7.107180 0.000000
vt 0.592945 9.472741 0.000000
vt 0.592945 7.027259 0.000000
vt 0.800000 9.500000 0.000000
vt 0.800000 7.000000 0.000000
vt 1.500000 7.000000 0.000000
vt 1.500000 9.500000 0.000000
vt 0.400000 9.392820 0.000000
vt -0.000000 8.700000 0.000000
vt 0.234315 9.265686 0.000000
vt 0.107180 9.100000 0.000000
vt 0.027259 8.907055 0.000000
vt -0.000000 2.000000 0.000000
vt -2.500000 2.000000 0.000000
vt -0.000000 0.000000 0.000000
vt -2.500000 0.000000 0.000000
vn 0.000000 0.000000 -1.000000
vn 0.000000 0.000000 -1.000000
vn 0.000000 -0.258819 -0.965926
vn 0.000000 -0.258819 -0.965926
vn 0.000000 -0.500000 -0.866025
vn 0.000000 -0.500000 -0.866025
vn 0.000000 -0.707107 -0.707107
vn 0.000000 -0.707107 -0.707107
vn 0.000000 -0.866025 -0.500000
vn 0.000000 -0.866025 -0.500000
vn 0.000000 -0.965926 -0.258819
vn 0.000000 -0.965926 -0.258819
vn 0.000000 -1.000000 -0.000000
vn 0.000000 -1.000000 -0.000000
vn 0.000000 -1.000000 0.000000
vn 0.000000 -1.000000 0.000000
vn 0.000000 -1.000000 0.000000
vn 0.000000 -1.000000 0.000000
vn 0.000000 -1.000000 0.000000
vn 0.000000 -1.000000 0.000000
vn 0.000000 -1.000000 0.000000
vn 0.000000 -1.000000 0.000000
vn 0.000000 -1.000000 0.000000
vn 0.000000 -1.000000 0.000000
vn 0.000000 -1.000000 0.000000
vn 0.000000 -1.000000 0.000000
vn 0.000000 -1.000000 0.000000
vn 0.000000 -1.000000 0.000000
vn 0.000000 -1.000000 0.000000
vn 0.000000 -1.000000 0.000000
vn 0.000000 -1.000000 0.000000
vn 0.000000 -1.000000 0.000000
vn 0.000000 -1.000000 0.000000
vn 0.000000 -1.000000 0.000000
vn 0.000000 -1.000000 0.000000
vn 0.000000 -1.000000 0.000000
vn 0.000000 -1.000000 0.000000
vn 0.000000 -1.000000 0.000000
vn 0.000000 -1.000000 0.000000
vn 0.000000 -1.000000 0.000000
vn 0.000000 -1.000000 0.000000
vn 0.000000 -1.000000 0.000000
vn 0.000000 -1.000000 0.000000
vn 0.000000 -1.000000 0.000000
vn 0.000000 -1.000000 0.000000
vn 0.000000 -1.000000 0.000000
vn 0.000000 -1.000000 0.000000
vn 0.000000 -1.000000 0.000000
vn 0.000000 -1.000000 0.000000
vn 0.000000 -1.000000 0.000000
vn 0.000000 -1.000000 0.000000
vn 0.000000 -1.000000 0.000000
vn 0.000000 -1.000000 0.000000
vn 0.000000 -1.000000 0.000000
vn 0.000000 -1.000000 0.000000
vn 0.000000 -1.000000 0.000000
vn 0.000000 -1.000000 0.000000
vn 0.000000 -1.000000 0.000000
vn 0.000000 -1.000000 0.000000
vn 0.000000 -1.000000 0.000000
vn 0.000000 -1.000000 0.000000
vn 0.000000 -1.000000 0.000000
vn 0.000000 -1.000000 0.000000
vn 0.000000 -1.000000 0.000000
vn 0.000000 -1.000000 0.000000
vn 0.000000 -1.000000 0.000000
vn 0.000000 -1.000000 0.000000
vn 0.000000 -1.000000 0.000000
vn 0.000000 -1.000000 0.000000
vn 0.000000 -1.000000 0.000000
vn 0.000000 -1.000000 0.000000
vn 0.000000 -1.000000 0.000000
vn 0.000000 -1.000000 0.000000
vn 0.000000 -1.000000 0.000000
vn 0.000000 -1.000000 0.000000
vn 0.000000 -1.000000 0.000000
vn 0.000000 -1.000000 0.000000
vn 0.000000 -1.000000 0.000000
vn 0.000000 -1.000000 0.000000
vn 0.000000 -1.000000 0.000000
vn -1.000000 -0.000000 -0.000000
vn -1.000000 -0.000000 -0.000000
vn -1.000000 -0.000000 -0.000000
vn -1.000000 -0.000000 -0.000000
vn -1.000000 -0.000000 -0.000000
vn -1.000000 -0.000000 -0.000000
vn -1.000000 -0.000000 -0.000000
vn -1.000000 -0.000000 -0.000000
vn -1.000000 -0.000000 -0.000000
vn -1.000000 -0.000000 -0.000000
vn -1.000000 -0.000000 -0.000000
vn -1.000000 -0.000000 -0.000000
vn -1.000000 -0.000000 -0.000000
vn -1.000000 -0.000000 -0.000000
vn -1.000000 -0.000000 -0.000000
vn -1.000000 -0.000000 -0.000000
vn 0.000000 0.000000 -1.000000
vn 0.000000 0.000000 -1.000000
vn 0.000000 0.258819 -0.965926
vn 0.000000 0.258819 -0.965926
vn 0.000000 0.500000 -0.866025
vn 0.000000 0.500000 -0.866025
vn 0.000000 0.707107 -0.707107
vn 0.000000 0.707107 -0.707107
vn 0.000000 0.866025 -0.500000
vn 0.000000 0.866025 -0.500000
vn 0.000000 0.965926 -0.258819
vn 0.000000 0.965926 -0.258819
vn 0.000000 1.000000 -0.000000
vn 0.000000 1.000000 -0.000000
vn 0.000000 1.000000 0.000000
vn 0.000000 1.000000 0.000000
vn 0.000000 1.000000 0.000000
vn 0.000000 1.000000 0.000000
vn 0.000000 1.000000 0.000000
vn 0.000000 1.000000 0.000000
vn 0.000000 1.000000 0.000000
vn 0.000000 1.000000 0.000000
vn 0.000000 1.000000 0.000000
vn 0.000000 1.000000 0.000000
vn 0.000000 1.000000 0.000000
vn 0.000000 1.000000 0.000000
vn 0.000000 1.000000 0.000000
vn 0.000000 1.000000 0.000000
vn 0.000000 1.000000 0.000000
vn 0.000000 1.000000 0.000000
vn 0.000000 1.000000 0.000000
vn 0.000000 1.000000 0.000000
vn 0.000000 1.000000 0.000000
vn 0.000000 1.000000 0.000000
vn 0.000000 1.000000 0.000000
vn 0.000000 1.000000 0.000000
vn 0.000000 1.000000 0.000000
vn 0.000000 1.000000 0.000000
vn 0.000000 1.000000 0.000000
vn 0.000000 1.000000 0.000000
vn 0.000000 1.000000 0.000000
vn 0.000000 1.000000 0.000000
vn 0.000000 1.000000 0.000000
vn 0.000000 1.000000 0.000000
vn 0.000000 1.000000 0.000000
vn 0.000000 1.000000 0.000000
vn 0.000000 1.000000 0.000000
vn 0.000000 1.000000 0.000000
vn 0.000000 1.000000 0.000000
vn 0.000000 1.000000 0.000000
vn 0.000000 1.000000 0.000000
vn 0.000000 1.000000 0.000000
vn 0.000000 1.000000 0.000000
vn 0.000000 1.000000 0.000000
vn 0.000000 1.000000 0.000000
vn 0.000000 1.000000 0.000000
vn 0.000000 1.000000 0.000000
vn 0.000000 1.000000 0.000000
vn 0.000000 1.000000 0.000000
vn 0.000000 1.000000 0.000000
vn 0.000000 1.000000 0.000000
vn 0.000000 1.000000 0.000000
vn 0.000000 1.000000 0.000000
vn 0.000000 1.000000 0.000000
vn 0.000000 1.000000 0.000000
vn 0.000000 1.000000 0.000000
vn 0.000000 1.000000 0.000000
vn 0.000000 1.000000 0.000000
vn 0.000000 1.000000 0.000000
vn 0.000000 1.000000 0.000000
vn 0.000000 1.000000 0.000000
vn 0.000000 1.000000 0.000000
vn 0.000000 1.000000 0.000000
vn 0.000000 1.000000 0.000000
vn 0.000000 1.000000 0.000000
vn 0.000000 1.000000 0.000000
vn 0.000000 1.000000 0.000000
vn 0.000000 1.000000 0.000000
vn 0.000000 1.000000 0.000000
vn 0.000000 1.000000 0.000000
vn 0.000000 0.000000 -1.000000
vn 0.000000 0.000000 -1.000000
vn 0.000000 -0.258819 -0.965926
vn 0.000000 -0.258819 -0.965926
vn 0.000000 -0.500000 -0.866025
vn 0.000000 -0.500000 -0.866025
vn 0.000000 -0.707107 -0.707107
vn 0.000000 -0.707107 -0.707107
vn 0.000000 -0.866025 -0.500000
vn 0.000000 -0.866025 -0.500000
vn 0.000000 -0.965926 -0.258819
vn 0.000000 -0.965926 -0.258819
vn -1.000000 0.000000 -0.000000
vn -1.000000 0.000000 -0.000000
vn -1.000000 0.000000 -0.000000
vn -1.000000 0.000000 -0.000000
vn -1.000000 0.000000 -0.000000
vn -1.000000 0.000000 -0.000000
vn -1.000000 0.000000 -0.000000
vn -1.000000 0.000000 -0.000000
vn -1.000000 0.000000 -0.000000
vn -1.000000 0.000000 -0.000000
vn -1.000000 0.000000 -0.000000
vn -1.000000 0.000000 -0.000000
vn -1.000000 0.000000 -0.000000
vn -1.000000 0.000000 -0.000000
vn -1.000000 0.000000 -0.000000
vn -1.000000 0.000000 -0.000000
vn 0.000000 0.000000 -1.000000
vn 0.000000 0.000000 -1.000000
vn 0.000000 0.258819 -0.965926
vn 0.000000 0.258819 -0.965926
vn 0.000000 0.500000 -0.866025
vn 0.000000 0.500000 -0.866025
vn 0.000000 0.707107 -0.707107
vn 0.000000 0.707107 -0.707107
vn 0.000000 0.866025 -0.500000
vn 0.000000 0.866025 -0.500000
vn 0.000000 0.965926 -0.258819
vn 0.000000 0.965926 -0.258819
vn 1.000000 0.000000 0.000000
vn 1.000000 0.000000 0.000000
vn 0.965926 -0.258819 0.000000
vn 0.965926 -0.258819 0.000000
vn 0.866025 -0.500000 0.000000
vn 0.866025 -0.500000 0.000000
vn 0.707107 -0.707107 0.000000
vn 0.707107 -0.707107 0.000000
vn 0.500000 -0.866025 0.000000
vn 0.500000 -0.866025 0.000000
vn 0.258819 -0.965926 0.000000
vn 0.258819 -0.965926 0.000000
vn 0.000000 -0.965926 -0.258819
vn 0.066987 -0.965926 -0.250000
vn 0.129410 -0.965926 -0.224144
vn 0.183013 -0.965926 -0.183013
vn 0.224144 -0.965926 -0.129410
vn 0.250000 -0.965926 -0.066987
vn 0.482963 -0.866025 -0.129410
vn 0.683013 -0.707107 -0.183013
vn 0.836516 -0.500000 -0.224144
vn 0.933013 -0.258819 -0.250000
vn 0.965926 0.000000 -0.258819
vn 0.000000 -0.866025 -0.500000
vn 0.129410 -0.866025 -0.482963
vn 0.250000 -0.866025 -0.433013
vn 0.353553 -0.866025 -0.353553
vn 0.433013 -0.866025 -0.250000
vn 0.000000 -0.707107 -0.707107
vn 0.183013 -0.707107 -0.683013
vn 0.353553 -0.707107 -0.612372
vn 0.500000 -0.707107 -0.500000
vn 0.612372 -0.707107 -0.353553
vn 0.000000 -0.500000 -0.866025
vn 0.224144 -0.500000 -0.836516
vn 0.433013 -0.500000 -0.750000
vn 0.612372 -0.500000 -0.612372
vn 0.750000 -0.500000 -0.433013
vn 0.000000 -0.258819 -0.965926
vn 0.250000 -0.258819 -0.933013
vn 0.482963 -0.258819 -0.836516
vn 0.683013 -0.258819 -0.683013
vn 0.836516 -0.258819 -0.482963
vn 0.000000 0.000000 -1.000000
vn 0.258819 0.000000 -0.965926
vn 0.500000 0.000000 -0.866025
vn 0.707107 0.000000 -0.707107
vn 0.866025 0.000000 -0.500000
vn 0.000000 -0.965926 -0.258819
vn 0.000000 -0.866025 -0.500000
vn 0.000000 -0.707107 -0.707107
vn 0.000000 -0.500000 -0.866025
vn 0.000000 -0.258819 -0.965926
vn 0.000000 0.000000 -1.000000
vn 0.000000 0.000000 -1.000000
vn 0.000000 0.000000 -1.000000
vn 1.000000 0.000000 -0.000000
vn 0.965926 0.000000 -0.258819
vn 0.866025 0.000000 -0.500000
vn 0.707107 0.000000 -0.707107
vn 0.500000 0.000000 -0.866025
vn 0.258819 0.000000 -0.965926
vn 1.000000 0.000000 0.000000
vn 0.000000 0.000000 1.000000
vn 0.000000 0.000000 1.000000
vn 0.000000 0.000000 1.000000
vn 0.000000 0.000000 1.000000
vn 0.000000 0.000000 1.000000
vn 0.000000 0.000000 1.000000
vn 0.000000 0.000000 1.000000
vn 0.000000 0.000000 1.000000
vn 0.000000 0.000000 1.000000
vn 0.000000 0.000000 1.000000
vn 0.000000 0.000000 1.000000
vn 0.000000 0.000000 1.000000
vn 0.000000 0.000000 1.000000
vn 0.000000 0.000000 1.000000
vn 0.000000 0.000000 1.000000
vn 0.000000 0.000000 1.000000
vn 0.000000 0.000000 1.000000
vn 0.000000 0.000000 1.000000
vn 0.000000 0.000000 1.000000
vn 0.000000 0.000000 1.000000
vn 0.000000 0.000000 1.000000
vn 0.000000 0.000000 1.000000
vn 0.000000 0.000000 1.000000
vn 0.000000 0.000000 1.000000
vn 0.000000 0.000000 1.000000
vn 0.000000 0.000000 1.000000
vn 0.000000 0.000000 1.000000
vn 0.000000 0.000000 1.000000
vn 0.000000 0.000000 1.000000
vn 0.000000 0.000000 1.000000
vn 0.000000 0.000000 1.000000
vn 0.000000 0.000000 1.000000
vn 0.000000 0.000000 1.000000
vn 0.000000 0.000000 1.000000
vn 0.000000 0.000000 1.000000
vn 0.000000 0.000000 1.000000
vn 0.000000 0.000000 1.000000
vn 0.000000 0.000000 1.000000
vn 0.000000 0.000000 1.000000
vn 0.000000 0.000000 1.000000
vn 0.000000 0.000000 1.000000
vn 0.000000 0.000000 1.000000
vn 0.000000 0.000000 1.000000
vn 0.000000 0.000000 1.000000
vn 0.000000 0.000000 1.000000
vn 0.000000 0.000000 1.000000
vn 0.000000 0.000000 1.000000
vn 0.000000 0.000000 1.000000
vn 0.000000 0.000000 1.000000
vn 0.000000 0.000000 1.000000
vn 0.000000 0.000000 1.000000
vn 0.000000 0.000000 1.000000
vn 0.000000 0.000000 1.000000
vn 0.000000 0.000000 1.000000
vn 0.000000 0.000000 1.000000
vn 0.000000 0.000000 1.000000
vn 0.000000 0.000000 1.000000
vn 0.000000 0.000000 1.000000
vn 0.000000 0.000000 1.000000
vn 0.000000 0.000000 1.000000
vn 0.000000 0.000000 1.000000
vn 0.000000 0.000000 1.000000
vn 0.000000 0.000000 1.000000
vn 0.000000 0.000000 1.000000
vn 0.000000 0.000000 1.000000
vn 0.000000 0.000000 1.000000
vn 0.258819 0.965926 0.000000
vn 0.258819 0.965926 0.000000
vn 0.500000 0.866025 0.000000
vn 0.500000 0.866025 0.000000
vn 0.707107 0.707107 0.000000
vn 0.707107 0.707107 0.000000
vn 0.866025 0.500000 0.000000
vn 0.866025 0.500000 0.000000
vn 0.965926 0.258819 0.000000
vn 0.965926 0.258819 0.000000
vn -0.000000 0.258819 -0.965926
vn 0.250000 0.258819 -0.933013
vn 0.482963 0.258819 -0.836516
vn 0.683013 0.258819 -0.683013
vn 0.836516 0.258819 -0.482963
vn 0.933013 0.258819 -0.250000
vn 0.836516 0.500000 -0.224144
vn 0.683013 0.707107 -0.183013
vn 0.482963 0.866025 -0.129410
vn 0.250000 0.965926 -0.066987
vn -0.000000 0.500000 -0.866025
vn 0.224144 0.500000 -0.836516
vn 0.433013 0.500000 -0.750000
vn 0.612372 0.500000 -0.612372
vn 0.750000 0.500000 -0.433013
vn -0.000000 0.707107 -0.707107
vn 0.183013 0.707107 -0.683013
vn 0.353553 0.707107 -0.612372
vn 0.500000 0.707107 -0.500000
vn 0.612372 0.707107 -0.353553
vn -0.000000 0.866025 -0.500000
vn 0.129410 0.866025 -0.482963
vn 0.250000 0.866025 -0.433013
vn 0.353553 0.866025 -0.353553
vn 0.433013 0.866025 -0.250000
vn -0.000000 0.965926 -0.258819
vn 0.066987 0.965926 -0.250000
vn 0.129410 0.965926 -0.224144
vn 0.183013 0.965926 -0.183013
vn 0.224144 0.965926 -0.129410
vn 0.000000 0.258819 -0.965926
vn 0.000000 0.500000 -0.866025
vn 0.000000 0.707107 -0.707107
vn 0.000000 0.866025 -0.500000
vn 0.000000 0.965926 -0.258819
vn 0.000000 0.965926 -0.258819
vn 0.000000 0.965926 -0.258819
vn 0.000000 0.866025 -0.500000
vn 0.000000 0.866025 -0.500000
vn 0.000000 0.707107 -0.707107
vn 0.000000 0.707107 -0.707107
vn 0.000000 0.500000 -0.866025
vn 0.000000 0.500000 -0.866025
vn 0.000000 0.258819 -0.965926
vn 0.000000 0.258819 -0.965926
vn 0.000000 0.000000 -1.000000
vn 0.000000 0.000000 -1.000000
vn -1.000000 0.000000 0.000000
vn -0.965926 0.258819 0.000000
vn -0.965926 -0.000000 -0.258819
vn -0.933013 0.258819 -0.250000
vn -0.866025 -0.000000 -0.500000
vn -0.836516 0.258819 -0.482963
vn -0.707107 -0.000000 -0.707107
vn -0.683013 0.258819 -0.683013
vn -0.500000 -0.000000 -0.866025
vn -0.482963 0.258819 -0.836516
vn -0.258819 -0.000000 -0.965926
vn -0.250000 0.258819 -0.933013
vn -0.224144 0.500000 -0.836516
vn -0.183013 0.707107 -0.683013
vn -0.129410 0.866025 -0.482963
vn -0.066987 0.965926 -0.250000
vn -0.866025 0.500000 0.000000
vn -0.836516 0.500000 -0.224144
vn -0.750000 0.500000 -0.433013
vn -0.612372 0.500000 -0.612372
vn -0.433013 0.500000 -0.750000
vn -0.707107 0.707107 0.000000
vn -0.683013 0.707107 -0.183013
vn -0.612372 0.707107 -0.353553
vn -0.500000 0.707107 -0.500000
vn -0.353553 0.707107 -0.612372
vn -0.500000 0.866025 0.000000
vn -0.482963 0.866025 -0.129410
vn -0.433013 0.866025 -0.250000
vn -0.353553 0.866025 -0.353553
vn -0.250000 0.866025 -0.433013
vn -0.258819 0.965926 0.000000
vn -0.250000 0.965926 -0.066987
vn -0.224144 0.965926 -0.129410
vn -0.183013 0.965926 -0.183013
vn -0.129410 0.965926 -0.224144
vn -1.000000 0.000000 0.000000
vn -0.965926 0.258819 0.000000
vn -0.866025 0.500000 0.000000
vn -0.707107 0.707107 0.000000
vn -0.500000 0.866025 0.000000
vn -0.258819 0.965926 0.000000
vn 0.000000 0.000000 -1.000000
vn 0.000000 0.000000 -1.000000
vn -1.000000 -0.000000 -0.000000
vn -0.965926 -0.000000 -0.258819
vn -0.866025 -0.000000 -0.500000
vn -0.707107 -0.000000 -0.707107
vn -0.500000 -0.000000 -0.866025
vn -0.258819 -0.000000 -0.965926
vn -1.000000 0.000000 0.000000
vn 0.000000 -0.258819 -0.965926
vn 0.000000 -0.258819 -0.965926
vn 0.000000 -0.500000 -0.866025
vn 0.000000 -0.500000 -0.866025
vn 0.000000 -0.707107 -0.707107
vn 0.000000 -0.707107 -0.707107
vn 0.000000 -0.866025 -0.500000
vn 0.000000 -0.866025 -0.500000
vn 0.000000 -0.965926 -0.258819
vn 0.000000 -0.965926 -0.258819
vn -0.258819 -0.965926 -0.000000
vn -0.250000 -0.965926 -0.066987
vn -0.224144 -0.965926 -0.129410
vn -0.183013 -0.965926 -0.183013
vn -0.129410 -0.965926 -0.224144
vn -0.066987 -0.965926 -0.250000
vn -0.129410 -0.866025 -0.482963
vn -0.183013 -0.707107 -0.683013
vn -0.224144 -0.500000 -0.836516
vn -0.250000 -0.258819 -0.933013
vn -0.500000 -0.866025 -0.000000
vn -0.482963 -0.866025 -0.129410
vn -0.433013 -0.866025 -0.250000
vn -0.353553 -0.866025 -0.353553
vn -0.250000 -0.866025 -0.433013
vn -0.707107 -0.707107 -0.000000
vn -0.683013 -0.707107 -0.183013
vn -0.612372 -0.707107 -0.353553
vn -0.500000 -0.707107 -0.500000
vn -0.353553 -0.707107 -0.612372
vn -0.866025 -0.500000 -0.000000
vn -0.836516 -0.500000 -0.224144
vn -0.750000 -0.500000 -0.433013
vn -0.612372 -0.500000 -0.612372
vn -0.433013 -0.500000 -0.750000
vn -0.965926 -0.258819 -0.000000
vn -0.933013 -0.258819 -0.250000
vn -0.836516 -0.258819 -0.482963
vn -0.683013 -0.258819 -0.683013
vn -0.482963 -0.258819 -0.836516
vn -0.258819 -0.965926 0.000000
vn -0.500000 -0.866025 0.000000
vn -0.707107 -0.707107 0.000000
vn -0.866025 -0.500000 0.000000
vn -0.965926 -0.258819 0.000000
vn 0.000000 0.000000 -1.000000
vn 0.000000 0.000000 -1.000000
vn 0.000000 -0.258819 -0.965926
vn 0.000000 -0.258819 -0.965926
vn 0.000000 -0.500000 -0.866025
vn 0.000000 -0.500000 -0.866025
vn 0.000000 -0.707107 -0.707107
vn 0.000000 -0.707107 -0.707107
vn 0.000000 -0.866025 -0.500000
vn 0.000000 -0.866025 -0.500000
vn 0.000000 -0.965926 -0.258819
vn 0.000000 -0.965926 -0.258819
vn 0.000000 -0.965926 -0.258819
vn 0.000000 -0.866025 -0.500000
vn 0.000000 -0.707107 -0.707107
vn 0.000000 -0.500000 -0.866025
vn 0.000000 -0.258819 -0.965926
vn 0.000000 -0.258819 -0.965926
vn 0.000000 -0.258819 -0.965926
vn 0.000000 -0.500000 -0.866025
vn 0.000000 -0.500000 -0.866025
vn 0.000000 -0.707107 -0.707107
vn 0.000000 -0.707107 -0.707107
vn 0.000000 -0.866025 -0.500000
vn 0.000000 -0.866025 -0.500000
vn 0.000000 -0.965926 -0.258819
vn 0.000000 -0.965926 -0.258819
vn 0.000000 -0.965926 -0.258819
vn 0.000000 -0.965926 -0.258819
vn 0.000000 -0.965926 -0.258819
vn 0.000000 -0.866025 -0.500000
vn 0.000000 -0.866025 -0.500000
vn 0.000000 -0.707107 -0.707107
vn 0.000000 -0.707107 -0.707107
vn 0.000000 -0.500000 -0.866025
vn 0.000000 -0.500000 -0.866025
vn 0.000000 -0.258819 -0.965926
vn 0.000000 -0.258819 -0.965926
vn 0.000000 0.000000 -1.000000
vn 0.000000 0.000000 -1.000000
vn 0.000000 -0.258819 -0.965926
vn 0.000000 -0.258819 -0.965926
vn 0.000000 -0.500000 -0.866025
vn 0.000000 -0.500000 -0.866025
vn 0.000000 -0.707107 -0.707107
vn 0.000000 -0.707107 -0.707107
vn 0.000000 -0.866025 -0.500000
vn 0.000000 -0.866025 -0.500000
vn 0.000000 -0.965926 -0.258819
vn 0.000000 -0.965926 -0.258819
vn 0.000000 -0.965926 -0.258819
vn 0.000000 -0.965926 -0.258819
vn 0.000000 -0.866025 -0.500000
vn 0.000000 -0.866025 -0.500000
vn 0.000000 -0.707107 -0.707107
vn 0.000000 -0.707107 -0.707107
vn 0.000000 -0.500000 -0.866025
vn 0.000000 -0.500000 -0.866025
vn 0.000000 -0.258819 -0.965926
vn 0.000000 -0.258819 -0.965926
vn 0.000000 0.000000 -1.000000
vn 0.000000 0.000000 -1.000000
vn 0.000000 -0.258819 -0.965926
vn 0.000000 -0.258819 -0.965926
vn 0.000000 -0.500000 -0.866025
vn 0.000000 -0.500000 -0.866025
vn 0.000000 -0.707107 -0.707107
vn 0.000000 -0.707107 -0.707107
vn 0.000000 -0.866025 -0.500000
vn 0.000000 -0.866025 -0.500000
vn 0.000000 -0.965926 -0.258819
vn 0.000000 -0.965926 -0.258819
vn 0.000000 -0.965926 -0.258819
vn 0.000000 -0.965926 -0.258819
vn 0.000000 -0.965926 -0.258819
vn 0.000000 -0.866025 -0.500000
vn 0.000000 -0.866025 -0.500000
vn 0.000000 -0.707107 -0.707107
vn 0.000000 -0.707107 -0.707107
vn 0.000000 -0.500000 -0.866025
vn 0.000000 -0.500000 -0.866025
vn 0.000000 -0.258819 -0.965926
vn 0.000000 -0.258819 -0.965926
vn 0.000000 0.000000 -1.000000
vn 0.000000 -0.258819 -0.965926
vn 0.000000 0.000000 -1.000000
vn 0.000000 -0.258819 -0.965926
vn 0.000000 -0.258819 -0.965926
vn 0.000000 -0.500000 -0.866025
vn 0.000000 -0.500000 -0.866025
vn 0.000000 -0.707107 -0.707107
vn 0.000000 -0.707107 -0.707107
vn 0.000000 -0.866025 -0.500000
vn 0.000000 -0.866025 -0.500000
vn 0.000000 -0.965926 -0.258819
vn 0.000000 -0.965926 -0.258819
vn 0.000000 -0.965926 -0.258819
vn 0.000000 -0.965926 -0.258819
vn 0.000000 -0.965926 -0.258819
vn 0.000000 -0.866025 -0.500000
vn 0.000000 -0.866025 -0.500000
vn 0.000000 -0.707107 -0.707107
vn 0.000000 -0.707107 -0.707107
vn 0.000000 -0.500000 -0.866025
vn 0.000000 -0.500000 -0.866025
vn 0.000000 -0.258819 -0.965926
vn 0.000000 -0.258819 -0.965926
vn 0.000000 0.000000 -1.000000
vn 0.000000 -0.258819 -0.965926
vn 0.000000 0.000000 -1.000000
vn 0.000000 -0.258819 -0.965926
vn 0.000000 -0.258819 -0.965926
vn 0.000000 -0.500000 -0.866025
vn 0.000000 -0.500000 -0.866025
vn 0.000000 -0.707107 -0.707107
vn 0.000000 -0.707107 -0.707107
vn 0.000000 -0.866025 -0.500000
vn 0.000000 -0.866025 -0.500000
vn 0.000000 -0.965926 -0.258819
vn 0.000000 -0.965926 -0.258819
vn 0.000000 -0.965926 -0.258819
vn 0.000000 -0.965926 -0.258819
vn 0.000000 -0.866025 -0.500000
vn 0.000000 -0.866025 -0.500000
vn 0.000000 -0.707107 -0.707107
vn 0.000000 -0.707107 -0.707107
vn 0.000000 -0.500000 -0.866025
vn 0.000000 -0.500000 -0.866025
vn 0.000000 -0.965926 -0.258819
vn 0.000000 -0.965926 -0.258819
vn 0.000000 -0.965926 -0.258819
vn 0.000000 -0.965926 -0.258819
vn 0.000000 -0.866025 -0.500000
vn 0.000000 -0.866025 -0.500000
vn 0.000000 -0.707107 -0.707107
vn 0.000000 -0.965926 -0.258819
vn 0.000000 -0.866025 -0.500000
vn 0.000000 -0.707107 -0.707107
vn 0.000000 -0.500000 -0.866025
vn 0.000000 -0.965926 -0.258819
vn 0.000000 -0.965926 -0.258819
vn 0.000000 -0.965926 -0.258819
vn 0.000000 -0.866025 -0.500000
vn 0.000000 -0.866025 -0.500000
vn 0.000000 -0.707107 -0.707107
vn 0.000000 -0.965926 -0.258819
vn 0.000000 -0.866025 -0.500000
vn 0.000000 -0.707107 -0.707107
vn 0.000000 -0.500000 -0.866025
vn 0.000000 -0.965926 -0.258819
vn 0.000000 -0.965926 -0.258819
vn 0.000000 -0.965926 -0.258819
vn 0.000000 -0.866025 -0.500000
vn 0.000000 -0.965926 -0.258819
vn 0.000000 -0.965926 -0.258819
vn 0.000000 -0.965926 -0.258819
vn 0.000000 -0.866025 -0.500000
vn 0.000000 -0.866025 -0.500000
vn 0.000000 -0.707107 -0.707107
vn 0.000000 -0.707107 -0.707107
vn 0.000000 -0.500000 -0.866025
vn 0.000000 -0.965926 -0.258819
vn 0.000000 -0.866025 -0.500000
vn 0.000000 -0.965926 -0.258819
vn 0.000000 -0.965926 -0.258819
vn 0.000000 -0.965926 -0.258819
vn 0.000000 -0.965926 -0.258819
vn 0.000000 -0.866025 -0.500000
vn 0.000000 -0.866025 -0.500000
vn 0.000000 -0.707107 -0.707107
vn 0.000000 -0.500000 -0.866025
vn 0.000000 -0.258819 -0.965926
vn 0.000000 0.000000 -1.000000
vn 0.000000 -0.707107 -0.707107
vn 0.000000 -0.500000 -0.866025
vn 0.000000 -0.258819 -0.965926
vn 0.000000 -0.500000 -0.866025
vn 0.000000 -0.258819 -0.965926
vn 0.000000 -0.258819 -0.965926
vn 0.000000 0.000000 -1.000000
vn 0.000000 -0.258819 -0.965926
vn 0.000000 0.000000 -1.000000
vn 0.000000 -0.258819 -0.965926
vn 0.000000 -0.258819 -0.965926
vn 0.000000 -0.500000 -0.866025
vn 0.000000 -0.500000 -0.866025
vn 0.000000 -0.707107 -0.707107
vn 0.000000 -0.707107 -0.707107
vn 0.000000 -0.866025 -0.500000
vn 0.000000 0.000000 -1.000000
vn 0.000000 -0.258819 -0.965926
vn 0.000000 -0.500000 -0.866025
vn 0.000000 -0.258819 -0.965926
vn 0.000000 -0.258819 -0.965926
vn 0.000000 0.000000 -1.000000
vn 0.000000 -0.258819 -0.965926
vn 0.000000 -0.258819 -0.965926
vn 0.000000 -0.500000 -0.866025
vn 0.000000 -0.500000 -0.866025
vn 0.000000 -0.707107 -0.707107
vn 0.000000 -0.707107 -0.707107
vn 0.000000 -0.866025 -0.500000
vn 0.000000 0.000000 -1.000000
vn 0.000000 -0.258819 -0.965926
vn 0.000000 -0.500000 -0.866025
vn 0.000000 -0.258819 -0.965926
vn 0.000000 0.000000 -1.000000
vn 0.000000 -0.258819 -0.965926
vn 0.000000 -0.258819 -0.965926
vn 0.000000 -0.258819 -0.965926
vn 0.000000 -0.258819 -0.965926
vn 0.000000 -0.500000 -0.866025
vn 0.000000 -0.500000 -0.866025
vn 0.000000 -0.707107 -0.707107
vn 0.000000 -0.258819 -0.965926
vn 0.000000 0.000000 -1.000000
vn 0.000000 -0.258819 -0.965926
vn 0.000000 -0.258819 -0.965926
vn 0.000000 -0.500000 -0.866025
vn 0.000000 -0.500000 -0.866025
vn 0.000000 -0.707107 -0.707107
vn 0.000000 -0.707107 -0.707107
vn 0.000000 -0.866025 -0.500000
vn 0.000000 -0.258819 -0.965926
vn 0.000000 0.000000 -1.000000
vn 0.000000 -0.258819 -0.965926
vn 0.000000 -0.500000 -0.866025
vn 0.000000 -0.500000 -0.866025
vn 0.000000 -0.500000 -0.866025
vn 0.000000 -0.707107 -0.707107
vn 0.000000 -0.866025 -0.500000
vn 0.000000 -0.500000 -0.866025
vn 0.000000 -0.500000 -0.866025
vn 0.000000 -0.707107 -0.707107
vn 0.000000 -0.866025 -0.500000
vn 0.000000 -0.500000 -0.866025
vn 0.000000 -0.707107 -0.707107
vn 0.000000 -0.866025 -0.500000
vn 0.000000 -0.500000 -0.866025
vn 0.000000 -0.707107 -0.707107
vn 0.000000 -0.866025 -0.500000
vn 0.000000 -0.707107 -0.707107
vn 0.000000 -0.866025 -0.500000
vn 0.000000 -0.707107 -0.707107
vn 0.000000 -0.707107 -0.707107
vn 0.000000 -0.866025 -0.500000
vn 0.000000 -0.707107 -0.707107
vn 0.000000 -0.866025 -0.500000
vn 0.000000 -0.866025 -0.500000
vn 0.000000 0.000000 -1.000000
vn 0.000000 0.000000 -1.000000
vn 0.000000 0.000000 -1.000000
vn 0.000000 0.000000 -1.000000
vn 0.000000 0.000000 -1.000000
vn 0.000000 0.000000 -1.000000
vn 0.000000 0.000000 -1.000000
vn 0.000000 0.000000 -1.000000
vn 0.000000 0.000000 -1.000000
vn 0.000000 0.000000 -1.000000
vn 0.000000 0.000000 -1.000000
vn 0.000000 0.000000 -1.000000
vn 0.000000 0.000000 -1.000000
vn 0.000000 0.000000 -1.000000
vn 0.000000 0.000000 -1.000000
vn 0.000000 0.000000 -1.000000
vn 0.000000 0.000000 -1.000000
vn 0.000000 0.000000 -1.000000
vn 0.000000 0.000000 -1.000000
vn 1.000000 -0.000000 -0.000000
vn 1.000000 -0.000000 -0.000000
vn 1.000000 -0.000000 -0.000000
vn 1.000000 -0.000000 -0.000000
vn 1.000000 -0.000000 -0.000000
vn 1.000000 -0.000000 -0.000000
vn 1.000000 -0.000000 -0.000000
vn 1.000000 -0.000000 -0.000000
vn 1.000000 -0.000000 -0.000000
vn 1.000000 -0.000000 -0.000000
vn 1.000000 -0.000000 -0.000000
vn 1.000000 -0.000000 -0.000000
vn 1.000000 -0.000000 -0.000000
vn 1.000000 -0.000000 -0.000000
vn 1.000000 -0.000000 -0.000000
vn 1.000000 -0.000000 -0.000000
vn 0.000000 0.258819 -0.965926
vn 0.000000 0.258819 -0.965926
vn 0.000000 0.500000 -0.866025
vn 0.000000 0.500000 -0.866025
vn 0.000000 0.707107 -0.707107
vn 0.000000 0.707107 -0.707107
vn 0.000000 0.866025 -0.500000
vn 0.000000 0.866025 -0.500000
vn 0.000000 0.965926 -0.258819
vn 0.000000 0.965926 -0.258819
vn 0.000000 0.965926 -0.258819
vn 0.000000 0.866025 -0.500000
vn 0.000000 0.707107 -0.707107
vn 0.000000 0.500000 -0.866025
vn 0.000000 0.258819 -0.965926
vn 0.000000 0.258819 -0.965926
vn 0.000000 0.258819 -0.965926
vn 0.000000 0.500000 -0.866025
vn 0.000000 0.500000 -0.866025
vn 0.000000 0.707107 -0.707107
vn 0.000000 0.707107 -0.707107
vn 0.000000 0.866025 -0.500000
vn 0.000000 0.866025 -0.500000
vn 0.000000 0.965926 -0.258819
vn 0.000000 0.965926 -0.258819
vn 0.000000 0.965926 -0.258819
vn 0.000000 0.965926 -0.258819
vn 0.000000 0.965926 -0.258819
vn 0.000000 0.866025 -0.500000
vn 0.000000 0.866025 -0.500000
vn 0.000000 0.707107 -0.707107
vn 0.000000 0.707107 -0.707107
vn 0.000000 0.500000 -0.866025
vn 0.000000 0.500000 -0.866025
vn 0.000000 0.258819 -0.965926
vn 0.000000 0.258819 -0.965926
vn 0.000000 0.258819 -0.965926
vn 0.000000 0.258819 -0.965926
vn 0.000000 0.500000 -0.866025
vn 0.000000 0.500000 -0.866025
vn 0.000000 0.707107 -0.707107
vn 0.000000 0.707107 -0.707107
vn 0.000000 0.866025 -0.500000
vn 0.000000 0.866025 -0.500000
vn 0.000000 0.965926 -0.258819
vn 0.000000 0.965926 -0.258819
vn 0.000000 0.965926 -0.258819
vn 0.000000 0.965926 -0.258819
vn 0.000000 0.866025 -0.500000
vn 0.000000 0.866025 -0.500000
vn 0.000000 0.707107 -0.707107
vn 0.000000 0.707107 -0.707107
vn 0.000000 0.500000 -0.866025
vn 0.000000 0.500000 -0.866025
vn 0.000000 0.258819 -0.965926
vn 0.000000 0.258819 -0.965926
vn 0.000000 0.258819 -0.965926
vn 0.000000 0.258819 -0.965926
vn 0.000000 0.500000 -0.866025
vn 0.000000 0.500000 -0.866025
vn 0.000000 0.707107 -0.707107
vn 0.000000 0.707107 -0.707107
vn 0.000000 0.866025 -0.500000
vn 0.000000 0.866025 -0.500000
vn 0.000000 0.965926 -0.258819
vn 0.000000 0.965926 -0.258819
vn 0.000000 0.965926 -0.258819
vn 0.000000 0.965926 -0.258819
vn 0.000000 0.965926 -0.258819
vn 0.000000 0.866025 -0.500000
vn 0.000000 0.866025 -0.500000
vn 0.000000 0.707107 -0.707107
vn 0.000000 0.707107 -0.707107
vn 0.000000 0.500000 -0.866025
vn 0.000000 0.500000 -0.866025
vn 0.000000 0.258819 -0.965926
vn 0.000000 0.258819 -0.965926
vn 0.000000 0.258819 -0.965926
vn 0.000000 0.258819 -0.965926
vn 0.000000 0.258819 -0.965926
vn 0.000000 0.500000 -0.866025
vn 0.000000 0.500000 -0.866025
vn 0.000000 0.707107 -0.707107
vn 0.000000 0.707107 -0.707107
vn 0.000000 0.866025 -0.500000
vn 0.000000 0.866025 -0.500000
vn 0.000000 0.965926 -0.258819
vn 0.000000 0.965926 -0.258819
vn 0.000000 0.965926 -0.258819
vn 0.000000 0.965926 -0.258819
vn 0.000000 0.965926 -0.258819
vn 0.000000 0.866025 -0.500000
vn 0.000000 0.866025 -0.500000
vn 0.000000 0.707107 -0.707107
vn 0.000000 0.707107 -0.707107
vn 0.000000 0.500000 -0.866025
vn 0.000000 0.500000 -0.866025
vn 0.000000 0.258819 -0.965926
vn 0.000000 0.258819 -0.965926
vn 0.000000 0.258819 -0.965926
vn 0.000000 0.258819 -0.965926
vn 0.000000 0.258819 -0.965926
vn 0.000000 0.500000 -0.866025
vn 0.000000 0.500000 -0.866025
vn 0.000000 0.707107 -0.707107
vn 0.000000 0.707107 -0.707107
vn 0.000000 0.866025 -0.500000
vn 0.000000 0.866025 -0.500000
vn 0.000000 0.965926 -0.258819
vn 0.000000 0.965926 -0.258819
vn 0.000000 0.965926 -0.258819
vn 0.000000 0.965926 -0.258819
vn 0.000000 0.866025 -0.500000
vn 0.000000 0.866025 -0.500000
vn 0.000000 0.707107 -0.707107
vn 0.000000 0.707107 -0.707107
vn 0.000000 0.500000 -0.866025
vn 0.000000 0.500000 -0.866025
vn 0.000000 0.965926 -0.258819
vn 0.000000 0.965926 -0.258819
vn 0.000000 0.965926 -0.258819
vn 0.000000 0.965926 -0.258819
vn 0.000000 0.866025 -0.500000
vn 0.000000 0.866025 -0.500000
vn 0.000000 0.707107 -0.707107
vn 0.000000 0.965926 -0.258819
vn 0.000000 0.866025 -0.500000
vn 0.000000 0.707107 -0.707107
vn 0.000000 0.500000 -0.866025
vn 0.000000 0.965926 -0.258819
vn 0.000000 0.965926 -0.258819
vn 0.000000 0.965926 -0.258819
vn 0.000000 0.866025 -0.500000
vn 0.000000 0.866025 -0.500000
vn 0.000000 0.707107 -0.707107
vn 0.000000 0.965926 -0.258819
vn 0.000000 0.866025 -0.500000
vn 0.000000 0.707107 -0.707107
vn 0.000000 0.500000 -0.866025
vn 0.000000 0.965926 -0.258819
vn 0.000000 0.965926 -0.258819
vn 0.000000 0.965926 -0.258819
vn 0.000000 0.866025 -0.500000
vn 0.000000 0.965926 -0.258819
vn 0.000000 0.965926 -0.258819
vn 0.000000 0.965926 -0.258819
vn 0.000000 0.866025 -0.500000
vn 0.000000 0.866025 -0.500000
vn 0.000000 0.707107 -0.707107
vn 0.000000 0.707107 -0.707107
vn 0.000000 0.500000 -0.866025
vn 0.000000 0.965926 -0.258819
vn 0.000000 0.866025 -0.500000
vn 0.000000 0.965926 -0.258819
vn 0.000000 0.965926 -0.258819
vn 0.000000 0.965926 -0.258819
vn 0.000000 0.965926 -0.258819
vn 0.000000 0.866025 -0.500000
vn 0.000000 0.866025 -0.500000
vn 0.000000 0.707107 -0.707107
vn 0.000000 0.500000 -0.866025
vn 0.000000 0.258819 -0.965926
vn 0.000000 0.707107 -0.707107
vn 0.000000 0.500000 -0.866025
vn 0.000000 0.258819 -0.965926
vn 0.000000 0.500000 -0.866025
vn 0.000000 0.258819 -0.965926
vn 0.000000 0.258819 -0.965926
vn 0.000000 0.258819 -0.965926
vn 0.000000 0.258819 -0.965926
vn 0.000000 0.258819 -0.965926
vn 0.000000 0.500000 -0.866025
vn 0.000000 0.500000 -0.866025
vn 0.000000 0.707107 -0.707107
vn 0.000000 0.707107 -0.707107
vn 0.000000 0.866025 -0.500000
vn 0.000000 0.258819 -0.965926
vn 0.000000 0.500000 -0.866025
vn 0.000000 0.258819 -0.965926
vn 0.000000 0.258819 -0.965926
vn 0.000000 0.258819 -0.965926
vn 0.000000 0.258819 -0.965926
vn 0.000000 0.500000 -0.866025
vn 0.000000 0.500000 -0.866025
vn 0.000000 0.707107 -0.707107
vn 0.000000 0.707107 -0.707107
vn 0.000000 0.866025 -0.500000
vn 0.000000 0.258819 -0.965926
vn 0.000000 0.500000 -0.866025
vn 0.000000 0.258819 -0.965926
vn 0.000000 0.258819 -0.965926
vn 0.000000 0.258819 -0.965926
vn 0.000000 0.258819 -0.965926
vn 0.000000 0.258819 -0.965926
vn 0.000000 0.500000 -0.866025
vn 0.000000 0.500000 -0.866025
vn 0.000000 0.707107 -0.707107
vn 0.000000 0.258819 -0.965926
vn 0.000000 0.258819 -0.965926
vn 0.000000 0.258819 -0.965926
vn 0.000000 0.500000 -0.866025
vn 0.000000 0.500000 -0.866025
vn 0.000000 0.707107 -0.707107
vn 0.000000 0.707107 -0.707107
vn 0.000000 0.866025 -0.500000
vn 0.000000 0.258819 -0.965926
vn 0.000000 0.258819 -0.965926
vn 0.000000 0.500000 -0.866025
vn 0.000000 0.500000 -0.866025
vn 0.000000 0.500000 -0.866025
vn 0.000000 0.707107 -0.707107
vn 0.000000 0.866025 -0.500000
vn 0.000000 0.500000 -0.866025
vn 0.000000 0.500000 -0.866025
vn 0.000000 0.707107 -0.707107
vn 0.000000 0.866025 -0.500000
vn 0.000000 0.500000 -0.866025
vn 0.000000 0.707107 -0.707107
vn 0.000000 0.866025 -0.500000
vn 0.000000 0.500000 -0.866025
vn 0.000000 0.707107 -0.707107
vn 0.000000 0.866025 -0.500000
vn 0.000000 0.707107 -0.707107
vn 0.000000 0.866025 -0.500000
vn 0.000000 0.707107 -0.707107
vn 0.000000 0.707107 -0.707107
vn 0.000000 0.866025 -0.500000
vn 0.000000 0.707107 -0.707107
vn 0.000000 0.866025 -0.500000
vn 0.000000 0.866025 -0.500000
vn 1.000000 -0.000000 -0.000000
vn 1.000000 -0.000000 -0.000000
vn 1.000000 -0.000000 -0.000000
vn 1.000000 -0.000000 -0.000000
vn 1.000000 -0.000000 -0.000000
vn 1.000000 -0.000000 -0.000000
vn 1.000000 -0.000000 -0.000000
vn 1.000000 -0.000000 -0.000000
vn 1.000000 -0.000000 -0.000000
vn 1.000000 -0.000000 -0.000000
vn 1.000000 -0.000000 -0.000000
vn 1.000000 -0.000000 -0.000000
vn 1.000000 -0.000000 -0.000000
vn 1.000000 -0.000000 -0.000000
vn 1.000000 -0.000000 -0.000000
vn 1.000000 -0.000000 -0.000000
vn 0.000000 0.000000 -1.000000
vn 0.000000 0.000000 -1.000000
vn 0.000000 0.000000 -1.000000
vn 0.000000 0.000000 -1.000000
vn -1.000000 0.000000 -0.000000
vn -1.000000 0.000000 -0.000000
vn -1.000000 0.000000 -0.000000
vn -1.000000 0.000000 -0.000000
vn -1.000000 0.000000 -0.000000
vn -1.000000 0.000000 -0.000000
vn -1.000000 0.000000 -0.000000
vn -1.000000 0.000000 -0.000000
vn -1.000000 0.000000 -0.000000
vn -1.000000 0.000000 -0.000000
vn -1.000000 0.000000 -0.000000
vn -1.000000 0.000000 -0.000000
vn -1.000000 0.000000 -0.000000
vn -1.000000 0.000000 -0.000000
vn -1.000000 0.000000 -0.000000
vn -1.000000 0.000000 -0.000000
vn 0.000000 0.000000 -1.000000
vn 0.000000 0.000000 -1.000000
vn 0.000000 0.000000 -1.000000
vn 0.000000 0.000000 -1.000000
vn 1.000000 -0.000000 -0.000000
vn 1.000000 -0.000000 -0.000000
vn 1.000000 -0.000000 -0.000000
vn 1.000000 -0.000000 -0.000000
vn 1.000000 -0.000000 -0.000000
vn 1.000000 -0.000000 -0.000000
vn 1.000000 -0.000000 -0.000000
vn 1.000000 -0.000000 -0.000000
vn 1.000000 -0.000000 -0.000000
vn 1.000000 -0.000000 -0.000000
vn 1.000000 -0.000000 -0.000000
vn 1.000000 -0.000000 -0.000000
vn 1.000000 -0.000000 -0.000000
vn 1.000000 -0.000000 -0.000000
vn 1.000000 -0.000000 -0.000000
vn 1.000000 -0.000000 -0.000000
vn 0.000000 0.000000 -1.000000
vn 0.000000 0.000000 -1.000000
vn 0.000000 0.000000 -1.000000
vn 0.000000 0.000000 -1.000000
vn -1.000000 -0.000000 -0.000000
vn -1.000000 -0.000000 -0.000000
vn -1.000000 -0.000000 -0.000000
vn -1.000000 -0.000000 -0.000000
vn -1.000000 -0.000000 -0.000000
vn -1.000000 -0.000000 -0.000000
vn -1.000000 -0.000000 -0.000000
vn -1.000000 -0.000000 -0.000000
vn -1.000000 -0.000000 -0.000000
vn -1.000000 -0.000000 -0.000000
vn -1.000000 -0.000000 -0.000000
vn -1.000000 -0.000000 -0.000000
vn -1.000000 -0.000000 -0.000000
vn -1.000000 -0.000000 -0.000000
vn -1.000000 -0.000000 -0.000000
vn -1.000000 -0.000000 -0.000000
vn 1.000000 -0.000000 -0.000000
vn 1.000000 -0.000000 -0.000000
vn 1.000000 -0.000000 -0.000000
vn 1.000000 -0.000000 -0.000000
vn 1.000000 -0.000000 -0.000000
vn 1.000000 -0.000000 -0.000000
vn 1.000000 -0.000000 -0.000000
vn 1.000000 -0.000000 -0.000000
vn 1.000000 -0.000000 -0.000000
vn 1.000000 -0.000000 -0.000000
vn 1.000000 -0.000000 -0.000000
vn 1.000000 -0.000000 -0.000000
vn 1.000000 -0.000000 -0.000000
vn 1.000000 -0.000000 -0.000000
vn 1.000000 -0.000000 -0.000000
vn 1.000000 -0.000000 -0.000000
vn 0.000000 0.000000 -1.000000
vn 0.000000 0.000000 -1.000000
vn 0.000000 0.000000 -1.000000
vn 0.000000 0.000000 -1.000000
f 3535/5634/5036 3522/5635/5037 3534/5636/5038
f 3534/5636/5038 3522/5635/5037 3523/5637/5039
f 3534/5636/5038 3523/5637/5039 3533/5638/5040
f 3533/5638/5040 3523/5637/5039 3524/5639/5041
f 3533/5638/5040 3524/5639/5041 3532/5640/5042
f 3532/5640/5042 3524/5639/5041 3525/5641/5043
f 3532/5640/5042 3525/5641/5043 3531/5642/5044
f 3531/5642/5044 3525/5641/5043 3526/5643/5045
f 3531/5642/5044 3526/5643/5045 3530/5644/5046
f 3530/5644/5046 3526/5643/5045 3527/5645/5047
f 3530/5644/5046 3527/5645/5047 3529/5646/5048
f 3529/5646/5048 3527/5645/5047 3528/5647/5049
f 3528/5648/5049 3536/5649/5050 3529/5650/5048
f 3529/5650/5048 3536/5649/5050 3601/5651/5051
f 3601/5651/5051 3536/5649/5050 3591/5652/5052
f 3601/5651/5051 3591/5652/5052 3600/5653/5053
f 3600/5653/5053 3591/5652/5052 3592/5654/5054
f 3600/5653/5053 3592/5654/5054 3593/5655/5055
f 3591/5652/5052 3536/5649/5050 3590/5656/5056
f 3590/5656/5056 3536/5649/5050 3537/5657/5057
f 3590/5656/5056 3537/5657/5057 3539/5658/5058
f 3539/5658/5058 3537/5657/5057 3538/5659/5059
f 3590/5656/5056 3539/5658/5058 3589/5660/5060
f 3589/5660/5060 3539/5658/5058 3540/5661/5061
f 3589/5660/5060 3540/5661/5061 3588/5662/5062
f 3588/5662/5062 3540/5661/5061 3541/5663/5063
f 3588/5662/5062 3541/5663/5063 3587/5664/5064
f 3587/5664/5064 3541/5663/5063 3542/5665/5065
f 3587/5664/5064 3542/5665/5065 3586/5666/5066
f 3586/5666/5066 3542/5665/5065 3543/5667/5067
f 3586/5666/5066 3543/5667/5067 3585/5668/5068
f 3585/5668/5068 3543/5667/5067 3544/5669/5069
f 3585/5668/5068 3544/5669/5069 3584/5670/5070
f 3584/5670/5070 3544/5669/5069 3545/5671/5071
f 3584/5670/5070 3545/5671/5071 3583/5672/5072
f 3583/5672/5072 3545/5671/5071 3546/5673/5073
f 3583/5672/5072 3546/5673/5073 3582/5674/5074
f 3582/5674/5074 3546/5673/5073 3547/5675/5075
f 3582/5674/5074 3547/5675/5075 3581/5676/5076
f 3581/5676/5076 3547/5675/5075 3580/5677/5077
f 3580/5677/5077 3547/5675/5075 3548/5678/5078
f 3580/5677/5077 3548/5678/5078 3579/5679/5079
f 3579/5679/5079 3548/5678/5078 3549/5680/5080
f 3579/5679/5079 3549/5680/5080 3578/5681/5081
f 3578/5681/5081 3549/5680/5080 3550/5682/5082
f 3578/5681/5081 3550/5682/5082 3577/5683/5083
f 3577/5683/5083 3550/5682/5082 3551/5684/5084
f 3577/5683/5083 3551/5684/5084 3576/5685/5085
f 3576/5685/5085 3551/5684/5084 3552/5686/5086
f 3576/5685/5085 3552/5686/5086 3575/5687/5087
f 3575/5687/5087 3552/5686/5086 3553/5688/5088
f 3575/5687/5087 3553/5688/5088 3574/5689/5089
f 3574/5689/5089 3553/5688/5088 3554/5690/5090
f 3574/5689/5089 3554/5690/5090 3573/5691/5091
f 3573/5691/5091 3554/5690/5090 3555/5692/5092
f 3573/5691/5091 3555/5692/5092 3572/5693/5093
f 3572/5693/5093 3555/5692/5092 3557/5694/5094
f 3572/5693/5093 3557/5694/5094 3558/5695/5095
f 3555/5692/5092 3556/5696/5096 3557/5694/5094
f 3559/5697/5097 3561/5698/5098 3558/5695/5095
f 3558/5695/5095 3561/5698/5098 3571/5699/5099
f 3558/5695/5095 3571/5699/5099 3572/5693/5093
f 3559/5697/5097 3560/5700/5100 3561/5698/5098
f 3561/5698/5098 3562/5701/5101 3571/5699/5099
f 3571/5699/5099 3562/5701/5101 3570/5702/5102
f 3570/5702/5102 3562/5701/5101 3569/5703/5103
f 3569/5703/5103 3562/5701/5101 3568/5704/5104
f 3568/5704/5104 3562/5701/5101 3563/5705/5105
f 3568/5704/5104 3563/5705/5105 3567/5706/5106
f 3567/5706/5106 3563/5705/5105 3566/5707/5107
f 3566/5707/5107 3563/5705/5105 3564/5708/5108
f 3566/5707/5107 3564/5708/5108 3565/5709/5109
f 3593/5655/5055 3594/5710/5110 3600/5653/5053
f 3600/5653/5053 3594/5710/5110 3599/5711/5111
f 3599/5711/5111 3594/5710/5110 3595/5712/5112
f 3599/5711/5111 3595/5712/5112 3596/5713/5113
f 3597/5714/5114 3598/5715/5115 3596/5713/5113
f 3596/5713/5113 3598/5715/5115 3599/5711/5111
f 3534/5716/5116 3533/5717/5117 3535/5718/5118
f 3535/5718/5118 3533/5717/5117 3532/5719/5119
f 3535/5718/5118 3532/5719/5119 3531/5720/5120
f 3535/5718/5118 3531/5720/5120 3609/5721/5121
f 3609/5721/5121 3531/5720/5120 3530/5722/5122
f 3609/5721/5121 3530/5722/5122 3605/5723/5123
f 3605/5723/5123 3530/5722/5122 3604/5724/5124
f 3604/5724/5124 3530/5722/5122 3529/5725/5125
f 3604/5724/5124 3529/5725/5125 3603/5726/5126
f 3603/5726/5126 3529/5725/5125 3602/5727/5127
f 3602/5727/5127 3529/5725/5125 3601/5728/5128
f 3605/5723/5123 3606/5729/5129 3609/5721/5121
f 3609/5721/5121 3606/5729/5129 3607/5730/5130
f 3609/5721/5121 3607/5730/5130 3608/5731/5131
f 3616/5732/5132 3609/5733/5133 3615/5734/5134
f 3615/5734/5134 3609/5733/5133 3608/5735/5135
f 3615/5734/5134 3608/5735/5135 3614/5736/5136
f 3614/5736/5136 3608/5735/5135 3607/5737/5137
f 3614/5736/5136 3607/5737/5137 3613/5738/5138
f 3613/5738/5138 3607/5737/5137 3606/5739/5139
f 3613/5738/5138 3606/5739/5139 3612/5740/5140
f 3612/5740/5140 3606/5739/5139 3605/5741/5141
f 3612/5740/5140 3605/5741/5141 3611/5742/5142
f 3611/5742/5142 3605/5741/5141 3604/5743/5143
f 3611/5742/5142 3604/5743/5143 3610/5744/5144
f 3610/5744/5144 3604/5743/5143 3603/5745/5145
f 3603/5746/5145 3602/5747/5146 3610/5748/5144
f 3610/5748/5144 3602/5747/5146 3681/5749/5147
f 3681/5749/5147 3602/5747/5146 3626/5750/5148
f 3681/5749/5147 3626/5750/5148 3627/5751/5149
f 3602/5747/5146 3617/5752/5150 3626/5750/5148
f 3626/5750/5148 3617/5752/5150 3625/5753/5151
f 3625/5753/5151 3617/5752/5150 3624/5754/5152
f 3624/5754/5152 3617/5752/5150 3623/5755/5153
f 3623/5755/5153 3617/5752/5150 3618/5756/5154
f 3623/5755/5153 3618/5756/5154 3622/5757/5155
f 3622/5757/5155 3618/5756/5154 3621/5758/5156
f 3621/5758/5156 3618/5756/5154 3619/5759/5157
f 3621/5758/5156 3619/5759/5157 3620/5760/5158
f 3628/5761/5159 3678/5762/5160 3627/5751/5149
f 3627/5751/5149 3678/5762/5160 3680/5763/5161
f 3627/5751/5149 3680/5763/5161 3681/5749/5147
f 3678/5762/5160 3628/5761/5159 3677/5764/5162
f 3677/5764/5162 3628/5761/5159 3629/5765/5163
f 3677/5764/5162 3629/5765/5163 3676/5766/5164
f 3676/5766/5164 3629/5765/5163 3630/5767/5165
f 3676/5766/5164 3630/5767/5165 3675/5768/5166
f 3675/5768/5166 3630/5767/5165 3631/5769/5167
f 3675/5768/5166 3631/5769/5167 3674/5770/5168
f 3674/5770/5168 3631/5769/5167 3632/5771/5169
f 3674/5770/5168 3632/5771/5169 3673/5772/5170
f 3673/5772/5170 3632/5771/5169 3633/5773/5171
f 3673/5772/5170 3633/5773/5171 3672/5774/5172
f 3672/5774/5172 3633/5773/5171 3634/5775/5173
f 3672/5774/5172 3634/5775/5173 3671/5776/5174
f 3671/5776/5174 3634/5775/5173 3635/5777/5175
f 3671/5776/5174 3635/5777/5175 3670/5778/5176
f 3670/5778/5176 3635/5777/5175 3636/5779/5177
f 3670/5778/5176 3636/5779/5177 3637/5780/5178
f 3670/5778/5176 3637/5780/5178 3669/5781/5179
f 3669/5781/5179 3637/5780/5178 3638/5782/5180
f 3669/5781/5179 3638/5782/5180 3668/5783/5181
f 3668/5783/5181 3638/5782/5180 3639/5784/5182
f 3668/5783/5181 3639/5784/5182 3667/5785/5183
f 3667/5785/5183 3639/5784/5182 3640/5786/5184
f 3667/5785/5183 3640/5786/5184 3666/5787/5185
f 3666/5787/5185 3640/5786/5184 3641/5788/5186
f 3666/5787/5185 3641/5788/5186 3665/5789/5187
f 3665/5789/5187 3641/5788/5186 3642/5790/5188
f 3665/5789/5187 3642/5790/5188 3664/5791/5189
f 3664/5791/5189 3642/5790/5188 3643/5792/5190
f 3664/5791/5189 3643/5792/5190 3663/5793/5191
f 3663/5793/5191 3643/5792/5190 3644/5794/5192
f 3663/5793/5191 3644/5794/5192 3662/5795/5193
f 3662/5795/5193 3644/5794/5192 3645/5796/5194
f 3662/5795/5193 3645/5796/5194 3660/5797/5195
f 3660/5797/5195 3645/5796/5194 3659/5798/5196
f 3659/5798/5196 3645/5796/5194 3646/5799/5197
f 3659/5798/5196 3646/5799/5197 3656/5800/5198
f 3656/5800/5198 3646/5799/5197 3655/5801/5199
f 3655/5801/5199 3646/5799/5197 3647/5802/5200
f 3655/5801/5199 3647/5802/5200 3648/5803/5201
f 3648/5803/5201 3649/5804/5202 3655/5801/5199
f 3655/5801/5199 3649/5804/5202 3654/5805/5203
f 3654/5805/5203 3649/5804/5202 3650/5806/5204
f 3654/5805/5203 3650/5806/5204 3651/5807/5205
f 3652/5808/5206 3653/5809/5207 3651/5807/5205
f 3651/5807/5205 3653/5809/5207 3654/5805/5203
f 3656/5800/5198 3657/5810/5208 3659/5798/5196
f 3659/5798/5196 3657/5810/5208 3658/5811/5209
f 3660/5797/5195 3661/5812/5210 3662/5795/5193
f 3678/5762/5160 3679/5813/5211 3680/5763/5161
f 3693/5814/5212 3682/5815/5213 3692/5816/5214
f 3692/5816/5214 3682/5815/5213 3683/5817/5215
f 3692/5816/5214 3683/5817/5215 3691/5818/5216
f 3691/5818/5216 3683/5817/5215 3684/5819/5217
f 3691/5818/5216 3684/5819/5217 3690/5820/5218
f 3690/5820/5218 3684/5819/5217 3685/5821/5219
f 3690/5820/5218 3685/5821/5219 3689/5822/5220
f 3689/5822/5220 3685/5821/5219 3686/5823/5221
f 3689/5822/5220 3686/5823/5221 3688/5824/5222
f 3688/5824/5222 3686/5823/5221 3687/5825/5223
f 3688/5824/5222 3687/5825/5223 3559/5826/5097
f 3559/5826/5097 3687/5825/5223 3560/5827/5100
f 3692/5828/5224 3691/5829/5225 3693/5830/5226
f 3693/5830/5226 3691/5829/5225 3690/5831/5227
f 3693/5830/5226 3690/5831/5227 3689/5832/5228
f 3693/5830/5226 3689/5832/5228 3699/5833/5229
f 3699/5833/5229 3689/5832/5228 3688/5834/5230
f 3699/5833/5229 3688/5834/5230 3695/5835/5231
f 3695/5835/5231 3688/5834/5230 3694/5836/5232
f 3694/5836/5232 3688/5834/5230 3559/5837/5233
f 3694/5836/5232 3559/5837/5233 3658/5838/5234
f 3658/5838/5234 3559/5837/5233 3659/5839/5235
f 3659/5839/5235 3559/5837/5233 3558/5840/5236
f 3695/5835/5231 3696/5841/5237 3699/5833/5229
f 3699/5833/5229 3696/5841/5237 3697/5842/5238
f 3699/5833/5229 3697/5842/5238 3698/5843/5239
f 3705/5844/5240 3699/5845/5241 3704/5846/5242
f 3704/5846/5242 3699/5845/5241 3698/5847/5243
f 3704/5846/5242 3698/5847/5243 3703/5848/5244
f 3703/5848/5244 3698/5847/5243 3697/5849/5245
f 3703/5848/5244 3697/5849/5245 3702/5850/5246
f 3702/5850/5246 3697/5849/5245 3696/5851/5247
f 3702/5850/5246 3696/5851/5247 3701/5852/5248
f 3701/5852/5248 3696/5851/5247 3695/5853/5249
f 3701/5852/5248 3695/5853/5249 3700/5854/5250
f 3700/5854/5250 3695/5853/5249 3694/5855/5251
f 3700/5854/5250 3694/5855/5251 3657/5856/5208
f 3657/5856/5208 3694/5855/5251 3658/5857/5209
f 3717/5858/5252 3706/5859/5253 3716/5860/5254
f 3716/5860/5254 3706/5859/5253 3707/5861/5255
f 3716/5860/5254 3707/5861/5255 3715/5862/5256
f 3715/5862/5256 3707/5861/5255 3708/5863/5257
f 3715/5862/5256 3708/5863/5257 3714/5864/5258
f 3714/5864/5258 3708/5863/5257 3709/5865/5259
f 3714/5864/5258 3709/5865/5259 3713/5866/5260
f 3713/5866/5260 3709/5865/5259 3710/5867/5261
f 3713/5866/5260 3710/5867/5261 3712/5868/5262
f 3712/5868/5262 3710/5867/5261 3711/5869/5263
f 3712/5868/5262 3711/5869/5263 3570/5870/5102
f 3570/5870/5102 3711/5869/5263 3571/5871/5099
f 3564/5872/5108 3718/5873/5264 3565/5874/5109
f 3565/5874/5109 3718/5873/5264 3733/5875/5265
f 3565/5874/5109 3733/5875/5265 3566/5876/5107
f 3566/5876/5107 3733/5875/5265 3738/5877/5266
f 3566/5876/5107 3738/5877/5266 3567/5878/5106
f 3567/5878/5106 3738/5877/5266 3743/5879/5267
f 3567/5878/5106 3743/5879/5267 3568/5880/5104
f 3568/5880/5104 3743/5879/5267 3748/5881/5268
f 3568/5880/5104 3748/5881/5268 3569/5882/5103
f 3569/5882/5103 3748/5881/5268 3753/5883/5269
f 3569/5882/5103 3753/5883/5269 3570/5884/5102
f 3570/5884/5102 3753/5883/5269 3712/5885/5262
f 3712/5885/5262 3753/5883/5269 3752/5886/5270
f 3712/5885/5262 3752/5886/5270 3713/5887/5260
f 3713/5887/5260 3752/5886/5270 3751/5888/5271
f 3713/5887/5260 3751/5888/5271 3714/5889/5258
f 3714/5889/5258 3751/5888/5271 3750/5890/5272
f 3714/5889/5258 3750/5890/5272 3715/5891/5256
f 3715/5891/5256 3750/5890/5272 3749/5892/5273
f 3715/5891/5256 3749/5892/5273 3716/5893/5254
f 3716/5893/5254 3749/5892/5273 3728/5894/5274
f 3716/5893/5254 3728/5894/5274 3717/5895/5252
f 3718/5873/5264 3719/5896/5275 3733/5875/5265
f 3733/5875/5265 3719/5896/5275 3732/5897/5276
f 3733/5875/5265 3732/5897/5276 3738/5877/5266
f 3738/5877/5266 3732/5897/5276 3737/5898/5277
f 3738/5877/5266 3737/5898/5277 3743/5879/5267
f 3743/5879/5267 3737/5898/5277 3742/5899/5278
f 3743/5879/5267 3742/5899/5278 3748/5881/5268
f 3748/5881/5268 3742/5899/5278 3747/5900/5279
f 3748/5881/5268 3747/5900/5279 3753/5883/5269
f 3753/5883/5269 3747/5900/5279 3752/5886/5270
f 3719/5896/5275 3720/5901/5280 3732/5897/5276
f 3732/5897/5276 3720/5901/5280 3731/5902/5281
f 3732/5897/5276 3731/5902/5281 3737/5898/5277
f 3737/5898/5277 3731/5902/5281 3736/5903/5282
f 3737/5898/5277 3736/5903/5282 3742/5899/5278
f 3742/5899/5278 3736/5903/5282 3741/5904/5283
f 3742/5899/5278 3741/5904/5283 3747/5900/5279
f 3747/5900/5279 3741/5904/5283 3746/5905/5284
f 3747/5900/5279 3746/5905/5284 3752/5886/5270
f 3752/5886/5270 3746/5905/5284 3751/5888/5271
f 3720/5901/5280 3721/5906/5285 3731/5902/5281
f 3731/5902/5281 3721/5906/5285 3730/5907/5286
f 3731/5902/5281 3730/5907/5286 3736/5903/5282
f 3736/5903/5282 3730/5907/5286 3735/5908/5287
f 3736/5903/5282 3735/5908/5287 3741/5904/5283
f 3741/5904/5283 3735/5908/5287 3740/5909/5288
f 3741/5904/5283 3740/5909/5288 3746/5905/5284
f 3746/5905/5284 3740/5909/5288 3745/5910/5289
f 3746/5905/5284 3745/5910/5289 3751/5888/5271
f 3751/5888/5271 3745/5910/5289 3750/5890/5272
f 3721/5906/5285 3722/5911/5290 3730/5907/5286
f 3730/5907/5286 3722/5911/5290 3729/5912/5291
f 3730/5907/5286 3729/5912/5291 3735/5908/5287
f 3735/5908/5287 3729/5912/5291 3734/5913/5292
f 3735/5908/5287 3734/5913/5292 3740/5909/5288
f 3740/5909/5288 3734/5913/5292 3739/5914/5293
f 3740/5909/5288 3739/5914/5293 3745/5910/5289
f 3745/5910/5289 3739/5914/5293 3744/5915/5294
f 3745/5910/5289 3744/5915/5294 3750/5890/5272
f 3750/5890/5272 3744/5915/5294 3749/5892/5273
f 3722/5911/5290 3723/5916/5295 3729/5912/5291
f 3729/5912/5291 3723/5916/5295 3724/5917/5296
f 3729/5912/5291 3724/5917/5296 3734/5913/5292
f 3734/5913/5292 3724/5917/5296 3725/5918/5297
f 3734/5913/5292 3725/5918/5297 3739/5914/5293
f 3739/5914/5293 3725/5918/5297 3726/5919/5298
f 3739/5914/5293 3726/5919/5298 3744/5915/5294
f 3744/5915/5294 3726/5919/5298 3727/5920/5299
f 3744/5915/5294 3727/5920/5299 3749/5892/5273
f 3749/5892/5273 3727/5920/5299 3728/5894/5274
f 3564/5921/5108 3563/5922/5105 3718/5923/5264
f 3718/5923/5264 3563/5922/5105 3754/5924/5300
f 3718/5923/5264 3754/5924/5300 3719/5925/5275
f 3719/5925/5275 3754/5924/5300 3755/5926/5301
f 3719/5925/5275 3755/5926/5301 3720/5927/5280
f 3720/5927/5280 3755/5926/5301 3756/5928/5302
f 3720/5927/5280 3756/5928/5302 3721/5929/5285
f 3721/5929/5285 3756/5928/5302 3757/5930/5303
f 3721/5929/5285 3757/5930/5303 3722/5931/5290
f 3722/5931/5290 3757/5930/5303 3758/5932/5304
f 3722/5931/5290 3758/5932/5304 3723/5933/5295
f 3723/5933/5295 3758/5932/5304 3759/5934/5305
f 3723/5935/5295 3759/5936/5305 3761/5937/5306
f 3761/5937/5306 3759/5936/5305 3760/5938/5307
f 3767/5939/5308 3717/5940/5252 3766/5941/5309
f 3766/5941/5309 3717/5940/5252 3728/5942/5274
f 3766/5941/5309 3728/5942/5274 3765/5943/5310
f 3765/5943/5310 3728/5942/5274 3727/5944/5299
f 3765/5943/5310 3727/5944/5299 3764/5945/5311
f 3764/5945/5311 3727/5944/5299 3726/5946/5298
f 3764/5945/5311 3726/5946/5298 3763/5947/5312
f 3763/5947/5312 3726/5946/5298 3725/5948/5297
f 3763/5947/5312 3725/5948/5297 3762/5949/5313
f 3762/5949/5313 3725/5948/5297 3724/5950/5296
f 3762/5949/5313 3724/5950/5296 3761/5951/5306
f 3761/5951/5306 3724/5950/5296 3723/5952/5295
f 3706/5953/5253 3717/5954/5252 3768/5955/5314
f 3768/5955/5314 3717/5954/5252 3767/5956/5308
f 3711/5957/5315 3710/5958/5316 3571/5959/5317
f 3571/5959/5317 3710/5958/5316 3709/5960/5318
f 3571/5959/5317 3709/5960/5318 3708/5961/5319
f 3708/5961/5319 3707/5962/5320 3571/5959/5317
f 3571/5959/5317 3707/5962/5320 3572/5963/5321
f 3572/5963/5321 3707/5962/5320 3706/5964/5322
f 3572/5963/5321 3706/5964/5322 3645/5965/5323
f 3645/5965/5323 3706/5964/5322 3768/5966/5324
f 3645/5965/5323 3768/5966/5324 3769/5967/5325
f 3645/5965/5323 3769/5967/5325 3646/5968/5326
f 3646/5968/5326 3769/5967/5325 3770/5969/5327
f 3646/5968/5326 3770/5969/5327 3771/5970/5328
f 3771/5970/5328 3772/5971/5329 3646/5968/5326
f 3646/5968/5326 3772/5971/5329 3773/5972/5330
f 3645/5965/5323 3644/5973/5331 3572/5963/5321
f 3572/5963/5321 3644/5973/5331 3573/5974/5332
f 3573/5974/5332 3644/5973/5331 3643/5975/5333
f 3573/5974/5332 3643/5975/5333 3574/5976/5334
f 3574/5976/5334 3643/5975/5333 3642/5977/5335
f 3574/5976/5334 3642/5977/5335 3575/5978/5336
f 3575/5978/5336 3642/5977/5335 3641/5979/5337
f 3575/5978/5336 3641/5979/5337 3576/5980/5338
f 3576/5980/5338 3641/5979/5337 3640/5981/5339
f 3576/5980/5338 3640/5981/5339 3577/5982/5340
f 3577/5982/5340 3640/5981/5339 3639/5983/5341
f 3577/5982/5340 3639/5983/5341 3578/5984/5342
f 3578/5984/5342 3639/5983/5341 3638/5985/5343
f 3578/5984/5342 3638/5985/5343 3579/5986/5344
f 3579/5986/5344 3638/5985/5343 3580/5987/5345
f 3580/5987/5345 3638/5985/5343 3637/5988/5346
f 3580/5987/5345 3637/5988/5346 3581/5989/5347
f 3581/5989/5347 3637/5988/5346 3636/5990/5348
f 3581/5989/5347 3636/5990/5348 3582/5991/5349
f 3582/5991/5349 3636/5990/5348 3635/5992/5350
f 3582/5991/5349 3635/5992/5350 3583/5993/5351
f 3583/5993/5351 3635/5992/5350 3634/5994/5352
f 3583/5993/5351 3634/5994/5352 3633/5995/5353
f 3583/5993/5351 3633/5995/5353 3584/5996/5354
f 3584/5996/5354 3633/5995/5353 3632/5997/5355
f 3584/5996/5354 3632/5997/5355 3585/5998/5356
f 3585/5998/5356 3632/5997/5355 3631/5999/5357
f 3585/5998/5356 3631/5999/5357 3586/6000/5358
f 3586/6000/5358 3631/5999/5357 3630/6001/5359
f 3586/6000/5358 3630/6001/5359 3587/6002/5360
f 3587/6002/5360 3630/6001/5359 3629/6003/5361
f 3587/6002/5360 3629/6003/5361 3588/6004/5362
f 3588/6004/5362 3629/6003/5361 3628/6005/5363
f 3588/6004/5362 3628/6005/5363 3589/6006/5364
f 3589/6006/5364 3628/6005/5363 3627/6007/5365
f 3589/6006/5364 3627/6007/5365 3590/6008/5366
f 3590/6008/5366 3627/6007/5365 3779/6009/5367
f 3590/6008/5366 3779/6009/5367 3780/6010/5368
f 3779/6009/5367 3627/6007/5365 3778/6011/5369
f 3778/6011/5369 3627/6007/5365 3626/6012/5370
f 3778/6011/5369 3626/6012/5370 3777/6013/5371
f 3777/6013/5371 3626/6012/5370 3776/6014/5372
f 3776/6014/5372 3626/6012/5370 3775/6015/5373
f 3775/6015/5373 3626/6012/5370 3774/6016/5374
f 3780/6010/5368 3781/6017/5375 3590/6008/5366
f 3590/6008/5366 3781/6017/5375 3591/6018/5376
f 3591/6018/5376 3781/6017/5375 3782/6019/5377
f 3591/6018/5376 3782/6019/5377 3783/6020/5378
f 3783/6020/5378 3784/6021/5379 3591/6018/5376
f 3591/6018/5376 3784/6021/5379 3785/6022/5380
f 3647/6023/5200 3646/6024/5197 3790/6025/5381
f 3790/6025/5381 3646/6024/5197 3773/6026/5382
f 3790/6025/5381 3773/6026/5382 3789/6027/5383
f 3789/6027/5383 3773/6026/5382 3772/6028/5384
f 3789/6027/5383 3772/6028/5384 3788/6029/5385
f 3788/6029/5385 3772/6028/5384 3771/6030/5386
f 3788/6029/5385 3771/6030/5386 3787/6031/5387
f 3787/6031/5387 3771/6030/5386 3770/6032/5388
f 3787/6031/5387 3770/6032/5388 3786/6033/5389
f 3786/6033/5389 3770/6032/5388 3769/6034/5390
f 3786/6033/5389 3769/6034/5390 3767/6035/5308
f 3767/6035/5308 3769/6034/5390 3768/6036/5314
f 3761/6037/5306 3791/6038/5391 3762/6039/5313
f 3762/6039/5313 3791/6038/5391 3800/6040/5392
f 3762/6039/5313 3800/6040/5392 3763/6041/5312
f 3763/6041/5312 3800/6040/5392 3805/6042/5393
f 3763/6041/5312 3805/6042/5393 3764/6043/5311
f 3764/6043/5311 3805/6042/5393 3810/6044/5394
f 3764/6043/5311 3810/6044/5394 3765/6045/5310
f 3765/6045/5310 3810/6044/5394 3815/6046/5395
f 3765/6045/5310 3815/6046/5395 3766/6047/5309
f 3766/6047/5309 3815/6046/5395 3820/6048/5396
f 3766/6047/5309 3820/6048/5396 3767/6049/5308
f 3767/6049/5308 3820/6048/5396 3786/6050/5389
f 3786/6050/5389 3820/6048/5396 3819/6051/5397
f 3786/6050/5389 3819/6051/5397 3787/6052/5387
f 3787/6052/5387 3819/6051/5397 3818/6053/5398
f 3787/6052/5387 3818/6053/5398 3788/6054/5385
f 3788/6054/5385 3818/6053/5398 3817/6055/5399
f 3788/6054/5385 3817/6055/5399 3789/6056/5383
f 3789/6056/5383 3817/6055/5399 3816/6057/5400
f 3789/6056/5383 3816/6057/5400 3790/6058/5381
f 3790/6058/5381 3816/6057/5400 3648/6059/5201
f 3790/6058/5381 3648/6059/5201 3647/6060/5200
f 3791/6038/5391 3792/6061/5401 3800/6040/5392
f 3800/6040/5392 3792/6061/5401 3799/6062/5402
f 3800/6040/5392 3799/6062/5402 3805/6042/5393
f 3805/6042/5393 3799/6062/5402 3804/6063/5403
f 3805/6042/5393 3804/6063/5403 3810/6044/5394
f 3810/6044/5394 3804/6063/5403 3809/6064/5404
f 3810/6044/5394 3809/6064/5404 3815/6046/5395
f 3815/6046/5395 3809/6064/5404 3814/6065/5405
f 3815/6046/5395 3814/6065/5405 3820/6048/5396
f 3820/6048/5396 3814/6065/5405 3819/6051/5397
f 3792/6061/5401 3793/6066/5406 3799/6062/5402
f 3799/6062/5402 3793/6066/5406 3798/6067/5407
f 3799/6062/5402 3798/6067/5407 3804/6063/5403
f 3804/6063/5403 3798/6067/5407 3803/6068/5408
f 3804/6063/5403 3803/6068/5408 3809/6064/5404
f 3809/6064/5404 3803/6068/5408 3808/6069/5409
f 3809/6064/5404 3808/6069/5409 3814/6065/5405
f 3814/6065/5405 3808/6069/5409 3813/6070/5410
f 3814/6065/5405 3813/6070/5410 3819/6051/5397
f 3819/6051/5397 3813/6070/5410 3818/6053/5398
f 3793/6066/5406 3794/6071/5411 3798/6067/5407
f 3798/6067/5407 3794/6071/5411 3797/6072/5412
f 3798/6067/5407 3797/6072/5412 3803/6068/5408
f 3803/6068/5408 3797/6072/5412 3802/6073/5413
f 3803/6068/5408 3802/6073/5413 3808/6069/5409
f 3808/6069/5409 3802/6073/5413 3807/6074/5414
f 3808/6069/5409 3807/6074/5414 3813/6070/5410
f 3813/6070/5410 3807/6074/5414 3812/6075/5415
f 3813/6070/5410 3812/6075/5415 3818/6053/5398
f 3818/6053/5398 3812/6075/5415 3817/6055/5399
f 3794/6071/5411 3795/6076/5416 3797/6072/5412
f 3797/6072/5412 3795/6076/5416 3796/6077/5417
f 3797/6072/5412 3796/6077/5417 3802/6073/5413
f 3802/6073/5413 3796/6077/5417 3801/6078/5418
f 3802/6073/5413 3801/6078/5418 3807/6074/5414
f 3807/6074/5414 3801/6078/5418 3806/6079/5419
f 3807/6074/5414 3806/6079/5419 3812/6075/5415
f 3812/6075/5415 3806/6079/5419 3811/6080/5420
f 3812/6075/5415 3811/6080/5420 3817/6055/5399
f 3817/6055/5399 3811/6080/5420 3816/6057/5400
f 3795/6076/5416 3653/6081/5207 3796/6077/5417
f 3796/6077/5417 3653/6081/5207 3652/6082/5206
f 3796/6077/5417 3652/6082/5206 3801/6078/5418
f 3801/6078/5418 3652/6082/5206 3651/6083/5205
f 3801/6078/5418 3651/6083/5205 3806/6079/5419
f 3806/6079/5419 3651/6083/5205 3650/6084/5204
f 3806/6079/5419 3650/6084/5204 3811/6080/5420
f 3811/6080/5420 3650/6084/5204 3649/6085/5202
f 3811/6080/5420 3649/6085/5202 3816/6057/5400
f 3816/6057/5400 3649/6085/5202 3648/6059/5201
f 3761/6086/5306 3760/6087/5307 3791/6088/5391
f 3791/6088/5391 3760/6087/5307 3821/6089/5421
f 3791/6088/5391 3821/6089/5421 3792/6090/5401
f 3792/6090/5401 3821/6089/5421 3822/6091/5422
f 3792/6090/5401 3822/6091/5422 3793/6092/5406
f 3793/6092/5406 3822/6091/5422 3823/6093/5423
f 3793/6092/5406 3823/6093/5423 3794/6094/5411
f 3794/6094/5411 3823/6093/5423 3824/6095/5424
f 3794/6094/5411 3824/6095/5424 3795/6096/5416
f 3795/6096/5416 3824/6095/5424 3825/6097/5425
f 3795/6096/5416 3825/6097/5425 3653/6098/5207
f 3653/6098/5207 3825/6097/5425 3654/6099/5203
f 3619/6100/5157 3618/6101/5154 3837/6102/5426
f 3837/6102/5426 3618/6101/5154 3826/6103/5427
f 3837/6102/5426 3826/6103/5427 3836/6104/5428
f 3836/6104/5428 3826/6103/5427 3827/6105/5429
f 3836/6104/5428 3827/6105/5429 3835/6106/5430
f 3835/6106/5430 3827/6105/5429 3828/6107/5431
f 3835/6106/5430 3828/6107/5431 3834/6108/5432
f 3834/6108/5432 3828/6107/5431 3829/6109/5433
f 3834/6108/5432 3829/6109/5433 3833/6110/5434
f 3833/6110/5434 3829/6109/5433 3830/6111/5435
f 3833/6110/5434 3830/6111/5435 3832/6112/5436
f 3832/6112/5436 3830/6111/5435 3831/6113/5437
f 3838/6114/5438 3839/6115/5439 3848/6116/5440
f 3848/6116/5440 3839/6115/5439 3853/6117/5441
f 3848/6116/5440 3853/6117/5441 3847/6118/5442
f 3847/6118/5442 3853/6117/5441 3858/6119/5443
f 3847/6118/5442 3858/6119/5443 3846/6120/5444
f 3846/6120/5444 3858/6119/5443 3863/6121/5445
f 3846/6120/5444 3863/6121/5445 3845/6122/5446
f 3845/6122/5446 3863/6121/5445 3868/6123/5447
f 3845/6122/5446 3868/6123/5447 3844/6124/5448
f 3844/6124/5448 3868/6123/5447 3873/6125/5449
f 3844/6124/5448 3873/6125/5449 3832/6126/5436
f 3832/6126/5436 3873/6125/5449 3833/6127/5434
f 3833/6127/5434 3873/6125/5449 3872/6128/5450
f 3833/6127/5434 3872/6128/5450 3834/6129/5432
f 3834/6129/5432 3872/6128/5450 3871/6130/5451
f 3834/6129/5432 3871/6130/5451 3835/6131/5430
f 3835/6131/5430 3871/6130/5451 3870/6132/5452
f 3835/6131/5430 3870/6132/5452 3836/6133/5428
f 3836/6133/5428 3870/6132/5452 3869/6134/5453
f 3836/6133/5428 3869/6134/5453 3837/6135/5426
f 3837/6135/5426 3869/6134/5453 3620/6136/5158
f 3837/6135/5426 3620/6136/5158 3619/6137/5157
f 3839/6115/5439 3840/6138/5454 3853/6117/5441
f 3853/6117/5441 3840/6138/5454 3852/6139/5455
f 3853/6117/5441 3852/6139/5455 3858/6119/5443
f 3858/6119/5443 3852/6139/5455 3857/6140/5456
f 3858/6119/5443 3857/6140/5456 3863/6121/5445
f 3863/6121/5445 3857/6140/5456 3862/6141/5457
f 3863/6121/5445 3862/6141/5457 3868/6123/5447
f 3868/6123/5447 3862/6141/5457 3867/6142/5458
f 3868/6123/5447 3867/6142/5458 3873/6125/5449
f 3873/6125/5449 3867/6142/5458 3872/6128/5450
f 3840/6138/5454 3841/6143/5459 3852/6139/5455
f 3852/6139/5455 3841/6143/5459 3851/6144/5460
f 3852/6139/5455 3851/6144/5460 3857/6140/5456
f 3857/6140/5456 3851/6144/5460 3856/6145/5461
f 3857/6140/5456 3856/6145/5461 3862/6141/5457
f 3862/6141/5457 3856/6145/5461 3861/6146/5462
f 3862/6141/5457 3861/6146/5462 3867/6142/5458
f 3867/6142/5458 3861/6146/5462 3866/6147/5463
f 3867/6142/5458 3866/6147/5463 3872/6128/5450
f 3872/6128/5450 3866/6147/5463 3871/6130/5451
f 3841/6143/5459 3842/6148/5464 3851/6144/5460
f 3851/6144/5460 3842/6148/5464 3850/6149/5465
f 3851/6144/5460 3850/6149/5465 3856/6145/5461
f 3856/6145/5461 3850/6149/5465 3855/6150/5466
f 3856/6145/5461 3855/6150/5466 3861/6146/5462
f 3861/6146/5462 3855/6150/5466 3860/6151/5467
f 3861/6146/5462 3860/6151/5467 3866/6147/5463
f 3866/6147/5463 3860/6151/5467 3865/6152/5468
f 3866/6147/5463 3865/6152/5468 3871/6130/5451
f 3871/6130/5451 3865/6152/5468 3870/6132/5452
f 3842/6148/5464 3843/6153/5469 3850/6149/5465
f 3850/6149/5465 3843/6153/5469 3849/6154/5470
f 3850/6149/5465 3849/6154/5470 3855/6150/5466
f 3855/6150/5466 3849/6154/5470 3854/6155/5471
f 3855/6150/5466 3854/6155/5471 3860/6151/5467
f 3860/6151/5467 3854/6155/5471 3859/6156/5472
f 3860/6151/5467 3859/6156/5472 3865/6152/5468
f 3865/6152/5468 3859/6156/5472 3864/6157/5473
f 3865/6152/5468 3864/6157/5473 3870/6132/5452
f 3870/6132/5452 3864/6157/5473 3869/6134/5453
f 3843/6153/5469 3625/6158/5151 3849/6154/5470
f 3849/6154/5470 3625/6158/5151 3624/6159/5152
f 3849/6154/5470 3624/6159/5152 3854/6155/5471
f 3854/6155/5471 3624/6159/5152 3623/6160/5153
f 3854/6155/5471 3623/6160/5153 3859/6156/5472
f 3859/6156/5472 3623/6160/5153 3622/6161/5155
f 3859/6156/5472 3622/6161/5155 3864/6157/5473
f 3864/6157/5473 3622/6161/5155 3621/6162/5156
f 3864/6157/5473 3621/6162/5156 3869/6134/5453
f 3869/6134/5453 3621/6162/5156 3620/6136/5158
f 3838/6163/5438 3779/6164/5474 3839/6165/5439
f 3839/6165/5439 3779/6164/5474 3778/6166/5475
f 3839/6165/5439 3778/6166/5475 3840/6167/5454
f 3840/6167/5454 3778/6166/5475 3777/6168/5476
f 3840/6167/5454 3777/6168/5476 3841/6169/5459
f 3841/6169/5459 3777/6168/5476 3776/6170/5477
f 3841/6169/5459 3776/6170/5477 3842/6171/5464
f 3842/6171/5464 3776/6170/5477 3775/6172/5478
f 3842/6171/5464 3775/6172/5478 3843/6173/5469
f 3843/6173/5469 3775/6172/5478 3774/6174/5479
f 3843/6173/5469 3774/6174/5479 3625/6175/5151
f 3625/6175/5151 3774/6174/5479 3626/6176/5148
f 3832/6177/5436 3831/6178/5437 3875/6179/5480
f 3875/6179/5480 3831/6178/5437 3874/6180/5481
f 3881/6181/5482 3838/6182/5438 3880/6183/5483
f 3880/6183/5483 3838/6182/5438 3848/6184/5440
f 3880/6183/5483 3848/6184/5440 3879/6185/5484
f 3879/6185/5484 3848/6184/5440 3847/6186/5442
f 3879/6185/5484 3847/6186/5442 3878/6187/5485
f 3878/6187/5485 3847/6186/5442 3846/6188/5444
f 3878/6187/5485 3846/6188/5444 3877/6189/5486
f 3877/6189/5486 3846/6188/5444 3845/6190/5446
f 3877/6189/5486 3845/6190/5446 3876/6191/5487
f 3876/6191/5487 3845/6190/5446 3844/6192/5448
f 3876/6191/5487 3844/6192/5448 3875/6193/5480
f 3875/6193/5480 3844/6192/5448 3832/6194/5436
f 3838/6195/5438 3881/6196/5482 3779/6197/5474
f 3779/6197/5474 3881/6196/5482 3780/6198/5488
f 3875/6199/5480 3874/6200/5481 3891/6201/5489
f 3891/6201/5489 3874/6200/5481 3882/6202/5490
f 3891/6201/5489 3882/6202/5490 3890/6203/5491
f 3890/6203/5491 3882/6202/5490 3883/6204/5492
f 3890/6203/5491 3883/6204/5492 3889/6205/5493
f 3889/6205/5493 3883/6204/5492 3884/6206/5494
f 3889/6205/5493 3884/6206/5494 3888/6207/5495
f 3888/6207/5495 3884/6206/5494 3885/6208/5496
f 3888/6207/5495 3885/6208/5496 3887/6209/5497
f 3887/6209/5497 3885/6208/5496 3886/6210/5498
f 3887/6209/5497 3886/6210/5498 3598/6211/5115
f 3598/6211/5115 3886/6210/5498 3599/6212/5111
f 3592/6213/5054 3892/6214/5499 3593/6215/5055
f 3593/6215/5055 3892/6214/5499 3901/6216/5500
f 3593/6215/5055 3901/6216/5500 3594/6217/5110
f 3594/6217/5110 3901/6216/5500 3906/6218/5501
f 3594/6217/5110 3906/6218/5501 3595/6219/5112
f 3595/6219/5112 3906/6218/5501 3911/6220/5502
f 3595/6219/5112 3911/6220/5502 3596/6221/5113
f 3596/6221/5113 3911/6220/5502 3916/6222/5503
f 3596/6221/5113 3916/6222/5503 3597/6223/5114
f 3597/6223/5114 3916/6222/5503 3921/6224/5504
f 3597/6223/5114 3921/6224/5504 3598/6225/5115
f 3598/6225/5115 3921/6224/5504 3887/6226/5497
f 3887/6226/5497 3921/6224/5504 3920/6227/5505
f 3887/6226/5497 3920/6227/5505 3888/6228/5495
f 3888/6228/5495 3920/6227/5505 3919/6229/5506
f 3888/6228/5495 3919/6229/5506 3889/6230/5493
f 3889/6230/5493 3919/6229/5506 3918/6231/5507
f 3889/6230/5493 3918/6231/5507 3890/6232/5491
f 3890/6232/5491 3918/6231/5507 3917/6233/5508
f 3890/6232/5491 3917/6233/5508 3891/6234/5489
f 3891/6234/5489 3917/6233/5508 3876/6235/5487
f 3891/6234/5489 3876/6235/5487 3875/6236/5480
f 3892/6214/5499 3893/6237/5509 3901/6216/5500
f 3901/6216/5500 3893/6237/5509 3900/6238/5510
f 3901/6216/5500 3900/6238/5510 3906/6218/5501
f 3906/6218/5501 3900/6238/5510 3905/6239/5511
f 3906/6218/5501 3905/6239/5511 3911/6220/5502
f 3911/6220/5502 3905/6239/5511 3910/6240/5512
f 3911/6220/5502 3910/6240/5512 3916/6222/5503
f 3916/6222/5503 3910/6240/5512 3915/6241/5513
f 3916/6222/5503 3915/6241/5513 3921/6224/5504
f 3921/6224/5504 3915/6241/5513 3920/6227/5505
f 3893/6237/5509 3894/6242/5514 3900/6238/5510
f 3900/6238/5510 3894/6242/5514 3899/6243/5515
f 3900/6238/5510 3899/6243/5515 3905/6239/5511
f 3905/6239/5511 3899/6243/5515 3904/6244/5516
f 3905/6239/5511 3904/6244/5516 3910/6240/5512
f 3910/6240/5512 3904/6244/5516 3909/6245/5517
f 3910/6240/5512 3909/6245/5517 3915/6241/5513
f 3915/6241/5513 3909/6245/5517 3914/6246/5518
f 3915/6241/5513 3914/6246/5518 3920/6227/5505
f 3920/6227/5505 3914/6246/5518 3919/6229/5506
f 3894/6242/5514 3895/6247/5519 3899/6243/5515
f 3899/6243/5515 3895/6247/5519 3898/6248/5520
f 3899/6243/5515 3898/6248/5520 3904/6244/5516
f 3904/6244/5516 3898/6248/5520 3903/6249/5521
f 3904/6244/5516 3903/6249/5521 3909/6245/5517
f 3909/6245/5517 3903/6249/5521 3908/6250/5522
f 3909/6245/5517 3908/6250/5522 3914/6246/5518
f 3914/6246/5518 3908/6250/5522 3913/6251/5523
f 3914/6246/5518 3913/6251/5523 3919/6229/5506
f 3919/6229/5506 3913/6251/5523 3918/6231/5507
f 3895/6247/5519 3896/6252/5524 3898/6248/5520
f 3898/6248/5520 3896/6252/5524 3897/6253/5525
f 3898/6248/5520 3897/6253/5525 3903/6249/5521
f 3903/6249/5521 3897/6253/5525 3902/6254/5526
f 3903/6249/5521 3902/6254/5526 3908/6250/5522
f 3908/6250/5522 3902/6254/5526 3907/6255/5527
f 3908/6250/5522 3907/6255/5527 3913/6251/5523
f 3913/6251/5523 3907/6255/5527 3912/6256/5528
f 3913/6251/5523 3912/6256/5528 3918/6231/5507
f 3918/6231/5507 3912/6256/5528 3917/6233/5508
f 3896/6252/5524 3881/6257/5482 3897/6253/5525
f 3897/6253/5525 3881/6257/5482 3880/6258/5483
f 3897/6253/5525 3880/6258/5483 3902/6254/5526
f 3902/6254/5526 3880/6258/5483 3879/6259/5484
f 3902/6254/5526 3879/6259/5484 3907/6255/5527
f 3907/6255/5527 3879/6259/5484 3878/6260/5485
f 3907/6255/5527 3878/6260/5485 3912/6256/5528
f 3912/6256/5528 3878/6260/5485 3877/6261/5486
f 3912/6256/5528 3877/6261/5486 3917/6233/5508
f 3917/6233/5508 3877/6261/5486 3876/6235/5487
f 3592/6262/5054 3591/6263/5052 3892/6264/5499
f 3892/6264/5499 3591/6263/5052 3785/6265/5529
f 3892/6264/5499 3785/6265/5529 3893/6266/5509
f 3893/6266/5509 3785/6265/5529 3784/6267/5530
f 3893/6266/5509 3784/6267/5530 3894/6268/5514
f 3894/6268/5514 3784/6267/5530 3783/6269/5531
f 3894/6268/5514 3783/6269/5531 3895/6270/5519
f 3895/6270/5519 3783/6269/5531 3782/6271/5532
f 3895/6270/5519 3782/6271/5532 3896/6272/5524
f 3896/6272/5524 3782/6271/5532 3781/6273/5533
f 3896/6272/5524 3781/6273/5533 3881/6274/5482
f 3881/6274/5482 3781/6273/5533 3780/6275/5488
f 3950/6276/5534 3922/6277/5535 3951/6278/5536
f 3951/6278/5536 3922/6277/5535 3923/6279/5537
f 3951/6278/5536 3923/6279/5537 3995/6280/5538
f 3995/6280/5538 3923/6279/5537 3924/6281/5539
f 3995/6280/5538 3924/6281/5539 4039/6282/5540
f 4039/6282/5540 3924/6281/5539 3925/6283/5541
f 4039/6282/5540 3925/6283/5541 4083/6284/5542
f 4083/6284/5542 3925/6283/5541 3926/6285/5543
f 4083/6284/5542 3926/6285/5543 4127/6286/5544
f 4127/6286/5544 3926/6285/5543 3927/6287/5545
f 4127/6286/5544 3927/6287/5545 3556/6288/5096
f 3556/6288/5096 3555/6289/5092 4127/6286/5544
f 4127/6286/5544 3555/6289/5092 4128/6290/5546
f 4127/6286/5544 4128/6290/5546 4083/6284/5542
f 4083/6284/5542 4128/6290/5546 4084/6291/5547
f 4083/6284/5542 4084/6291/5547 4039/6282/5540
f 4039/6282/5540 4084/6291/5547 4040/6292/5548
f 4039/6282/5540 4040/6292/5548 3995/6280/5538
f 3995/6280/5538 4040/6292/5548 3996/6293/5549
f 3995/6280/5538 3996/6293/5549 3951/6278/5536
f 3951/6278/5536 3996/6293/5549 3952/6294/5550
f 3951/6278/5536 3952/6294/5550 3950/6276/5534
f 3950/6276/5534 3952/6294/5550 3953/6295/5551
f 3950/6276/5534 3953/6295/5551 3954/6296/5552
f 3954/6296/5552 3953/6295/5551 3998/6297/5553
f 3954/6296/5552 3998/6297/5553 3999/6298/5554
f 3999/6298/5554 3998/6297/5553 4043/6299/5555
f 3999/6298/5554 4043/6299/5555 4044/6300/5556
f 4044/6300/5556 4043/6299/5555 4088/6301/5557
f 4044/6300/5556 4088/6301/5557 4089/6302/5558
f 4089/6302/5558 4088/6301/5557 4133/6303/5559
f 4089/6302/5558 4133/6303/5559 4134/6304/5560
f 4134/6304/5560 4133/6303/5559 3553/6305/5088
f 4134/6304/5560 3553/6305/5088 4135/6306/5561
f 4135/6306/5561 3553/6305/5088 3552/6307/5086
f 4135/6306/5561 3552/6307/5086 4136/6308/5562
f 4136/6308/5562 3552/6307/5086 4137/6309/5563
f 4136/6308/5562 4137/6309/5563 4092/6310/5564
f 4092/6310/5564 4137/6309/5563 4093/6311/5565
f 4092/6310/5564 4093/6311/5565 4048/6312/5566
f 4048/6312/5566 4093/6311/5565 4049/6313/5567
f 4048/6312/5566 4049/6313/5567 4004/6314/5568
f 4004/6314/5568 4049/6313/5567 4005/6315/5569
f 4004/6314/5568 4005/6315/5569 3960/6316/5570
f 3960/6316/5570 4005/6315/5569 3961/6317/5571
f 3960/6316/5570 3961/6317/5571 3947/6318/5572
f 3947/6318/5572 3961/6317/5571 3946/6319/5573
f 3946/6319/5573 3961/6317/5571 3962/6320/5574
f 3946/6319/5573 3962/6320/5574 3963/6321/5575
f 3963/6321/5575 3962/6320/5574 4007/6322/5576
f 3963/6321/5575 4007/6322/5576 4008/6323/5577
f 4008/6323/5577 4007/6322/5576 4052/6324/5578
f 4008/6323/5577 4052/6324/5578 4053/6325/5579
f 4053/6325/5579 4052/6324/5578 4097/6326/5580
f 4053/6325/5579 4097/6326/5580 4098/6327/5581
f 4098/6327/5581 4097/6326/5580 4142/6328/5582
f 4098/6327/5581 4142/6328/5582 4143/6329/5583
f 4143/6329/5583 4142/6328/5582 3549/6330/5080
f 4143/6329/5583 3549/6330/5080 4144/6331/5584
f 4144/6331/5584 3549/6330/5080 4145/6332/5585
f 4144/6331/5584 4145/6332/5585 4100/6333/5586
f 4100/6333/5586 4145/6332/5585 4101/6334/5587
f 4100/6333/5586 4101/6334/5587 4056/6335/5588
f 4056/6335/5588 4101/6334/5587 4057/6336/5589
f 4056/6335/5588 4057/6336/5589 4012/6337/5590
f 4012/6337/5590 4057/6336/5589 4013/6338/5591
f 4012/6337/5590 4013/6338/5591 3968/6339/5592
f 3968/6339/5592 4013/6338/5591 3969/6340/5593
f 3968/6339/5592 3969/6340/5593 3944/6341/5594
f 3944/6341/5594 3969/6340/5593 3943/6342/5595
f 3943/6342/5595 3969/6340/5593 3970/6343/5596
f 3943/6342/5595 3970/6343/5596 3971/6344/5597
f 3971/6344/5597 3970/6343/5596 4015/6345/5598
f 3971/6344/5597 4015/6345/5598 4016/6346/5599
f 4016/6346/5599 4015/6345/5598 4060/6347/5600
f 4016/6346/5599 4060/6347/5600 4061/6348/5601
f 4061/6348/5601 4060/6347/5600 4105/6349/5602
f 4061/6348/5601 4105/6349/5602 4106/6350/5603
f 4106/6350/5603 4105/6349/5602 4150/6351/5604
f 4106/6350/5603 4150/6351/5604 4151/6352/5605
f 4151/6352/5605 4150/6351/5604 3546/6353/5073
f 4151/6352/5605 3546/6353/5073 4152/6354/5606
f 4152/6354/5606 3546/6353/5073 3545/6355/5071
f 4152/6354/5606 3545/6355/5071 4153/6356/5607
f 4153/6356/5607 3545/6355/5071 4154/6357/5608
f 4153/6356/5607 4154/6357/5608 4109/6358/5609
f 4109/6358/5609 4154/6357/5608 4110/6359/5610
f 4109/6358/5609 4110/6359/5610 4065/6360/5611
f 4065/6360/5611 4110/6359/5610 4066/6361/5612
f 4065/6360/5611 4066/6361/5612 4021/6362/5613
f 4021/6362/5613 4066/6361/5612 4022/6363/5614
f 4021/6362/5613 4022/6363/5614 3977/6364/5615
f 3977/6364/5615 4022/6363/5614 3978/6365/5616
f 3977/6364/5615 3978/6365/5616 3940/6366/5617
f 3940/6366/5617 3978/6365/5616 3979/6367/5618
f 3940/6366/5617 3979/6367/5618 3939/6368/5619
f 3939/6368/5619 3979/6367/5618 3980/6369/5620
f 3939/6368/5619 3980/6369/5620 3981/6370/5621
f 3981/6370/5621 3980/6369/5620 4025/6371/5622
f 3981/6370/5621 4025/6371/5622 4026/6372/5623
f 4026/6372/5623 4025/6371/5622 4070/6373/5624
f 4026/6372/5623 4070/6373/5624 4071/6374/5625
f 4071/6374/5625 4070/6373/5624 4115/6375/5626
f 4071/6374/5625 4115/6375/5626 4116/6376/5627
f 4116/6376/5627 4115/6375/5626 4160/6377/5628
f 4116/6376/5627 4160/6377/5628 4161/6378/5629
f 4161/6378/5629 4160/6377/5628 3542/6379/5065
f 4161/6378/5629 3542/6379/5065 4162/6380/5630
f 4162/6380/5630 3542/6379/5065 3541/6381/5063
f 4162/6380/5630 3541/6381/5063 4163/6382/5631
f 4163/6382/5631 3541/6381/5063 4164/6383/5632
f 4163/6382/5631 4164/6383/5632 4119/6384/5633
f 4119/6384/5633 4164/6383/5632 4120/6385/5634
f 4119/6384/5633 4120/6385/5634 4075/6386/5635
f 4075/6386/5635 4120/6385/5634 4076/6387/5636
f 4075/6386/5635 4076/6387/5636 4031/6388/5637
f 4031/6388/5637 4076/6387/5636 4032/6389/5638
f 4031/6388/5637 4032/6389/5638 3987/6390/5639
f 3987/6390/5639 4032/6389/5638 3988/6391/5640
f 3987/6390/5639 3988/6391/5640 3936/6392/5641
f 3936/6392/5641 3988/6391/5640 3989/6393/5642
f 3936/6392/5641 3989/6393/5642 3935/6394/5643
f 3935/6394/5643 3989/6393/5642 3990/6395/5644
f 3935/6394/5643 3990/6395/5644 3991/6396/5645
f 3991/6396/5645 3990/6395/5644 4035/6397/5646
f 3991/6396/5645 4035/6397/5646 4036/6398/5647
f 4036/6398/5647 4035/6397/5646 4080/6399/5648
f 4036/6398/5647 4080/6399/5648 4081/6400/5649
f 4081/6400/5649 4080/6399/5648 4125/6401/5650
f 4081/6400/5649 4125/6401/5650 4126/6402/5651
f 4126/6402/5651 4125/6401/5650 4170/6403/5652
f 4126/6402/5651 4170/6403/5652 3928/6404/5653
f 3928/6404/5653 4170/6403/5652 3538/6405/5059
f 3538/6405/5059 4170/6403/5652 3539/6406/5058
f 3539/6406/5058 4170/6403/5652 4169/6407/5654
f 3539/6406/5058 4169/6407/5654 4168/6408/5655
f 4168/6408/5655 4169/6407/5654 4124/6409/5656
f 4168/6408/5655 4124/6409/5656 4123/6410/5657
f 4123/6410/5657 4124/6409/5656 4079/6411/5658
f 4123/6410/5657 4079/6411/5658 4078/6412/5659
f 4078/6412/5659 4079/6411/5658 4034/6413/5660
f 4078/6412/5659 4034/6413/5660 4033/6414/5661
f 4033/6414/5661 4034/6413/5660 3989/6393/5642
f 4033/6414/5661 3989/6393/5642 3988/6391/5640
f 3554/6415/5090 4130/6416/5662 3555/6289/5092
f 3555/6289/5092 4130/6416/5662 4129/6417/5663
f 3555/6289/5092 4129/6417/5663 4128/6290/5546
f 4128/6290/5546 4129/6417/5663 4084/6291/5547
f 3553/6305/5088 4132/6418/5664 3554/6415/5090
f 3554/6415/5090 4132/6418/5664 4131/6419/5665
f 3554/6415/5090 4131/6419/5665 4130/6416/5662
f 4130/6416/5662 4131/6419/5665 4086/6420/5666
f 4130/6416/5662 4086/6420/5666 4085/6421/5667
f 4085/6421/5667 4086/6420/5666 4041/6422/5668
f 4085/6421/5667 4041/6422/5668 4040/6292/5548
f 4040/6292/5548 4041/6422/5668 3996/6293/5549
f 3552/6307/5086 3551/6423/5084 4137/6309/5563
f 4137/6309/5563 3551/6423/5084 4138/6424/5669
f 4137/6309/5563 4138/6424/5669 4093/6311/5565
f 4093/6311/5565 4138/6424/5669 4094/6425/5670
f 4093/6311/5565 4094/6425/5670 4049/6313/5567
f 4049/6313/5567 4094/6425/5670 4050/6426/5671
f 4049/6313/5567 4050/6426/5671 4005/6315/5569
f 4005/6315/5569 4050/6426/5671 4006/6427/5672
f 4005/6315/5569 4006/6427/5672 3961/6317/5571
f 3961/6317/5571 4006/6427/5672 3962/6320/5574
f 3550/6428/5082 4140/6429/5673 3551/6423/5084
f 3551/6423/5084 4140/6429/5673 4139/6430/5674
f 3551/6423/5084 4139/6430/5674 4138/6424/5669
f 4138/6424/5669 4139/6430/5674 4094/6425/5670
f 3549/6330/5080 4142/6328/5582 3550/6428/5082
f 3550/6428/5082 4142/6328/5582 4141/6431/5675
f 3550/6428/5082 4141/6431/5675 4140/6429/5673
f 4140/6429/5673 4141/6431/5675 4096/6432/5676
f 4140/6429/5673 4096/6432/5676 4095/6433/5677
f 4095/6433/5677 4096/6432/5676 4051/6434/5678
f 4095/6433/5677 4051/6434/5678 4050/6426/5671
f 4050/6426/5671 4051/6434/5678 4006/6427/5672
f 3549/6330/5080 3548/6435/5078 4145/6332/5585
f 4145/6332/5585 3548/6435/5078 4146/6436/5679
f 4145/6332/5585 4146/6436/5679 4101/6334/5587
f 4101/6334/5587 4146/6436/5679 4102/6437/5680
f 4101/6334/5587 4102/6437/5680 4057/6336/5589
f 4057/6336/5589 4102/6437/5680 4058/6438/5681
f 4057/6336/5589 4058/6438/5681 4013/6338/5591
f 4013/6338/5591 4058/6438/5681 4014/6439/5682
f 4013/6338/5591 4014/6439/5682 3969/6340/5593
f 3969/6340/5593 4014/6439/5682 3970/6343/5596
f 4146/6436/5679 3548/6435/5078 4147/6440/5683
f 4147/6440/5683 3548/6435/5078 3547/6441/5075
f 4147/6440/5683 3547/6441/5075 4148/6442/5684
f 4148/6442/5684 3547/6441/5075 4149/6443/5685
f 4148/6442/5684 4149/6443/5685 4104/6444/5686
f 4104/6444/5686 4149/6443/5685 4105/6349/5602
f 4104/6444/5686 4105/6349/5602 4060/6347/5600
f 4149/6443/5685 3547/6441/5075 4150/6351/5604
f 4150/6351/5604 3547/6441/5075 3546/6353/5073
f 4154/6357/5608 3545/6355/5071 4155/6445/5687
f 4155/6445/5687 3545/6355/5071 3544/6446/5069
f 4155/6445/5687 3544/6446/5069 4156/6447/5688
f 4156/6447/5688 3544/6446/5069 4157/6448/5689
f 4156/6447/5688 4157/6448/5689 4112/6449/5690
f 4112/6449/5690 4157/6448/5689 4113/6450/5691
f 4112/6449/5690 4113/6450/5691 4068/6451/5692
f 4068/6451/5692 4113/6450/5691 4069/6452/5693
f 4068/6451/5692 4069/6452/5693 4024/6453/5694
f 4024/6453/5694 4069/6452/5693 4025/6371/5622
f 4024/6453/5694 4025/6371/5622 3980/6369/5620
f 3544/6446/5069 3543/6454/5067 4157/6448/5689
f 4157/6448/5689 3543/6454/5067 4158/6455/5695
f 4157/6448/5689 4158/6455/5695 4113/6450/5691
f 4113/6450/5691 4158/6455/5695 4114/6456/5696
f 4113/6450/5691 4114/6456/5696 4069/6452/5693
f 4069/6452/5693 4114/6456/5696 4070/6373/5624
f 4069/6452/5693 4070/6373/5624 4025/6371/5622
f 3542/6379/5065 4160/6377/5628 3543/6454/5067
f 3543/6454/5067 4160/6377/5628 4159/6457/5697
f 3543/6454/5067 4159/6457/5697 4158/6455/5695
f 4158/6455/5695 4159/6457/5697 4114/6456/5696
f 4164/6383/5632 3541/6381/5063 4165/6458/5698
f 4165/6458/5698 3541/6381/5063 3540/6459/5061
f 4165/6458/5698 3540/6459/5061 4166/6460/5699
f 4166/6460/5699 3540/6459/5061 4167/6461/5700
f 4166/6460/5699 4167/6461/5700 4122/6462/5701
f 4122/6462/5701 4167/6461/5700 4123/6410/5657
f 4122/6462/5701 4123/6410/5657 4078/6412/5659
f 3540/6459/5061 3539/6406/5058 4167/6461/5700
f 4167/6461/5700 3539/6406/5058 4168/6408/5655
f 4167/6461/5700 4168/6408/5655 4123/6410/5657
f 3928/6404/5653 3929/6463/5702 4126/6402/5651
f 4126/6402/5651 3929/6463/5702 4082/6464/5703
f 4126/6402/5651 4082/6464/5703 4081/6400/5649
f 4081/6400/5649 4082/6464/5703 4037/6465/5704
f 4081/6400/5649 4037/6465/5704 4036/6398/5647
f 4036/6398/5647 4037/6465/5704 3992/6466/5705
f 4036/6398/5647 3992/6466/5705 3991/6396/5645
f 3991/6396/5645 3992/6466/5705 3934/6467/5706
f 3991/6396/5645 3934/6467/5706 3935/6394/5643
f 3929/6463/5702 3930/6468/5707 4082/6464/5703
f 4082/6464/5703 3930/6468/5707 4038/6469/5708
f 4082/6464/5703 4038/6469/5708 4037/6465/5704
f 4037/6465/5704 4038/6469/5708 3993/6470/5709
f 4037/6465/5704 3993/6470/5709 3992/6466/5705
f 3992/6466/5705 3993/6470/5709 3934/6467/5706
f 3930/6468/5707 3931/6471/5710 4038/6469/5708
f 4038/6469/5708 3931/6471/5710 3994/6472/5711
f 4038/6469/5708 3994/6472/5711 3993/6470/5709
f 3993/6470/5709 3994/6472/5711 3934/6467/5706
f 3931/6471/5710 3932/6473/5712 3994/6472/5711
f 3994/6472/5711 3932/6473/5712 3933/6474/5713
f 3994/6472/5711 3933/6474/5713 3934/6467/5706
f 3987/6390/5639 3936/6392/5641 3986/6475/5714
f 3986/6475/5714 3936/6392/5641 3937/6476/5715
f 3986/6475/5714 3937/6476/5715 3985/6477/5716
f 3985/6477/5716 3937/6476/5715 3984/6478/5717
f 3985/6477/5716 3984/6478/5717 4029/6479/5718
f 4029/6479/5718 3984/6478/5717 4028/6480/5719
f 4029/6479/5718 4028/6480/5719 4073/6481/5720
f 4073/6481/5720 4028/6480/5719 4072/6482/5721
f 4073/6481/5720 4072/6482/5721 4117/6483/5722
f 4117/6483/5722 4072/6482/5721 4116/6376/5627
f 4117/6483/5722 4116/6376/5627 4161/6378/5629
f 3937/6476/5715 3938/6484/5723 3984/6478/5717
f 3984/6478/5717 3938/6484/5723 3983/6485/5724
f 3984/6478/5717 3983/6485/5724 4028/6480/5719
f 4028/6480/5719 3983/6485/5724 4027/6486/5725
f 4028/6480/5719 4027/6486/5725 4072/6482/5721
f 4072/6482/5721 4027/6486/5725 4071/6374/5625
f 4072/6482/5721 4071/6374/5625 4116/6376/5627
f 3939/6368/5619 3981/6370/5621 3938/6484/5723
f 3938/6484/5723 3981/6370/5621 3982/6487/5726
f 3938/6484/5723 3982/6487/5726 3983/6485/5724
f 3983/6485/5724 3982/6487/5726 4027/6486/5725
f 3977/6364/5615 3940/6366/5617 3976/6488/5727
f 3976/6488/5727 3940/6366/5617 3941/6489/5728
f 3976/6488/5727 3941/6489/5728 3975/6490/5729
f 3975/6490/5729 3941/6489/5728 3974/6491/5730
f 3975/6490/5729 3974/6491/5730 4019/6492/5731
f 4019/6492/5731 3974/6491/5730 4018/6493/5732
f 4019/6492/5731 4018/6493/5732 4063/6494/5733
f 4063/6494/5733 4018/6493/5732 4062/6495/5734
f 4063/6494/5733 4062/6495/5734 4107/6496/5735
f 4107/6496/5735 4062/6495/5734 4106/6350/5603
f 4107/6496/5735 4106/6350/5603 4151/6352/5605
f 3941/6489/5728 3942/6497/5736 3974/6491/5730
f 3974/6491/5730 3942/6497/5736 3973/6498/5737
f 3974/6491/5730 3973/6498/5737 4018/6493/5732
f 4018/6493/5732 3973/6498/5737 4017/6499/5738
f 4018/6493/5732 4017/6499/5738 4062/6495/5734
f 4062/6495/5734 4017/6499/5738 4061/6348/5601
f 4062/6495/5734 4061/6348/5601 4106/6350/5603
f 3943/6342/5595 3971/6344/5597 3942/6497/5736
f 3942/6497/5736 3971/6344/5597 3972/6500/5739
f 3942/6497/5736 3972/6500/5739 3973/6498/5737
f 3973/6498/5737 3972/6500/5739 4017/6499/5738
f 3945/6501/5740 3966/6502/5741 3944/6341/5594
f 3944/6341/5594 3966/6502/5741 3967/6503/5742
f 3944/6341/5594 3967/6503/5742 3968/6339/5592
f 3968/6339/5592 3967/6503/5742 4012/6337/5590
f 3946/6319/5573 3964/6504/5743 3945/6501/5740
f 3945/6501/5740 3964/6504/5743 3965/6505/5744
f 3945/6501/5740 3965/6505/5744 3966/6502/5741
f 3966/6502/5741 3965/6505/5744 4010/6506/5745
f 3966/6502/5741 4010/6506/5745 4011/6507/5746
f 4011/6507/5746 4010/6506/5745 4055/6508/5747
f 4011/6507/5746 4055/6508/5747 4056/6335/5588
f 4056/6335/5588 4055/6508/5747 4100/6333/5586
f 3960/6316/5570 3947/6318/5572 3959/6509/5748
f 3959/6509/5748 3947/6318/5572 3948/6510/5749
f 3959/6509/5748 3948/6510/5749 3958/6511/5750
f 3958/6511/5750 3948/6510/5749 3957/6512/5751
f 3958/6511/5750 3957/6512/5751 4002/6513/5752
f 4002/6513/5752 3957/6512/5751 4001/6514/5753
f 4002/6513/5752 4001/6514/5753 4046/6515/5754
f 4046/6515/5754 4001/6514/5753 4045/6516/5755
f 4046/6515/5754 4045/6516/5755 4090/6517/5756
f 4090/6517/5756 4045/6516/5755 4089/6302/5558
f 4090/6517/5756 4089/6302/5558 4134/6304/5560
f 3957/6512/5751 3948/6510/5749 3956/6518/5757
f 3956/6518/5757 3948/6510/5749 3949/6519/5758
f 3956/6518/5757 3949/6519/5758 3955/6520/5759
f 3955/6520/5759 3949/6519/5758 3954/6296/5552
f 3955/6520/5759 3954/6296/5552 3999/6298/5554
f 3949/6519/5758 3950/6276/5534 3954/6296/5552
f 3953/6295/5551 3952/6294/5550 3997/6521/5760
f 3997/6521/5760 3952/6294/5550 3996/6293/5549
f 3997/6521/5760 3996/6293/5549 4041/6422/5668
f 4001/6514/5753 3957/6512/5751 3956/6518/5757
f 3956/6518/5757 3955/6520/5759 4000/6522/5761
f 4000/6522/5761 3955/6520/5759 3999/6298/5554
f 4000/6522/5761 3999/6298/5554 4044/6300/5556
f 4004/6314/5568 3960/6316/5570 3959/6509/5748
f 3959/6509/5748 3958/6511/5750 4003/6523/5762
f 4003/6523/5762 3958/6511/5750 4002/6513/5752
f 4003/6523/5762 4002/6513/5752 4047/6524/5763
f 4047/6524/5763 4002/6513/5752 4046/6515/5754
f 4047/6524/5763 4046/6515/5754 4091/6525/5764
f 4091/6525/5764 4046/6515/5754 4090/6517/5756
f 4091/6525/5764 4090/6517/5756 4135/6306/5561
f 4135/6306/5561 4090/6517/5756 4134/6304/5560
f 3964/6504/5743 3946/6319/5573 3963/6321/5575
f 4007/6322/5576 3962/6320/5574 4006/6427/5672
f 3963/6321/5575 4008/6323/5577 3964/6504/5743
f 3964/6504/5743 4008/6323/5577 4009/6526/5765
f 3964/6504/5743 4009/6526/5765 3965/6505/5744
f 3965/6505/5744 4009/6526/5765 4010/6506/5745
f 4012/6337/5590 3967/6503/5742 4011/6507/5746
f 4011/6507/5746 3967/6503/5742 3966/6502/5741
f 4015/6345/5598 3970/6343/5596 4014/6439/5682
f 4017/6499/5738 3972/6500/5739 4016/6346/5599
f 4016/6346/5599 3972/6500/5739 3971/6344/5597
f 4021/6362/5613 3977/6364/5615 3976/6488/5727
f 3976/6488/5727 3975/6490/5729 4020/6527/5766
f 4020/6527/5766 3975/6490/5729 4019/6492/5731
f 4020/6527/5766 4019/6492/5731 4064/6528/5767
f 4064/6528/5767 4019/6492/5731 4063/6494/5733
f 4064/6528/5767 4063/6494/5733 4108/6529/5768
f 4108/6529/5768 4063/6494/5733 4107/6496/5735
f 4108/6529/5768 4107/6496/5735 4152/6354/5606
f 4152/6354/5606 4107/6496/5735 4151/6352/5605
f 4024/6453/5694 3980/6369/5620 3979/6367/5618
f 3979/6367/5618 3978/6365/5616 4023/6530/5769
f 4023/6530/5769 3978/6365/5616 4022/6363/5614
f 4023/6530/5769 4022/6363/5614 4067/6531/5770
f 4067/6531/5770 4022/6363/5614 4066/6361/5612
f 4067/6531/5770 4066/6361/5612 4111/6532/5771
f 4111/6532/5771 4066/6361/5612 4110/6359/5610
f 4111/6532/5771 4110/6359/5610 4155/6445/5687
f 4155/6445/5687 4110/6359/5610 4154/6357/5608
f 4027/6486/5725 3982/6487/5726 4026/6372/5623
f 4026/6372/5623 3982/6487/5726 3981/6370/5621
f 4031/6388/5637 3987/6390/5639 3986/6475/5714
f 3986/6475/5714 3985/6477/5716 4030/6533/5772
f 4030/6533/5772 3985/6477/5716 4029/6479/5718
f 4030/6533/5772 4029/6479/5718 4074/6534/5773
f 4074/6534/5773 4029/6479/5718 4073/6481/5720
f 4074/6534/5773 4073/6481/5720 4118/6535/5774
f 4118/6535/5774 4073/6481/5720 4117/6483/5722
f 4118/6535/5774 4117/6483/5722 4162/6380/5630
f 4162/6380/5630 4117/6483/5722 4161/6378/5629
f 4033/6414/5661 3988/6391/5640 4032/6389/5638
f 4035/6397/5646 3990/6395/5644 4034/6413/5660
f 4034/6413/5660 3990/6395/5644 3989/6393/5642
f 3953/6295/5551 3997/6521/5760 3998/6297/5553
f 3998/6297/5553 3997/6521/5760 4042/6536/5775
f 3998/6297/5553 4042/6536/5775 4043/6299/5555
f 4043/6299/5555 4042/6536/5775 4087/6537/5776
f 4043/6299/5555 4087/6537/5776 4088/6301/5557
f 4088/6301/5557 4087/6537/5776 4132/6418/5664
f 4088/6301/5557 4132/6418/5664 4133/6303/5559
f 4133/6303/5559 4132/6418/5664 3553/6305/5088
f 4042/6536/5775 3997/6521/5760 4041/6422/5668
f 4045/6516/5755 4001/6514/5753 4000/6522/5761
f 4000/6522/5761 4001/6514/5753 3956/6518/5757
f 4045/6516/5755 4000/6522/5761 4044/6300/5556
f 4048/6312/5566 4004/6314/5568 4003/6523/5762
f 4003/6523/5762 4004/6314/5568 3959/6509/5748
f 4048/6312/5566 4003/6523/5762 4047/6524/5763
f 4052/6324/5578 4007/6322/5576 4051/6434/5678
f 4051/6434/5678 4007/6322/5576 4006/6427/5672
f 4008/6323/5577 4053/6325/5579 4009/6526/5765
f 4009/6526/5765 4053/6325/5579 4054/6538/5777
f 4009/6526/5765 4054/6538/5777 4010/6506/5745
f 4010/6506/5745 4054/6538/5777 4055/6508/5747
f 4056/6335/5588 4012/6337/5590 4011/6507/5746
f 4015/6345/5598 4014/6439/5682 4059/6539/5778
f 4059/6539/5778 4014/6439/5682 4058/6438/5681
f 4059/6539/5778 4058/6438/5681 4103/6540/5779
f 4103/6540/5779 4058/6438/5681 4102/6437/5680
f 4103/6540/5779 4102/6437/5680 4147/6440/5683
f 4147/6440/5683 4102/6437/5680 4146/6436/5679
f 4061/6348/5601 4017/6499/5738 4016/6346/5599
f 4065/6360/5611 4021/6362/5613 4020/6527/5766
f 4020/6527/5766 4021/6362/5613 3976/6488/5727
f 4065/6360/5611 4020/6527/5766 4064/6528/5767
f 4068/6451/5692 4024/6453/5694 4023/6530/5769
f 4023/6530/5769 4024/6453/5694 3979/6367/5618
f 4068/6451/5692 4023/6530/5769 4067/6531/5770
f 4071/6374/5625 4027/6486/5725 4026/6372/5623
f 4075/6386/5635 4031/6388/5637 4030/6533/5772
f 4030/6533/5772 4031/6388/5637 3986/6475/5714
f 4075/6386/5635 4030/6533/5772 4074/6534/5773
f 4033/6414/5661 4032/6389/5638 4077/6541/5780
f 4077/6541/5780 4032/6389/5638 4076/6387/5636
f 4077/6541/5780 4076/6387/5636 4121/6542/5781
f 4121/6542/5781 4076/6387/5636 4120/6385/5634
f 4121/6542/5781 4120/6385/5634 4165/6458/5698
f 4165/6458/5698 4120/6385/5634 4164/6383/5632
f 4080/6399/5648 4035/6397/5646 4079/6411/5658
f 4079/6411/5658 4035/6397/5646 4034/6413/5660
f 4085/6421/5667 4040/6292/5548 4084/6291/5547
f 4087/6537/5776 4042/6536/5775 4086/6420/5666
f 4086/6420/5666 4042/6536/5775 4041/6422/5668
f 4089/6302/5558 4045/6516/5755 4044/6300/5556
f 4092/6310/5564 4048/6312/5566 4047/6524/5763
f 4092/6310/5564 4047/6524/5763 4091/6525/5764
f 4095/6433/5677 4050/6426/5671 4094/6425/5670
f 4097/6326/5580 4052/6324/5578 4096/6432/5676
f 4096/6432/5676 4052/6324/5578 4051/6434/5678
f 4053/6325/5579 4098/6327/5581 4054/6538/5777
f 4054/6538/5777 4098/6327/5581 4099/6543/5782
f 4054/6538/5777 4099/6543/5782 4055/6508/5747
f 4055/6508/5747 4099/6543/5782 4100/6333/5586
f 4104/6444/5686 4060/6347/5600 4059/6539/5778
f 4059/6539/5778 4060/6347/5600 4015/6345/5598
f 4104/6444/5686 4059/6539/5778 4103/6540/5779
f 4109/6358/5609 4065/6360/5611 4064/6528/5767
f 4109/6358/5609 4064/6528/5767 4108/6529/5768
f 4112/6449/5690 4068/6451/5692 4067/6531/5770
f 4112/6449/5690 4067/6531/5770 4111/6532/5771
f 4115/6375/5626 4070/6373/5624 4114/6456/5696
f 4119/6384/5633 4075/6386/5635 4074/6534/5773
f 4119/6384/5633 4074/6534/5773 4118/6535/5774
f 4122/6462/5701 4078/6412/5659 4077/6541/5780
f 4077/6541/5780 4078/6412/5659 4033/6414/5661
f 4122/6462/5701 4077/6541/5780 4121/6542/5781
f 4125/6401/5650 4080/6399/5648 4124/6409/5656
f 4124/6409/5656 4080/6399/5648 4079/6411/5658
f 4130/6416/5662 4085/6421/5667 4129/6417/5663
f 4129/6417/5663 4085/6421/5667 4084/6291/5547
f 4132/6418/5664 4087/6537/5776 4131/6419/5665
f 4131/6419/5665 4087/6537/5776 4086/6420/5666
f 4136/6308/5562 4092/6310/5564 4091/6525/5764
f 4136/6308/5562 4091/6525/5764 4135/6306/5561
f 4140/6429/5673 4095/6433/5677 4139/6430/5674
f 4139/6430/5674 4095/6433/5677 4094/6425/5670
f 4142/6328/5582 4097/6326/5580 4141/6431/5675
f 4141/6431/5675 4097/6326/5580 4096/6432/5676
f 4144/6331/5584 4100/6333/5586 4099/6543/5782
f 4144/6331/5584 4099/6543/5782 4143/6329/5583
f 4143/6329/5583 4099/6543/5782 4098/6327/5581
f 4148/6442/5684 4104/6444/5686 4103/6540/5779
f 4148/6442/5684 4103/6540/5779 4147/6440/5683
f 4150/6351/5604 4105/6349/5602 4149/6443/5685
f 4153/6356/5607 4109/6358/5609 4108/6529/5768
f 4153/6356/5607 4108/6529/5768 4152/6354/5606
f 4156/6447/5688 4112/6449/5690 4111/6532/5771
f 4156/6447/5688 4111/6532/5771 4155/6445/5687
f 4160/6377/5628 4115/6375/5626 4159/6457/5697
f 4159/6457/5697 4115/6375/5626 4114/6456/5696
f 4163/6382/5631 4119/6384/5633 4118/6535/5774
f 4163/6382/5631 4118/6535/5774 4162/6380/5630
f 4166/6460/5699 4122/6462/5701 4121/6542/5781
f 4166/6460/5699 4121/6542/5781 4165/6458/5698
f 4170/6403/5652 4125/6401/5650 4169/6407/5654
f 4169/6407/5654 4125/6401/5650 4124/6409/5656
f 3922/6544/5535 3950/6545/5534 4189/6546/5783
f 4189/6546/5783 3950/6545/5534 4188/6547/5784
f 4188/6547/5784 3950/6545/5534 3949/6548/5758
f 4188/6547/5784 3949/6548/5758 4187/6549/5785
f 4187/6549/5785 3949/6548/5758 3948/6550/5749
f 4187/6549/5785 3948/6550/5749 4186/6551/5786
f 4186/6551/5786 3948/6550/5749 3947/6552/5572
f 4186/6551/5786 3947/6552/5572 4185/6553/5787
f 4185/6553/5787 3947/6552/5572 3946/6554/5573
f 4185/6553/5787 3946/6554/5573 4184/6555/5788
f 4184/6555/5788 3946/6554/5573 3945/6556/5740
f 4184/6555/5788 3945/6556/5740 4183/6557/5789
f 4183/6557/5789 3945/6556/5740 3944/6558/5594
f 4183/6557/5789 3944/6558/5594 4182/6559/5790
f 4182/6559/5790 3944/6558/5594 3943/6560/5595
f 4182/6559/5790 3943/6560/5595 4181/6561/5791
f 4181/6561/5791 3943/6560/5595 3942/6562/5736
f 4181/6561/5791 3942/6562/5736 4180/6563/5792
f 4180/6563/5792 3942/6562/5736 3941/6564/5728
f 4180/6563/5792 3941/6564/5728 4179/6565/5793
f 4179/6565/5793 3941/6564/5728 3940/6566/5617
f 4179/6565/5793 3940/6566/5617 4178/6567/5794
f 4178/6567/5794 3940/6566/5617 3939/6568/5619
f 4178/6567/5794 3939/6568/5619 4177/6569/5795
f 4177/6569/5795 3939/6568/5619 3938/6570/5723
f 4177/6569/5795 3938/6570/5723 4176/6571/5796
f 4176/6571/5796 3938/6570/5723 3937/6572/5715
f 4176/6571/5796 3937/6572/5715 4175/6573/5797
f 4175/6573/5797 3937/6572/5715 3936/6574/5641
f 4175/6573/5797 3936/6574/5641 4174/6575/5798
f 4174/6575/5798 3936/6574/5641 3935/6576/5643
f 4174/6575/5798 3935/6576/5643 4173/6577/5799
f 4173/6577/5799 3935/6576/5643 3934/6578/5706
f 4173/6577/5799 3934/6578/5706 4172/6579/5800
f 4172/6579/5800 3934/6578/5706 3933/6580/5713
f 4172/6579/5800 3933/6580/5713 4171/6581/5801
f 3927/6582/5802 4194/6583/5803 3556/6584/5804
f 3556/6584/5804 4194/6583/5803 3661/6585/5805
f 3556/6584/5804 3661/6585/5805 3660/6586/5806
f 3926/6587/5807 4189/6588/5808 3927/6582/5802
f 3927/6582/5802 4189/6588/5808 4193/6589/5809
f 3927/6582/5802 4193/6589/5809 4194/6583/5803
f 4189/6588/5808 3926/6587/5807 3922/6590/5810
f 3922/6590/5810 3926/6587/5807 3925/6591/5811
f 3922/6590/5810 3925/6591/5811 3924/6592/5812
f 3924/6592/5812 3923/6593/5813 3922/6590/5810
f 4190/6594/5814 4191/6595/5815 4189/6588/5808
f 4189/6588/5808 4191/6595/5815 4192/6596/5816
f 4189/6588/5808 4192/6596/5816 4193/6589/5809
f 3660/6586/5806 3557/6597/5817 3556/6584/5804
f 4172/6598/5800 4171/6599/5801 4200/6600/5818
f 4200/6600/5818 4171/6599/5801 4195/6601/5819
f 4200/6600/5818 4195/6601/5819 4244/6602/5820
f 4244/6602/5820 4195/6601/5819 4196/6603/5821
f 4244/6602/5820 4196/6603/5821 4288/6604/5822
f 4288/6604/5822 4196/6603/5821 4197/6605/5823
f 4288/6604/5822 4197/6605/5823 4332/6606/5824
f 4332/6606/5824 4197/6605/5823 4198/6607/5825
f 4332/6606/5824 4198/6607/5825 4376/6608/5826
f 4376/6608/5826 4198/6607/5825 4199/6609/5827
f 4376/6608/5826 4199/6609/5827 3679/6610/5211
f 3679/6610/5211 3678/6611/5160 4376/6608/5826
f 4376/6608/5826 3678/6611/5160 4377/6612/5828
f 4376/6608/5826 4377/6612/5828 4332/6606/5824
f 4332/6606/5824 4377/6612/5828 4333/6613/5829
f 4332/6606/5824 4333/6613/5829 4288/6604/5822
f 4288/6604/5822 4333/6613/5829 4289/6614/5830
f 4288/6604/5822 4289/6614/5830 4244/6602/5820
f 4244/6602/5820 4289/6614/5830 4245/6615/5831
f 4244/6602/5820 4245/6615/5831 4200/6600/5818
f 4200/6600/5818 4245/6615/5831 4201/6616/5832
f 4200/6600/5818 4201/6616/5832 4172/6598/5800
f 4172/6598/5800 4201/6616/5832 4202/6617/5833
f 4172/6598/5800 4202/6617/5833 4203/6618/5834
f 4203/6618/5834 4202/6617/5833 4247/6619/5835
f 4203/6618/5834 4247/6619/5835 4248/6620/5836
f 4248/6620/5836 4247/6619/5835 4292/6621/5837
f 4248/6620/5836 4292/6621/5837 4293/6622/5838
f 4293/6622/5838 4292/6621/5837 4337/6623/5839
f 4293/6622/5838 4337/6623/5839 4338/6624/5840
f 4338/6624/5840 4337/6623/5839 4382/6625/5841
f 4338/6624/5840 4382/6625/5841 4383/6626/5842
f 4383/6626/5842 4382/6625/5841 3676/6627/5164
f 4383/6626/5842 3676/6627/5164 4384/6628/5843
f 4384/6628/5843 3676/6627/5164 3675/6629/5166
f 4384/6628/5843 3675/6629/5166 4385/6630/5844
f 4385/6630/5844 3675/6629/5166 4386/6631/5845
f 4385/6630/5844 4386/6631/5845 4341/6632/5846
f 4341/6632/5846 4386/6631/5845 4342/6633/5847
f 4341/6632/5846 4342/6633/5847 4297/6634/5848
f 4297/6634/5848 4342/6633/5847 4298/6635/5849
f 4297/6634/5848 4298/6635/5849 4253/6636/5850
f 4253/6636/5850 4298/6635/5849 4254/6637/5851
f 4253/6636/5850 4254/6637/5851 4209/6638/5852
f 4209/6638/5852 4254/6637/5851 4210/6639/5853
f 4209/6638/5852 4210/6639/5853 4175/6640/5797
f 4175/6640/5797 4210/6639/5853 4176/6641/5796
f 4176/6641/5796 4210/6639/5853 4211/6642/5854
f 4176/6641/5796 4211/6642/5854 4212/6643/5855
f 4212/6643/5855 4211/6642/5854 4256/6644/5856
f 4212/6643/5855 4256/6644/5856 4257/6645/5857
f 4257/6645/5857 4256/6644/5856 4301/6646/5858
f 4257/6645/5857 4301/6646/5858 4302/6647/5859
f 4302/6647/5859 4301/6646/5858 4346/6648/5860
f 4302/6647/5859 4346/6648/5860 4347/6649/5861
f 4347/6649/5861 4346/6648/5860 4391/6650/5862
f 4347/6649/5861 4391/6650/5862 4392/6651/5863
f 4392/6651/5863 4391/6650/5862 3672/6652/5172
f 4392/6651/5863 3672/6652/5172 4393/6653/5864
f 4393/6653/5864 3672/6652/5172 4394/6654/5865
f 4393/6653/5864 4394/6654/5865 4349/6655/5866
f 4349/6655/5866 4394/6654/5865 4350/6656/5867
f 4349/6655/5866 4350/6656/5867 4305/6657/5868
f 4305/6657/5868 4350/6656/5867 4306/6658/5869
f 4305/6657/5868 4306/6658/5869 4261/6659/5870
f 4261/6659/5870 4306/6658/5869 4262/6660/5871
f 4261/6659/5870 4262/6660/5871 4217/6661/5872
f 4217/6661/5872 4262/6660/5871 4218/6662/5873
f 4217/6661/5872 4218/6662/5873 4178/6663/5794
f 4178/6663/5794 4218/6662/5873 4179/6664/5793
f 4179/6664/5793 4218/6662/5873 4219/6665/5874
f 4179/6664/5793 4219/6665/5874 4220/6666/5875
f 4220/6666/5875 4219/6665/5874 4264/6667/5876
f 4220/6666/5875 4264/6667/5876 4265/6668/5877
f 4265/6668/5877 4264/6667/5876 4309/6669/5878
f 4265/6668/5877 4309/6669/5878 4310/6670/5879
f 4310/6670/5879 4309/6669/5878 4354/6671/5880
f 4310/6670/5879 4354/6671/5880 4355/6672/5881
f 4355/6672/5881 4354/6671/5880 4399/6673/5882
f 4355/6672/5881 4399/6673/5882 4400/6674/5883
f 4400/6674/5883 4399/6673/5882 3669/6675/5179
f 4400/6674/5883 3669/6675/5179 4401/6676/5884
f 4401/6676/5884 3669/6675/5179 3668/6677/5181
f 4401/6676/5884 3668/6677/5181 4402/6678/5885
f 4402/6678/5885 3668/6677/5181 4403/6679/5886
f 4402/6678/5885 4403/6679/5886 4358/6680/5887
f 4358/6680/5887 4403/6679/5886 4359/6681/5888
f 4358/6680/5887 4359/6681/5888 4314/6682/5889
f 4314/6682/5889 4359/6681/5888 4315/6683/5890
f 4314/6682/5889 4315/6683/5890 4270/6684/5891
f 4270/6684/5891 4315/6683/5890 4271/6685/5892
f 4270/6684/5891 4271/6685/5892 4226/6686/5893
f 4226/6686/5893 4271/6685/5892 4227/6687/5894
f 4226/6686/5893 4227/6687/5894 4182/6688/5790
f 4182/6688/5790 4227/6687/5894 4228/6689/5895
f 4182/6688/5790 4228/6689/5895 4183/6690/5789
f 4183/6690/5789 4228/6689/5895 4229/6691/5896
f 4183/6690/5789 4229/6691/5896 4230/6692/5897
f 4230/6692/5897 4229/6691/5896 4274/6693/5898
f 4230/6692/5897 4274/6693/5898 4275/6694/5899
f 4275/6694/5899 4274/6693/5898 4319/6695/5900
f 4275/6694/5899 4319/6695/5900 4320/6696/5901
f 4320/6696/5901 4319/6695/5900 4364/6697/5902
f 4320/6696/5901 4364/6697/5902 4365/6698/5903
f 4365/6698/5903 4364/6697/5902 4409/6699/5904
f 4365/6698/5903 4409/6699/5904 4410/6700/5905
f 4410/6700/5905 4409/6699/5904 3665/6701/5187
f 4410/6700/5905 3665/6701/5187 4411/6702/5906
f 4411/6702/5906 3665/6701/5187 3664/6703/5189
f 4411/6702/5906 3664/6703/5189 4412/6704/5907
f 4412/6704/5907 3664/6703/5189 4413/6705/5908
f 4412/6704/5907 4413/6705/5908 4368/6706/5909
f 4368/6706/5909 4413/6705/5908 4369/6707/5910
f 4368/6706/5909 4369/6707/5910 4324/6708/5911
f 4324/6708/5911 4369/6707/5910 4325/6709/5912
f 4324/6708/5911 4325/6709/5912 4280/6710/5913
f 4280/6710/5913 4325/6709/5912 4281/6711/5914
f 4280/6710/5913 4281/6711/5914 4236/6712/5915
f 4236/6712/5915 4281/6711/5914 4237/6713/5916
f 4236/6712/5915 4237/6713/5916 4186/6714/5786
f 4186/6714/5786 4237/6713/5916 4238/6715/5917
f 4186/6714/5786 4238/6715/5917 4187/6716/5785
f 4187/6716/5785 4238/6715/5917 4239/6717/5918
f 4187/6716/5785 4239/6717/5918 4240/6718/5919
f 4240/6718/5919 4239/6717/5918 4284/6719/5920
f 4240/6718/5919 4284/6719/5920 4285/6720/5921
f 4285/6720/5921 4284/6719/5920 4329/6721/5922
f 4285/6720/5921 4329/6721/5922 4330/6722/5923
f 4330/6722/5923 4329/6721/5922 4374/6723/5924
f 4330/6722/5923 4374/6723/5924 4375/6724/5925
f 4375/6724/5925 4374/6723/5924 4419/6725/5926
f 4375/6724/5925 4419/6725/5926 4194/6726/5927
f 4194/6726/5927 4419/6725/5926 3661/6727/5210
f 3661/6727/5210 4419/6725/5926 3662/6728/5193
f 3662/6728/5193 4419/6725/5926 4418/6729/5928
f 3662/6728/5193 4418/6729/5928 4417/6730/5929
f 4417/6730/5929 4418/6729/5928 4373/6731/5930
f 4417/6730/5929 4373/6731/5930 4372/6732/5931
f 4372/6732/5931 4373/6731/5930 4328/6733/5932
f 4372/6732/5931 4328/6733/5932 4327/6734/5933
f 4327/6734/5933 4328/6733/5932 4283/6735/5934
f 4327/6734/5933 4283/6735/5934 4282/6736/5935
f 4282/6736/5935 4283/6735/5934 4238/6715/5917
f 4282/6736/5935 4238/6715/5917 4237/6713/5916
f 3677/6737/5162 4379/6738/5936 3678/6611/5160
f 3678/6611/5160 4379/6738/5936 4378/6739/5937
f 3678/6611/5160 4378/6739/5937 4377/6612/5828
f 4377/6612/5828 4378/6739/5937 4333/6613/5829
f 3676/6627/5164 4381/6740/5938 3677/6737/5162
f 3677/6737/5162 4381/6740/5938 4380/6741/5939
f 3677/6737/5162 4380/6741/5939 4379/6738/5936
f 4379/6738/5936 4380/6741/5939 4335/6742/5940
f 4379/6738/5936 4335/6742/5940 4334/6743/5941
f 4334/6743/5941 4335/6742/5940 4290/6744/5942
f 4334/6743/5941 4290/6744/5942 4289/6614/5830
f 4289/6614/5830 4290/6744/5942 4245/6615/5831
f 3675/6629/5166 3674/6745/5168 4386/6631/5845
f 4386/6631/5845 3674/6745/5168 4387/6746/5943
f 4386/6631/5845 4387/6746/5943 4342/6633/5847
f 4342/6633/5847 4387/6746/5943 4343/6747/5944
f 4342/6633/5847 4343/6747/5944 4298/6635/5849
f 4298/6635/5849 4343/6747/5944 4299/6748/5945
f 4298/6635/5849 4299/6748/5945 4254/6637/5851
f 4254/6637/5851 4299/6748/5945 4255/6749/5946
f 4254/6637/5851 4255/6749/5946 4210/6639/5853
f 4210/6639/5853 4255/6749/5946 4211/6642/5854
f 3673/6750/5170 4389/6751/5947 3674/6745/5168
f 3674/6745/5168 4389/6751/5947 4388/6752/5948
f 3674/6745/5168 4388/6752/5948 4387/6746/5943
f 4387/6746/5943 4388/6752/5948 4343/6747/5944
f 3672/6652/5172 4391/6650/5862 3673/6750/5170
f 3673/6750/5170 4391/6650/5862 4390/6753/5949
f 3673/6750/5170 4390/6753/5949 4389/6751/5947
f 4389/6751/5947 4390/6753/5949 4345/6754/5950
f 4389/6751/5947 4345/6754/5950 4344/6755/5951
f 4344/6755/5951 4345/6754/5950 4300/6756/5952
f 4344/6755/5951 4300/6756/5952 4299/6748/5945
f 4299/6748/5945 4300/6756/5952 4255/6749/5946
f 3672/6652/5172 3671/6757/5174 4394/6654/5865
f 4394/6654/5865 3671/6757/5174 4395/6758/5953
f 4394/6654/5865 4395/6758/5953 4350/6656/5867
f 4350/6656/5867 4395/6758/5953 4351/6759/5954
f 4350/6656/5867 4351/6759/5954 4306/6658/5869
f 4306/6658/5869 4351/6759/5954 4307/6760/5955
f 4306/6658/5869 4307/6760/5955 4262/6660/5871
f 4262/6660/5871 4307/6760/5955 4263/6761/5956
f 4262/6660/5871 4263/6761/5956 4218/6662/5873
f 4218/6662/5873 4263/6761/5956 4219/6665/5874
f 4395/6758/5953 3671/6757/5174 4396/6762/5957
f 4396/6762/5957 3671/6757/5174 3670/6763/5176
f 4396/6762/5957 3670/6763/5176 4397/6764/5958
f 4397/6764/5958 3670/6763/5176 4398/6765/5959
f 4397/6764/5958 4398/6765/5959 4353/6766/5960
f 4353/6766/5960 4398/6765/5959 4354/6671/5880
f 4353/6766/5960 4354/6671/5880 4309/6669/5878
f 4398/6765/5959 3670/6763/5176 4399/6673/5882
f 4399/6673/5882 3670/6763/5176 3669/6675/5179
f 4403/6679/5886 3668/6677/5181 4404/6767/5961
f 4404/6767/5961 3668/6677/5181 3667/6768/5183
f 4404/6767/5961 3667/6768/5183 4405/6769/5962
f 4405/6769/5962 3667/6768/5183 4406/6770/5963
f 4405/6769/5962 4406/6770/5963 4361/6771/5964
f 4361/6771/5964 4406/6770/5963 4362/6772/5965
f 4361/6771/5964 4362/6772/5965 4317/6773/5966
f 4317/6773/5966 4362/6772/5965 4318/6774/5967
f 4317/6773/5966 4318/6774/5967 4273/6775/5968
f 4273/6775/5968 4318/6774/5967 4274/6693/5898
f 4273/6775/5968 4274/6693/5898 4229/6691/5896
f 3667/6768/5183 3666/6776/5185 4406/6770/5963
f 4406/6770/5963 3666/6776/5185 4407/6777/5969
f 4406/6770/5963 4407/6777/5969 4362/6772/5965
f 4362/6772/5965 4407/6777/5969 4363/6778/5970
f 4362/6772/5965 4363/6778/5970 4318/6774/5967
f 4318/6774/5967 4363/6778/5970 4319/6695/5900
f 4318/6774/5967 4319/6695/5900 4274/6693/5898
f 3665/6701/5187 4409/6699/5904 3666/6776/5185
f 3666/6776/5185 4409/6699/5904 4408/6779/5971
f 3666/6776/5185 4408/6779/5971 4407/6777/5969
f 4407/6777/5969 4408/6779/5971 4363/6778/5970
f 4413/6705/5908 3664/6703/5189 4414/6780/5972
f 4414/6780/5972 3664/6703/5189 3663/6781/5191
f 4414/6780/5972 3663/6781/5191 4415/6782/5973
f 4415/6782/5973 3663/6781/5191 4416/6783/5974
f 4415/6782/5973 4416/6783/5974 4371/6784/5975
f 4371/6784/5975 4416/6783/5974 4372/6732/5931
f 4371/6784/5975 4372/6732/5931 4327/6734/5933
f 3663/6781/5191 3662/6728/5193 4416/6783/5974
f 4416/6783/5974 3662/6728/5193 4417/6730/5929
f 4416/6783/5974 4417/6730/5929 4372/6732/5931
f 4194/6726/5927 4193/6785/5976 4375/6724/5925
f 4375/6724/5925 4193/6785/5976 4331/6786/5977
f 4375/6724/5925 4331/6786/5977 4330/6722/5923
f 4330/6722/5923 4331/6786/5977 4286/6787/5978
f 4330/6722/5923 4286/6787/5978 4285/6720/5921
f 4285/6720/5921 4286/6787/5978 4241/6788/5979
f 4285/6720/5921 4241/6788/5979 4240/6718/5919
f 4240/6718/5919 4241/6788/5979 4188/6789/5784
f 4240/6718/5919 4188/6789/5784 4187/6716/5785
f 4193/6785/5976 4192/6790/5980 4331/6786/5977
f 4331/6786/5977 4192/6790/5980 4287/6791/5981
f 4331/6786/5977 4287/6791/5981 4286/6787/5978
f 4286/6787/5978 4287/6791/5981 4242/6792/5982
f 4286/6787/5978 4242/6792/5982 4241/6788/5979
f 4241/6788/5979 4242/6792/5982 4188/6789/5784
f 4192/6790/5980 4191/6793/5983 4287/6791/5981
f 4287/6791/5981 4191/6793/5983 4243/6794/5984
f 4287/6791/5981 4243/6794/5984 4242/6792/5982
f 4242/6792/5982 4243/6794/5984 4188/6789/5784
f 4191/6793/5983 4190/6795/5985 4243/6794/5984
f 4243/6794/5984 4190/6795/5985 4189/6796/5783
f 4243/6794/5984 4189/6796/5783 4188/6789/5784
f 4236/6712/5915 4186/6714/5786 4235/6797/5986
f 4235/6797/5986 4186/6714/5786 4185/6798/5787
f 4235/6797/5986 4185/6798/5787 4234/6799/5987
f 4234/6799/5987 4185/6798/5787 4233/6800/5988
f 4234/6799/5987 4233/6800/5988 4278/6801/5989
f 4278/6801/5989 4233/6800/5988 4277/6802/5990
f 4278/6801/5989 4277/6802/5990 4322/6803/5991
f 4322/6803/5991 4277/6802/5990 4321/6804/5992
f 4322/6803/5991 4321/6804/5992 4366/6805/5993
f 4366/6805/5993 4321/6804/5992 4365/6698/5903
f 4366/6805/5993 4365/6698/5903 4410/6700/5905
f 4185/6798/5787 4184/6806/5788 4233/6800/5988
f 4233/6800/5988 4184/6806/5788 4232/6807/5994
f 4233/6800/5988 4232/6807/5994 4277/6802/5990
f 4277/6802/5990 4232/6807/5994 4276/6808/5995
f 4277/6802/5990 4276/6808/5995 4321/6804/5992
f 4321/6804/5992 4276/6808/5995 4320/6696/5901
f 4321/6804/5992 4320/6696/5901 4365/6698/5903
f 4183/6690/5789 4230/6692/5897 4184/6806/5788
f 4184/6806/5788 4230/6692/5897 4231/6809/5996
f 4184/6806/5788 4231/6809/5996 4232/6807/5994
f 4232/6807/5994 4231/6809/5996 4276/6808/5995
f 4226/6686/5893 4182/6688/5790 4225/6810/5997
f 4225/6810/5997 4182/6688/5790 4181/6811/5791
f 4225/6810/5997 4181/6811/5791 4224/6812/5998
f 4224/6812/5998 4181/6811/5791 4223/6813/5999
f 4224/6812/5998 4223/6813/5999 4268/6814/6000
f 4268/6814/6000 4223/6813/5999 4267/6815/6001
f 4268/6814/6000 4267/6815/6001 4312/6816/6002
f 4312/6816/6002 4267/6815/6001 4311/6817/6003
f 4312/6816/6002 4311/6817/6003 4356/6818/6004
f 4356/6818/6004 4311/6817/6003 4355/6672/5881
f 4356/6818/6004 4355/6672/5881 4400/6674/5883
f 4181/6811/5791 4180/6819/5792 4223/6813/5999
f 4223/6813/5999 4180/6819/5792 4222/6820/6005
f 4223/6813/5999 4222/6820/6005 4267/6815/6001
f 4267/6815/6001 4222/6820/6005 4266/6821/6006
f 4267/6815/6001 4266/6821/6006 4311/6817/6003
f 4311/6817/6003 4266/6821/6006 4310/6670/5879
f 4311/6817/6003 4310/6670/5879 4355/6672/5881
f 4179/6664/5793 4220/6666/5875 4180/6819/5792
f 4180/6819/5792 4220/6666/5875 4221/6822/6007
f 4180/6819/5792 4221/6822/6007 4222/6820/6005
f 4222/6820/6005 4221/6822/6007 4266/6821/6006
f 4177/6823/5795 4215/6824/6008 4178/6663/5794
f 4178/6663/5794 4215/6824/6008 4216/6825/6009
f 4178/6663/5794 4216/6825/6009 4217/6661/5872
f 4217/6661/5872 4216/6825/6009 4261/6659/5870
f 4176/6641/5796 4213/6826/6010 4177/6823/5795
f 4177/6823/5795 4213/6826/6010 4214/6827/6011
f 4177/6823/5795 4214/6827/6011 4215/6824/6008
f 4215/6824/6008 4214/6827/6011 4259/6828/6012
f 4215/6824/6008 4259/6828/6012 4260/6829/6013
f 4260/6829/6013 4259/6828/6012 4304/6830/6014
f 4260/6829/6013 4304/6830/6014 4305/6657/5868
f 4305/6657/5868 4304/6830/6014 4349/6655/5866
f 4209/6638/5852 4175/6640/5797 4208/6831/6015
f 4208/6831/6015 4175/6640/5797 4174/6832/5798
f 4208/6831/6015 4174/6832/5798 4207/6833/6016
f 4207/6833/6016 4174/6832/5798 4206/6834/6017
f 4207/6833/6016 4206/6834/6017 4251/6835/6018
f 4251/6835/6018 4206/6834/6017 4250/6836/6019
f 4251/6835/6018 4250/6836/6019 4295/6837/6020
f 4295/6837/6020 4250/6836/6019 4294/6838/6021
f 4295/6837/6020 4294/6838/6021 4339/6839/6022
f 4339/6839/6022 4294/6838/6021 4338/6624/5840
f 4339/6839/6022 4338/6624/5840 4383/6626/5842
f 4206/6834/6017 4174/6832/5798 4205/6840/6023
f 4205/6840/6023 4174/6832/5798 4173/6841/5799
f 4205/6840/6023 4173/6841/5799 4204/6842/6024
f 4204/6842/6024 4173/6841/5799 4203/6618/5834
f 4204/6842/6024 4203/6618/5834 4248/6620/5836
f 4173/6841/5799 4172/6598/5800 4203/6618/5834
f 4202/6617/5833 4201/6616/5832 4246/6843/6025
f 4246/6843/6025 4201/6616/5832 4245/6615/5831
f 4246/6843/6025 4245/6615/5831 4290/6744/5942
f 4250/6836/6019 4206/6834/6017 4205/6840/6023
f 4205/6840/6023 4204/6842/6024 4249/6844/6026
f 4249/6844/6026 4204/6842/6024 4248/6620/5836
f 4249/6844/6026 4248/6620/5836 4293/6622/5838
f 4253/6636/5850 4209/6638/5852 4208/6831/6015
f 4208/6831/6015 4207/6833/6016 4252/6845/6027
f 4252/6845/6027 4207/6833/6016 4251/6835/6018
f 4252/6845/6027 4251/6835/6018 4296/6846/6028
f 4296/6846/6028 4251/6835/6018 4295/6837/6020
f 4296/6846/6028 4295/6837/6020 4340/6847/6029
f 4340/6847/6029 4295/6837/6020 4339/6839/6022
f 4340/6847/6029 4339/6839/6022 4384/6628/5843
f 4384/6628/5843 4339/6839/6022 4383/6626/5842
f 4213/6826/6010 4176/6641/5796 4212/6643/5855
f 4256/6644/5856 4211/6642/5854 4255/6749/5946
f 4212/6643/5855 4257/6645/5857 4213/6826/6010
f 4213/6826/6010 4257/6645/5857 4258/6848/6030
f 4213/6826/6010 4258/6848/6030 4214/6827/6011
f 4214/6827/6011 4258/6848/6030 4259/6828/6012
f 4261/6659/5870 4216/6825/6009 4260/6829/6013
f 4260/6829/6013 4216/6825/6009 4215/6824/6008
f 4264/6667/5876 4219/6665/5874 4263/6761/5956
f 4266/6821/6006 4221/6822/6007 4265/6668/5877
f 4265/6668/5877 4221/6822/6007 4220/6666/5875
f 4270/6684/5891 4226/6686/5893 4225/6810/5997
f 4225/6810/5997 4224/6812/5998 4269/6849/6031
f 4269/6849/6031 4224/6812/5998 4268/6814/6000
f 4269/6849/6031 4268/6814/6000 4313/6850/6032
f 4313/6850/6032 4268/6814/6000 4312/6816/6002
f 4313/6850/6032 4312/6816/6002 4357/6851/6033
f 4357/6851/6033 4312/6816/6002 4356/6818/6004
f 4357/6851/6033 4356/6818/6004 4401/6676/5884
f 4401/6676/5884 4356/6818/6004 4400/6674/5883
f 4273/6775/5968 4229/6691/5896 4228/6689/5895
f 4228/6689/5895 4227/6687/5894 4272/6852/6034
f 4272/6852/6034 4227/6687/5894 4271/6685/5892
f 4272/6852/6034 4271/6685/5892 4316/6853/6035
f 4316/6853/6035 4271/6685/5892 4315/6683/5890
f 4316/6853/6035 4315/6683/5890 4360/6854/6036
f 4360/6854/6036 4315/6683/5890 4359/6681/5888
f 4360/6854/6036 4359/6681/5888 4404/6767/5961
f 4404/6767/5961 4359/6681/5888 4403/6679/5886
f 4276/6808/5995 4231/6809/5996 4275/6694/5899
f 4275/6694/5899 4231/6809/5996 4230/6692/5897
f 4280/6710/5913 4236/6712/5915 4235/6797/5986
f 4235/6797/5986 4234/6799/5987 4279/6855/6037
f 4279/6855/6037 4234/6799/5987 4278/6801/5989
f 4279/6855/6037 4278/6801/5989 4323/6856/6038
f 4323/6856/6038 4278/6801/5989 4322/6803/5991
f 4323/6856/6038 4322/6803/5991 4367/6857/6039
f 4367/6857/6039 4322/6803/5991 4366/6805/5993
f 4367/6857/6039 4366/6805/5993 4411/6702/5906
f 4411/6702/5906 4366/6805/5993 4410/6700/5905
f 4282/6736/5935 4237/6713/5916 4281/6711/5914
f 4284/6719/5920 4239/6717/5918 4283/6735/5934
f 4283/6735/5934 4239/6717/5918 4238/6715/5917
f 4202/6617/5833 4246/6843/6025 4247/6619/5835
f 4247/6619/5835 4246/6843/6025 4291/6858/6040
f 4247/6619/5835 4291/6858/6040 4292/6621/5837
f 4292/6621/5837 4291/6858/6040 4336/6859/6041
f 4292/6621/5837 4336/6859/6041 4337/6623/5839
f 4337/6623/5839 4336/6859/6041 4381/6740/5938
f 4337/6623/5839 4381/6740/5938 4382/6625/5841
f 4382/6625/5841 4381/6740/5938 3676/6627/5164
f 4291/6858/6040 4246/6843/6025 4290/6744/5942
f 4294/6838/6021 4250/6836/6019 4249/6844/6026
f 4249/6844/6026 4250/6836/6019 4205/6840/6023
f 4294/6838/6021 4249/6844/6026 4293/6622/5838
f 4297/6634/5848 4253/6636/5850 4252/6845/6027
f 4252/6845/6027 4253/6636/5850 4208/6831/6015
f 4297/6634/5848 4252/6845/6027 4296/6846/6028
f 4301/6646/5858 4256/6644/5856 4300/6756/5952
f 4300/6756/5952 4256/6644/5856 4255/6749/5946
f 4257/6645/5857 4302/6647/5859 4258/6848/6030
f 4258/6848/6030 4302/6647/5859 4303/6860/6042
f 4258/6848/6030 4303/6860/6042 4259/6828/6012
f 4259/6828/6012 4303/6860/6042 4304/6830/6014
f 4305/6657/5868 4261/6659/5870 4260/6829/6013
f 4264/6667/5876 4263/6761/5956 4308/6861/6043
f 4308/6861/6043 4263/6761/5956 4307/6760/5955
f 4308/6861/6043 4307/6760/5955 4352/6862/6044
f 4352/6862/6044 4307/6760/5955 4351/6759/5954
f 4352/6862/6044 4351/6759/5954 4396/6762/5957
f 4396/6762/5957 4351/6759/5954 4395/6758/5953
f 4310/6670/5879 4266/6821/6006 4265/6668/5877
f 4314/6682/5889 4270/6684/5891 4269/6849/6031
f 4269/6849/6031 4270/6684/5891 4225/6810/5997
f 4314/6682/5889 4269/6849/6031 4313/6850/6032
f 4317/6773/5966 4273/6775/5968 4272/6852/6034
f 4272/6852/6034 4273/6775/5968 4228/6689/5895
f 4317/6773/5966 4272/6852/6034 4316/6853/6035
f 4320/6696/5901 4276/6808/5995 4275/6694/5899
f 4324/6708/5911 4280/6710/5913 4279/6855/6037
f 4279/6855/6037 4280/6710/5913 4235/6797/5986
f 4324/6708/5911 4279/6855/6037 4323/6856/6038
f 4282/6736/5935 4281/6711/5914 4326/6863/6045
f 4326/6863/6045 4281/6711/5914 4325/6709/5912
f 4326/6863/6045 4325/6709/5912 4370/6864/6046
f 4370/6864/6046 4325/6709/5912 4369/6707/5910
f 4370/6864/6046 4369/6707/5910 4414/6780/5972
f 4414/6780/5972 4369/6707/5910 4413/6705/5908
f 4329/6721/5922 4284/6719/5920 4328/6733/5932
f 4328/6733/5932 4284/6719/5920 4283/6735/5934
f 4334/6743/5941 4289/6614/5830 4333/6613/5829
f 4336/6859/6041 4291/6858/6040 4335/6742/5940
f 4335/6742/5940 4291/6858/6040 4290/6744/5942
f 4338/6624/5840 4294/6838/6021 4293/6622/5838
f 4341/6632/5846 4297/6634/5848 4296/6846/6028
f 4341/6632/5846 4296/6846/6028 4340/6847/6029
f 4344/6755/5951 4299/6748/5945 4343/6747/5944
f 4346/6648/5860 4301/6646/5858 4345/6754/5950
f 4345/6754/5950 4301/6646/5858 4300/6756/5952
f 4302/6647/5859 4347/6649/5861 4303/6860/6042
f 4303/6860/6042 4347/6649/5861 4348/6865/6047
f 4303/6860/6042 4348/6865/6047 4304/6830/6014
f 4304/6830/6014 4348/6865/6047 4349/6655/5866
f 4353/6766/5960 4309/6669/5878 4308/6861/6043
f 4308/6861/6043 4309/6669/5878 4264/6667/5876
f 4353/6766/5960 4308/6861/6043 4352/6862/6044
f 4358/6680/5887 4314/6682/5889 4313/6850/6032
f 4358/6680/5887 4313/6850/6032 4357/6851/6033
f 4361/6771/5964 4317/6773/5966 4316/6853/6035
f 4361/6771/5964 4316/6853/6035 4360/6854/6036
f 4364/6697/5902 4319/6695/5900 4363/6778/5970
f 4368/6706/5909 4324/6708/5911 4323/6856/6038
f 4368/6706/5909 4323/6856/6038 4367/6857/6039
f 4371/6784/5975 4327/6734/5933 4326/6863/6045
f 4326/6863/6045 4327/6734/5933 4282/6736/5935
f 4371/6784/5975 4326/6863/6045 4370/6864/6046
f 4374/6723/5924 4329/6721/5922 4373/6731/5930
f 4373/6731/5930 4329/6721/5922 4328/6733/5932
f 4379/6738/5936 4334/6743/5941 4378/6739/5937
f 4378/6739/5937 4334/6743/5941 4333/6613/5829
f 4381/6740/5938 4336/6859/6041 4380/6741/5939
f 4380/6741/5939 4336/6859/6041 4335/6742/5940
f 4385/6630/5844 4341/6632/5846 4340/6847/6029
f 4385/6630/5844 4340/6847/6029 4384/6628/5843
f 4389/6751/5947 4344/6755/5951 4388/6752/5948
f 4388/6752/5948 4344/6755/5951 4343/6747/5944
f 4391/6650/5862 4346/6648/5860 4390/6753/5949
f 4390/6753/5949 4346/6648/5860 4345/6754/5950
f 4393/6653/5864 4349/6655/5866 4348/6865/6047
f 4393/6653/5864 4348/6865/6047 4392/6651/5863
f 4392/6651/5863 4348/6865/6047 4347/6649/5861
f 4397/6764/5958 4353/6766/5960 4352/6862/6044
f 4397/6764/5958 4352/6862/6044 4396/6762/5957
f 4399/6673/5882 4354/6671/5880 4398/6765/5959
f 4402/6678/5885 4358/6680/5887 4357/6851/6033
f 4402/6678/5885 4357/6851/6033 4401/6676/5884
f 4405/6769/5962 4361/6771/5964 4360/6854/6036
f 4405/6769/5962 4360/6854/6036 4404/6767/5961
f 4409/6699/5904 4364/6697/5902 4408/6779/5971
f 4408/6779/5971 4364/6697/5902 4363/6778/5970
f 4412/6704/5907 4368/6706/5909 4367/6857/6039
f 4412/6704/5907 4367/6857/6039 4411/6702/5906
f 4415/6782/5973 4371/6784/5975 4370/6864/6046
f 4415/6782/5973 4370/6864/6046 4414/6780/5972
f 4419/6725/5926 4374/6723/5924 4418/6729/5928
f 4418/6729/5928 4374/6723/5924 4373/6731/5930
f 3687/6866/6048 3700/6867/6049 3560/6868/6050
f 3560/6868/6050 3700/6867/6049 3657/6869/6051
f 3560/6868/6050 3657/6869/6051 3656/6870/6052
f 3686/6871/6053 3705/6872/6054 3687/6866/6048
f 3687/6866/6048 3705/6872/6054 3701/6873/6055
f 3687/6866/6048 3701/6873/6055 3700/6867/6049
f 3705/6872/6054 3686/6871/6053 3682/6874/6056
f 3682/6874/6056 3686/6871/6053 3685/6875/6057
f 3682/6874/6056 3685/6875/6057 3684/6876/6058
f 3684/6876/6058 3683/6877/6059 3682/6874/6056
f 3704/6878/6060 3703/6879/6061 3705/6872/6054
f 3705/6872/6054 3703/6879/6061 3702/6880/6062
f 3705/6872/6054 3702/6880/6062 3701/6873/6055
f 3656/6870/6052 3561/6881/6063 3560/6868/6050
f 3561/6882/6064 3656/6883/6065 3562/6884/6066
f 3562/6884/6066 3656/6883/6065 3655/6885/6067
f 3758/6886/6068 3757/6887/6069 3759/6888/6070
f 3759/6888/6070 3757/6887/6069 3756/6889/6071
f 3759/6888/6070 3756/6889/6071 3755/6890/6072
f 3759/6888/6070 3755/6890/6072 3760/6891/6073
f 3760/6891/6073 3755/6890/6072 3754/6892/6074
f 3760/6891/6073 3754/6892/6074 3824/6893/6075
f 3824/6893/6075 3754/6892/6074 3825/6894/6076
f 3825/6894/6076 3754/6892/6074 3563/6895/6077
f 3825/6894/6076 3563/6895/6077 3654/6896/6078
f 3654/6896/6078 3563/6895/6077 3655/6897/6079
f 3655/6897/6079 3563/6895/6077 3562/6898/6080
f 3824/6893/6075 3823/6899/6081 3760/6891/6073
f 3760/6891/6073 3823/6899/6081 3822/6900/6082
f 3760/6891/6073 3822/6900/6082 3821/6901/6083
f 3682/6902/5213 3693/6903/5212 3705/6904/5240
f 3705/6904/5240 3693/6903/5212 3699/6905/5241
f 3659/6906/6084 3558/6907/6085 3660/6908/6086
f 3660/6908/6086 3558/6907/6085 3557/6909/6087
f 3527/6910/6088 3611/6911/6089 3528/6912/6090
f 3528/6912/6090 3611/6911/6089 3610/6913/6091
f 3528/6912/6090 3610/6913/6091 3681/6914/6092
f 3526/6915/6093 3616/6916/6094 3527/6910/6088
f 3527/6910/6088 3616/6916/6094 3612/6917/6095
f 3527/6910/6088 3612/6917/6095 3611/6911/6089
f 3616/6916/6094 3526/6915/6093 3522/6918/6096
f 3522/6918/6096 3526/6915/6093 3525/6919/6097
f 3522/6918/6096 3525/6919/6097 3524/6920/6098
f 3524/6920/6098 3523/6921/6099 3522/6918/6096
f 3615/6922/6100 3614/6923/6101 3616/6916/6094
f 3616/6916/6094 3614/6923/6101 3613/6924/6102
f 3616/6916/6094 3613/6924/6102 3612/6917/6095
f 3681/6914/6092 3536/6925/6103 3528/6912/6090
f 3536/6926/6104 3681/6927/6105 3537/6928/6106
f 3537/6928/6106 3681/6927/6105 3680/6929/6107
f 3932/6930/6108 3931/6931/6109 3933/6932/6110
f 3933/6932/6110 3931/6931/6109 3930/6933/6111
f 3933/6932/6110 3930/6933/6111 3929/6934/6112
f 3933/6932/6110 3929/6934/6112 4171/6935/6113
f 4171/6935/6113 3929/6934/6112 3928/6936/6114
f 4171/6935/6113 3928/6936/6114 4198/6937/6115
f 4198/6937/6115 3928/6936/6114 4199/6938/6116
f 4199/6938/6116 3928/6936/6114 3538/6939/6117
f 4199/6938/6116 3538/6939/6117 3679/6940/6118
f 3679/6940/6118 3538/6939/6117 3680/6941/6119
f 3680/6941/6119 3538/6939/6117 3537/6942/6120
f 4198/6937/6115 4197/6943/6121 4171/6935/6113
f 4171/6935/6113 4197/6943/6121 4196/6944/6122
f 4171/6935/6113 4196/6944/6122 4195/6945/6123
f 3522/6946/5037 3535/6947/5036 3616/6948/5132
f 3616/6948/5132 3535/6947/5036 3609/6949/5133
f 3830/6950/6124 3829/6951/6125 3831/6952/6126
f 3831/6952/6126 3829/6951/6125 3828/6953/6127
f 3831/6952/6126 3828/6953/6127 3827/6954/6128
f 3831/6952/6126 3827/6954/6128 3886/6955/6129
f 3886/6955/6129 3827/6954/6128 3826/6956/6130
f 3886/6955/6129 3826/6956/6130 3599/6957/6131
f 3599/6957/6131 3826/6956/6130 3618/6958/6132
f 3599/6957/6131 3618/6958/6132 3617/6959/6133
f 3617/6959/6133 3600/6960/6134 3599/6957/6131
f 3886/6955/6129 3885/6961/6135 3831/6952/6126
f 3831/6952/6126 3885/6961/6135 3874/6962/6136
f 3874/6962/6136 3885/6961/6135 3884/6963/6137
f 3874/6962/6136 3884/6963/6137 3883/6964/6138
f 3883/6964/6138 3882/6965/6139 3874/6962/6136
f 3602/6966/6140 3601/6967/6141 3617/6968/6142
f 3617/6968/6142 3601/6967/6141 3600/6969/6143
# 4419 vertices
# 6969 texture params
# 6143 normals
# 8790 facets

# 12 groups
